Gene_set,term,Overlap,P-value,Adjusted_P_value,Old P-value,Old Adjusted P-value,Odds Ratio,Combined Score,Genes,library,tag
Drug_Perturbations_from_GEO_up,quercetin DB04216 mouse GSE4262 sample 3427,29/360,8.613705212288622e-19,7.468082419054235e-16,0,0,10.600120095325664,440.92007480598346,CYFIP2;TAGLN;SPARC;TGFB1I1;TNC;ACTG2;MYLK;CNN1;PDLIM3;LGALS1;CSRP1;CALD1;MYH11;AOC3;PPP1R14A;TPM2;MCAM;TPM1;FN1;ASPN;ACTA2;PCP4;SMTN;DES;COL4A2;SPARCL1;FXYD6;VIM;MYL9,Drug_Perturbations_from_GEO_up,Myofibroblasts_UP→UPmatch
Drug_Perturbations_from_GEO_up,acrylamide 6579 rat GSE29004 sample 3109,29/388,6.5977699883246595e-18,2.86013328993874e-15,0,0,9.759321095520685,386.0767903087199,GPM6A;TAGLN;SEMA3C;FHL1;TNC;WFDC1;PLAT;SH3BGRL;PGRMC1;CSRP1;SH3BP5;GPM6B;SLC12A2;SBSPON;CKM;MYOC;TPM2;TPM1;FN1;DSTN;ACTA1;DYNC1LI2;NOV;SFRP5;ALDH1A1;PLP1;SPARCL1;FXYD6;DYNLRB1,Drug_Perturbations_from_GEO_up,Myofibroblasts_UP→UPmatch
Drug_Perturbations_from_GEO_up,etanercept DB00005 human GSE47751 sample 2594,25/315,3.671797647791736e-16,1.0424417552582207e-13,0,0,10.19853709508882,362.4629446239503,TAGLN;SPARC;SEMA3C;TGFB1I1;FHL1;LPL;CNN1;LGALS1;PLN;EFHD1;MYH11;SLC12A2;PPP1R14A;FGFBP2;MIA;SULF1;ASPN;MFAP4;AZGP1;FXYD1;SPARCL1;FXYD6;MYL9;CRYAB;SCRG1,Drug_Perturbations_from_GEO_up,Myofibroblasts_UP→UPmatch
Drug_Perturbations_from_GEO_up,formaldehyde 712 rat GSE7002 sample 3536,26/351,4.809419862783025e-16,1.0424417552582207e-13,0,0,9.504878048780489,335.2445103160987,TAGLN;LAMA4;TNC;WFDC1;LTBP1;LGALS1;MBP;FAM83D;AOC3;PPP1R14A;MIA;MME;PLLP;FN1;S100B;ASPN;ACTA2;MFAP4;AZGP1;RGCC;COL4A2;PLP1;SPARCL1;MAL;COL9A3;MYL9,Drug_Perturbations_from_GEO_up,Myofibroblasts_UP→UPmatch
Drug_Perturbations_from_GEO_up,dexamethasone DB01234 rat GSE15563 sample 2713,22/309,2.240100500454867e-13,3.8843342677887393e-11,0,0,8.907955865272939,259.4627919201644,TAGLN;SPARC;FHL1;TNC;ACTG2;ASPN;MFAP4;PLA2G16;LGALS1;ACTC1;CSRP1;COL4A2;NOV;STMN1;FXYD1;ANXA6;SPARCL1;COL9A3;VIM;MYL9;SCRG1;GPM6B,Drug_Perturbations_from_GEO_up,Myofibroblasts_UP→UPmatch
Drug_Perturbations_from_GEO_up,NICKEL 935 human GSE6281 sample 3479,21/282,3.397091203388589e-13,4.9087967888965096e-11,0,0,9.307148201047406,267.2146158091065,SLC12A2;PPP1R14A;MYOCD;FGFBP2;MYOC;FHL1;LMOD1;LPL;CNN1;MFAP4;PLA2G16;PCP4;DES;PLN;NOV;P2RX1;CASQ2;MYH11;FLNC;MYL9;CES1,Drug_Perturbations_from_GEO_up,Myofibroblasts_UP→UPmatch
Drug_Perturbations_from_GEO_up,doxorubicin DB00997 human GSE24460 sample 2533,21/304,1.4545148287564152e-12,1.80152050933116e-10,0,0,8.57396449704142,233.6949662608833,SPARC;SERPINE2;TPM2;MCAM;TGFB1I1;FHL1;FN1;LPL;PLAT;SEMA3E;LDHB;LGALS1;BAG2;COL4A2;NOV;PEG10;ANXA6;VIM;FLNC;MYL9;CRYAB,Drug_Perturbations_from_GEO_up,Myofibroblasts_UP→UPmatch
Drug_Perturbations_from_GEO_up,formaldehyde 712 rat GSE7002 sample 3548,19/247,2.710622162151991e-12,2.93763676823222e-10,0,0,9.54288499025341,254.16369990328337,MLIP;TGFB2;TAGLN;MIA;MME;S100B;ACTA2;AZGP1;RGCC;COL4A2;MPZ;PRX;PMP22;PLP1;SPARCL1;MAL;COL9A3;MBP;CRYAB,Drug_Perturbations_from_GEO_up,Myofibroblasts_UP→UPmatch
Drug_Perturbations_from_GEO_up,pioglitazone DB01132 rat GSE21329 sample 2843,23/400,5.2500966429643e-12,5.05759309938894e-10,0,0,7.099207420702362,184.38611439883144,SYNM;SPARC;CD151;CKM;SERPINE2;PGAM2;FHL1;LPL;S100B;LDHB;PLA2G16;DES;LGALS1;ACTC1;COL4A2;FXYD1;ALDH1A1;PMP22;VIM;DYNLRB1;MYL9;CRYAB;PDLIM7,Drug_Perturbations_from_GEO_up,Myofibroblasts_UP→UPmatch
Drug_Perturbations_from_GEO_up,dexamethasone DB01234 mouse GSE7683 sample 3524,22/370,8.15684532972872e-12,7.0719849008748e-10,0,0,7.323549534756431,186.98606502585105,CPM;TAGLN;SERPINE2;MIA;FHL1;DSTN;NEDD9;S100B;NCMAP;ACTG2;ASPN;ACTA2;SH3BGRL;RGCC;CSRP1;COL4A2;S100A6;PMP22;COL9A3;MYL9;CRYAB;SCRG1,Drug_Perturbations_from_GEO_up,Myofibroblasts_UP→UPmatch
Drug_Perturbations_from_GEO_up,ubiquinol 9962735 mouse GSE15129 sample 3455,20/331,5.7668318320393706e-11,4.545311998525577e-09,0,0,7.37620578778135,173.90373765257118,SPARC;CKM;PGAM2;NEXN;LPL;SORBS2;FBXO32;ACTA2;RCAN1;ACTA1;LDHB;PLA2G16;SMTN;DES;INPP5A;LGALS1;COL4A2;FXYD1;PMP22;FLNC,Drug_Perturbations_from_GEO_up,Myofibroblasts_UP→UPmatch
Drug_Perturbations_from_GEO_up,fluticasone 5311101 human GSE15823 sample 3090,20/351,1.6368958248760468e-10,1.1826572334729438e-08,0,0,6.9234050115514485,156.0054262511751,TAGLN;SPARC;MIA;TPM2;TPM1;LMOD1;DSTN;WFDC2;ACTG2;ACTA2;LDHB;AZGP1;DES;PLN;CSRP1;SCRN1;SPARCL1;MYH11;MYL9;CRYAB,Drug_Perturbations_from_GEO_up,Myofibroblasts_UP→UPmatch
Drug_Perturbations_from_GEO_up,medroxyprogesterone acetate DB00603 mouse GSE10392 sample 2779,19/318,2.1621506578839956e-10,1.4419881695272492e-08,0,0,7.250464511334076,161.35725716520272,SLC12A2;TGFB2;SPARC;SEMA3C;LAMA4;DSTN;LPL;LTBP1;WFDC2;ACTG2;ACTA2;CNN1;LGALS1;CSRP1;COL4A2;S100A6;PMP22;VIM;DYNLRB1,Drug_Perturbations_from_GEO_up,Myofibroblasts_UP→UPmatch
Drug_Perturbations_from_GEO_up,Colorectal Adenocarcinoma DB00482 human GSE11237 sample 2458,18/301,6.521632953949202e-10,4.038754122195685e-08,0,0,7.22093023255814,152.72791776928497,AOC3;TAGLN;TNFAIP6;LAMA4;FN1;SULF1;ACTG2;MYLK;CNN1;PLA2G16;PDLIM3;DES;ACTC1;PLN;PMP22;ITGA7;COL9A3;RAMP1,Drug_Perturbations_from_GEO_up,Myofibroblasts_UP→UPmatch
Drug_Perturbations_from_GEO_up,coenzyme Q10 5281915 mouse GSE15129 sample 3454,17/283,1.8594437631998574e-09,1.0747584951295177e-07,0,0,7.219957407970794,145.14272035297222,MLIP;MYOCD;SPARC;TPM1;PGAM2;NEXN;LPL;RCAN1;NR4A1;ACTA1;LDHB;PLA2G16;DES;INPP5A;COL4A2;SPARCL1;FLNC,Drug_Perturbations_from_GEO_up,Myofibroblasts_UP→UPmatch
Drug_Perturbations_from_GEO_up,decitabine 451668 mouse GSE4768 sample 3105,17/287,2.2998566150876674e-09,1.2462348033006297e-07,0,0,7.111539284949689,141.45149651953793,TAGLN;CD151;SERPINE2;TPM2;TPM1;FHL1;DSTN;ACTG2;CNN1;ACTA1;BAG2;CSRP1;CALD1;S100A6;FILIP1L;MYL9;CRYAB,Drug_Perturbations_from_GEO_up,Myofibroblasts_UP→UPmatch
Drug_Perturbations_from_GEO_up,etanercept DB00005 human GSE47751 sample 2593,18/362,1.1943743171587944e-08,6.091309017509851e-07,0,0,5.9219172525689565,108.0338815659062,AOC3;SLC12A2;PPP1R14A;EGR2;FGFBP2;MIA;SEMA3C;FAM13C;PGAM2;LPL;SULF1;ASPN;AZGP1;FGF7;PLN;FXYD1;EFHD1;PMP2,Drug_Perturbations_from_GEO_up,Myofibroblasts_UP→UPmatch
Drug_Perturbations_from_GEO_up,formaldehyde 712 rat GSE7002 sample 3541,18/367,1.4758812116635252e-08,7.108827836179312e-07,0,0,5.835576730858932,105.223767077359,TAGLN;EGR2;MIA;S100B;ASPN;NR4A2;ACTA2;NR4A1;MFAP4;AZGP1;RGCC;COL4A2;PLP1;SPARCL1;NEK1;COL9A3;MBP;FAM83D,Drug_Perturbations_from_GEO_up,Myofibroblasts_UP→UPmatch
Drug_Perturbations_from_GEO_up,angiotensin II 172198 mouse GSE29145 sample 3216,15/262,3.287391347534666e-08,1.5000885780592397e-06,0,0,6.78877964141122,116.97465414271346,SPARC;FN1;FBXO32;SULF1;ASPN;CNN1;ACTA1;MFAP4;DES;LGALS1;COL4A2;SPARCL1;FXYD6;VIM;MYL9,Drug_Perturbations_from_GEO_up,Myofibroblasts_UP→UPmatch
Drug_Perturbations_from_GEO_up,sevoflurane DB01236 human GSE4386 sample 2816,18/390,3.739808552646991e-08,1.6212070075724703e-06,0,0,5.468304576144036,93.5170108474825,C11ORF96;HHATL;EGR2;CKM;TNFAIP6;PGAM2;LPL;MYLK;NR4A2;ACTA2;RCAN1;PDLIM3;LGALS1;CASQ2;SPARCL1;FLNC;CRYAB;CDH19,Drug_Perturbations_from_GEO_up,Myofibroblasts_UP→UPmatch
Drug_Perturbations_from_GEO_up,irinotecan DB00762 rat GSE11722 sample 2767,16/311,5.017864668269264e-08,2.071661270185453e-06,0,0,6.082992402104033,102.24096702084326,EGR2;SPARC;CKM;MCAM;LMOD1;SORBS2;NR4A2;ACTA2;NR4A1;ACTA1;PCP4;SMTN;DES;CSRP1;COL4A2;VIM,Drug_Perturbations_from_GEO_up,Myofibroblasts_UP→UPmatch
Drug_Perturbations_from_GEO_up,troglitazone DB00197 rat GSE21329 sample 2834,13/198,5.672657282936279e-08,2.235542665593525e-06,0,0,7.7912658421133,129.9974503933654,CKM;FHL1;LPL;FBXO32;S100B;NR4A1;ACTA1;LDHB;PLA2G16;RGCC;MPZ;VIM;CRYAB,Drug_Perturbations_from_GEO_up,Myofibroblasts_UP→UPmatch
Drug_Perturbations_from_GEO_up,etanercept DB00005 human GSE11903 sample 2607,16/338,1.5702103682330495e-07,5.919010388078495e-06,0,0,5.565217391304348,87.18962670229799,NRN1;LPL;S100B;ACTG2;ASPN;ACTA1;MFAP4;PLA2G16;PCP4;AZGP1;PLN;PPP1R1A;BAG2;SCRN1;PLP1;MAL,Drug_Perturbations_from_GEO_up,Myofibroblasts_UP→UPmatch
Drug_Perturbations_from_GEO_up,BPDE 41322 human GSE19510 sample 3378,16/352,2.7167364468194065e-07,9.814210414135108e-06,0,0,5.329501915708812,80.57495049241388,TAGLN;SPARC;CD151;SERPINE2;DSTN;WFDC1;ACTG2;ACTA2;CNN1;SH3BGRL;PGRMC1;LGALS1;CSRP1;S100A6;DYNLRB1;MYL9,Drug_Perturbations_from_GEO_up,Myofibroblasts_UP→UPmatch
Drug_Perturbations_from_GEO_up,formaldehyde 712 rat GSE7002 sample 3543,15/313,3.325173619629641e-07,1.1531702112875594e-05,0,0,5.6122722914669225,83.71587360688154,MLIP;MYOC;MME;TNC;FN1;S100B;ACTG2;ASPN;RCAN1;MFAP4;LGALS1;PMP22;SPARCL1;COL9A3;MYH11,Drug_Perturbations_from_GEO_up,Myofibroblasts_UP→UPmatch
Drug_Perturbations_from_GEO_up,formaldehyde 712 rat GSE7002 sample 3545,15/318,4.068855244425765e-07,1.3505247131585345e-05,0,0,5.518246110325318,81.19952342706075,GPM6A;CPM;NRN1;AIF1L;NR4A2;ACTA1;SFRP5;MPZ;PLP1;CNTN4;FAM83D;FILIP1L;CRYAB;GPM6B;BCAS1,Drug_Perturbations_from_GEO_up,Myofibroblasts_UP→UPmatch
Drug_Perturbations_from_GEO_up,"cytarabine, 2xEC50, 5 d 6253 human GSE6930 sample 3424",14/276,4.205786303953913e-07,1.3505247131585345e-05,0,0,5.934941013185288,87.13463403668209,TAGLN;SPARC;SERPINE2;TNFAIP6;TPM2;TPM1;FN1;DSTN;LDHB;CSRP1;COL4A2;VIM;FLNC;CES1,Drug_Perturbations_from_GEO_up,Myofibroblasts_UP→UPmatch
Drug_Perturbations_from_GEO_up,propofol DB00818 human GSE4386 sample 2804,15/323,4.959579830339357e-07,1.535698468894365e-05,0,0,5.427272727272728,78.7864950125873,C11ORF96;EGR2;SPARC;TNFAIP6;FN1;ASPN;NR4A2;NR4A1;ACTA1;LDHB;SPARCL1;FLNC;FILIP1L;CRYAB;CDH19,Drug_Perturbations_from_GEO_up,Myofibroblasts_UP→UPmatch
Drug_Perturbations_from_GEO_up,Phosgene 6371 mouse GSE2565 sample 3611,13/243,6.048596095768349e-07,1.808321660355572e-05,0,0,6.252517808892164,89.52523476696722,SLC12A2;TAGLN;DSTN;WFDC2;ACTA2;RCAN1;NR4A1;CNN1;PGRMC1;RGCC;ACTC1;ALDH1A1;S100A6,Drug_Perturbations_from_GEO_up,Myofibroblasts_UP→UPmatch
Drug_Perturbations_from_GEO_up,dexamethasone DB01234 human GSE34313 sample 3169,14/286,6.449700859337594e-07,1.8639635483485643e-05,0,0,5.713820187165775,81.44514663117886,AOC3;CPM;PPP1R14A;WFDC1;SORBS2;FBXO32;DES;RGCC;SPARCL1;EFHD1;MYH11;CRYAB;RAMP1;GPM6B,Drug_Perturbations_from_GEO_up,Myofibroblasts_UP→UPmatch
Drug_Perturbations_from_GEO_up,PLX4032 DB05238 human GSE24862 sample 2567,12/207,7.107417503343453e-07,1.987784185612508e-05,0,0,6.78133102852204,96.0030096948652,SHC4;CPM;MLIP;SEMA3C;PLP1;FXYD6;LPIN1;SULF1;CRYAB;SOX4;CDH7;AIF1L,Drug_Perturbations_from_GEO_up,Myofibroblasts_UP→UPmatch
Drug_Perturbations_from_GEO_up,decitabine 451668 mouse GSE4768 sample 3103,13/251,8.718827506353585e-07,2.3622573275026745e-05,0,0,6.03988035892323,84.27210042405609,TAGLN;SERPINE2;TNC;FN1;DSTN;ACTG2;ACTA2;FGF7;LGALS1;CSRP1;COL4A2;S100A6;FILIP1L,Drug_Perturbations_from_GEO_up,Myofibroblasts_UP→UPmatch
Drug_Perturbations_from_GEO_up,titanium dioxide NA mouse GSE7475 sample 2824,15/339,9.116617728129798e-07,2.395184112208647e-05,0,0,5.155026455026455,71.69609133114953,TAGLN;CD151;TPM2;ACTG2;CNN1;PGRMC1;RGCC;LGALS1;CSRP1;PRX;S100A6;PMP22;SPARCL1;VIM;MYL9,Drug_Perturbations_from_GEO_up,Myofibroblasts_UP→UPmatch
Drug_Perturbations_from_GEO_up,resveratrol DB02709 mouse GSE11291 sample 3503,14/297,1.0111657645261433e-06,2.578472699541665e-05,0,0,5.488636363636363,75.76736842963909,MLIP;FHL1;NEXN;DSTN;ACTA2;ACTA1;RGCC;LGALS1;PLN;CASQ2;SPARCL1;VIM;DYNLRB1;MYL9,Drug_Perturbations_from_GEO_up,Myofibroblasts_UP→UPmatch
Drug_Perturbations_from_GEO_up,isoflurane 3763 rat GSE6433 sample 3654,14/316,2.09861337663501e-06,5.198565135835868e-05,0,0,5.13832028898254,67.17960042834206,SPARC;CD151;PLLP;MT3;LDHB;PCP4;PGRMC1;STMN1;FXYD1;ALDH1A1;PLP1;SPARCL1;MAL;MBP,Drug_Perturbations_from_GEO_up,Myofibroblasts_UP→UPmatch
Drug_Perturbations_from_GEO_up,fluoxetine 62857 mouse GSE6476 sample 2618,13/274,2.315999157240081e-06,5.5776979703531946e-05,0,0,5.501158083858259,71.38120840500602,SPARC;NRN1;FAM13C;DSTN;PCP4;LGALS1;S100A6;ITGB8;VIM;DYNLRB1;HAGH;SCRG1;SNCA,Drug_Perturbations_from_GEO_up,Myofibroblasts_UP→UPmatch
Drug_Perturbations_from_GEO_up,PLX4032 DB05238 human GSE50649 sample 2558,13/277,2.6112581209930826e-06,5.962618961323076e-05,0,0,5.437810306454375,69.9067405765382,CYFIP2;SHC4;FGFBP2;SEMA3C;ARHGAP24;RERG;CDH7;AIF1L;TSPAN15;NOV;MPZ;CRYAB;SOX4,Drug_Perturbations_from_GEO_up,Myofibroblasts_UP→UPmatch
Drug_Perturbations_from_GEO_up,metoprolol DB00264 human GSE3356 sample 2786,17/469,2.61337393921888e-06,5.962618961323076e-05,0,0,4.208476136886797,54.09940721743335,TAGLN;SPARC;SERPINE2;TNFAIP6;SEMA3C;TGFB1I1;TPM1;FN1;DSTN;PLAT;SULF1;LTBP1;LDHB;SH3BGRL;PGRMC1;RAP1A;COL4A2,Drug_Perturbations_from_GEO_up,Myofibroblasts_UP→UPmatch
Drug_Perturbations_from_GEO_up,irinotecan DB00762 rat GSE11722 sample 2768,15/379,3.60935893809492e-06,8.023882562380244e-05,0,0,4.579120879120879,57.38545301874609,TNC;FN1;LPL;SORBS2;S100B;LTBP1;ASPN;NR4A1;MFAP4;RGCC;LGALS1;SH3BP5;SPARCL1;VIM;CRYAB,Drug_Perturbations_from_GEO_up,Myofibroblasts_UP→UPmatch
Drug_Perturbations_from_GEO_up,cisplatin DB00515 human GSE47856 sample 3150,16/431,3.848182731552333e-06,8.340936070639683e-05,0,0,4.297465724968841,53.58041390534309,CYFIP2;CPM;EGR2;TNFAIP6;FN1;SEMA3E;HSD17B6;S100B;LTBP1;ARHGAP24;ACTA2;PDLIM3;ALDH1A1;ITGA8;ITGA7;CRYAB,Drug_Perturbations_from_GEO_up,Myofibroblasts_UP→UPmatch
Drug_Perturbations_from_GEO_up,resveratrol DB02709 human GSE25412 sample 3500,12/250,5.083952353811566e-06,0.00010750699245742994,0,0,5.543952412425645,67.57757315495832,RCAN1;NR4A1;PTPRE;CPM;SERPINE2;MCAM;SEMA3B;NEDD9;ITGA6;SERPINB9;FBXO32;LPIN1,Drug_Perturbations_from_GEO_up,Myofibroblasts_UP→UPmatch
Drug_Perturbations_from_GEO_up,PLX4032 DB05238 human GSE24862 sample 2569,12/252,5.514624421293396e-06,0.00011383760412527082,0,0,5.497191011235955,66.56057701232314,SOX2;SHC4;CPM;PLA2G16;MLIP;SEMA3C;ALDH1B1;ITGA8;LPIN1;CRYAB;SOX4;AIF1L,Drug_Perturbations_from_GEO_up,Myofibroblasts_UP→UPmatch
Drug_Perturbations_from_GEO_up,etanercept DB00005 human GSE11903 sample 2610,12/253,5.74174891337491e-06,0.00011576968157897782,0,0,5.474101356706607,66.06006861187284,MLIP;PCP4;SPARC;NRN1;TGFB1I1;PLP1;EFHD1;S100B;CTNNAL1;ASPN;CDH19;MYLK,Drug_Perturbations_from_GEO_up,Myofibroblasts_UP→UPmatch
Drug_Perturbations_from_GEO_up,menadione DB00170 mouse GSE23725 sample 2780,14/348,6.3893818601795625e-06,0.00012589986529035638,0,0,4.638405008165488,55.47937336322468,SPARC;SEMA3C;DSTN;LPL;MFAP4;LDHB;SH3BGRL;PGRMC1;FXYD1;PMP22;SPARCL1;VIM;HADH;MYL9,Drug_Perturbations_from_GEO_up,Myofibroblasts_UP→UPmatch
Drug_Perturbations_from_GEO_up,Capsaicin 1548943 rat GSE59727 sample 3693,12/257,6.734625491374589e-06,0.00012975378446715042,0,0,5.38362760834671,64.10957461628696,MYOC;MME;FXYD1;ALDH1A1;SH3BP5;EFHD1;PLAT;S100B;MYL9;SCRG1;RAMP1;MYLK,Drug_Perturbations_from_GEO_up,Myofibroblasts_UP→UPmatch
Drug_Perturbations_from_GEO_up,methylprednisolone 6741 rat GSE490 sample 3671,10/175,6.962989851824652e-06,0.00013123722177243422,0,0,6.614478114478114,78.54627674112922,NR4A1;ACTA1;PDLIM3;DES;ACTC1;PPP1R1A;MYOC;CKM;CASQ2;CRYAB,Drug_Perturbations_from_GEO_up,Myofibroblasts_UP→UPmatch
Drug_Perturbations_from_GEO_up,isoflurane DB00753 rat GSE1779 sample 2770,14/353,7.514723826079856e-06,0.00013862267143002627,0,0,4.5688187181550015,53.90587599636723,CYFIP2;GPM6A;SPARC;NRN1;SERPINE2;ARPP21;DSTN;PLAT;S100B;MT3;LDHB;MAL;VIM;SNCA,Drug_Perturbations_from_GEO_up,Myofibroblasts_UP→UPmatch
Drug_Perturbations_from_GEO_up,"2,3,7,8-tetrachlorodibenzo-p-dioxin 10852289 mouse GSE2812 sample 3601",15/405,8.021500561511735e-06,0.0001448883538923057,0,0,4.268131868131868,50.079634657894346,SLC12A2;TAGLN;TPM2;MCAM;FHL1;LPP;MT3;WFDC2;SH3BGRL;LGALS1;FXYD1;S100A6;ANXA6;HADH;RAMP1,Drug_Perturbations_from_GEO_up,Myofibroblasts_UP→UPmatch
Drug_Perturbations_from_GEO_up,azathioprine DB00993 human GSE38713 sample 3194,14/361,9.683252982151836e-06,0.0001713342925617478,0,0,4.461651820801677,51.51027292644165,AOC3;MYOCD;SPARC;TNFAIP6;MME;LPL;PLAT;SULF1;ASPN;KLK6;NR4A2;PLA2G16;CRYAB;GPM6B,Drug_Perturbations_from_GEO_up,Myofibroblasts_UP→UPmatch
Drug_Perturbations_from_GEO_up,formaldehyde 712 rat GSE7002 sample 3539,11/224,1.0237317175599448e-05,0.00017751507982489444,0,0,5.6539197943714425,64.96054732858994,CPM;PCP4;TAGLN;PLLP;MPZ;PLP1;MAL;MBP;S100B;CRYAB;KLK6,Drug_Perturbations_from_GEO_up,Myofibroblasts_UP→UPmatch
Drug_Perturbations_from_GEO_up,amoxicillin DB01060 rat GSE2354 sample 2676,11/230,1.3120581477387816e-05,0.0002230498851155929,0,0,5.497334251677253,61.79733995281596,SYNM;DES;MME;CALD1;TPM2;FN1;SPARCL1;MYH11;HADH;ACTG2;MYLK,Drug_Perturbations_from_GEO_up,Myofibroblasts_UP→UPmatch
Drug_Perturbations_from_GEO_up,pyrazinamide 1046 mouse GSE48027 sample 3326,12/278,1.4834457518759378e-05,0.0002468406338581869,0,0,4.953282081608515,55.07335348343122,SOX2;ACTA2;CNN1;TAGLN;ACTC1;PLN;TPM2;ALDH1A1;ITGA8;MYH11;MYL9;ACTG2,Drug_Perturbations_from_GEO_up,Myofibroblasts_UP→UPmatch
Drug_Perturbations_from_GEO_up,Rosiglitazone DB00412 mouse GSE11343 sample 3255,13/326,1.512989208507174e-05,0.0002468406338581869,0,0,4.575025721557372,50.77747007376825,SLC12A2;EGR2;SERPINE2;SEMA3C;FN1;ASPN;DYNC1LI2;NOV;SFRP5;CASQ2;EFHD1;ITGB8;FXYD6,Drug_Perturbations_from_GEO_up,Myofibroblasts_UP→UPmatch
Drug_Perturbations_from_GEO_up,methotrexate DB00563 human GSE41831 sample 2601,12/279,1.5374157126115445e-05,0.0002468406338581869,0,0,4.934477969953289,54.68794380097356,PPP1R14A;CD151;TGFB1I1;TPM1;FHL1;S100B;MYL9;LTBP1;SCRG1;CTNNAL1;CES1;SNCA,Drug_Perturbations_from_GEO_up,Myofibroblasts_UP→UPmatch
Drug_Perturbations_from_GEO_up,soman 7305 rat GSE13428 sample 2635,16/483,1.597171896134158e-05,0.0002517723698087845,0,0,3.8087080656673806,42.066003559777535,TAGLN;EGR2;ARPP21;TNC;FN1;NEDD9;PLAT;NR4A2;RCAN1;NR4A1;LGALS1;S100A6;VWA1;VIM;FLNC;CRYAB,Drug_Perturbations_from_GEO_up,Myofibroblasts_UP→UPmatch
Drug_Perturbations_from_GEO_up,ethanol 702 human GSE44456 sample 3037,12/282,1.7097575150785775e-05,0.00026470710099520123,0,0,4.878901373283396,53.55362151641237,CNN1;MFAP4;TAGLN;DES;PLN;TPM2;ITGA8;LMOD1;NEXN;LPL;MYH11;ACTG2,Drug_Perturbations_from_GEO_up,Myofibroblasts_UP→UPmatch
Drug_Perturbations_from_GEO_up,tibolone 444008 human GSE12446 sample 3204,12/287,2.034622719023992e-05,0.0003094768241041756,0,0,4.788968335035751,51.73338145466694,CPM;SH3BGRL;PGRMC1;SPARC;MME;COL4A2;ALDH1A1;FN1;SPARCL1;WFDC1;VIM;WFDC2,Drug_Perturbations_from_GEO_up,Myofibroblasts_UP→UPmatch
Drug_Perturbations_from_GEO_up,resveratrol DB02709 human GSE41168 sample 3494,13/336,2.0786688092669696e-05,0.00031072514786801084,0,0,4.431110178237218,47.77267517970757,PPP1R14A;EGR2;SPARC;TNFAIP6;SEMA3B;TNC;LTBP1;ASPN;RERG;CNN1;MFAP4;NOV;PLP1,Drug_Perturbations_from_GEO_up,Myofibroblasts_UP→UPmatch
Drug_Perturbations_from_GEO_up,PLX4032 DB05238 human GSE50649 sample 2557,11/245,2.3598758516112117e-05,0.000346781756499478,0,0,5.141001766700091,54.773859705623146,SHC4;CPM;FGFBP2;NOV;MPZ;MBP;FBXO32;SCRG1;ARHGAP24;SOX4;CDH7,Drug_Perturbations_from_GEO_up,Myofibroblasts_UP→UPmatch
Drug_Perturbations_from_GEO_up,soman 7305 rat GSE13428 sample 2637,15/445,2.424438843018962e-05,0.00035033141281624,0,0,3.86312292358804,41.05466426215966,TAGLN;NUBPL;TNC;FN1;AURKB;KLK6;ACTA2;MFAP4;LGALS1;S100A6;VWA1;VIM;FLNC;MYL9;PDLIM7,Drug_Perturbations_from_GEO_up,Myofibroblasts_UP→UPmatch
Drug_Perturbations_from_GEO_up,morphine DB00295 mouse GSE50382 sample 3304,12/294,2.579320904367113e-05,0.0003606889071106914,0,0,4.668419794405929,49.323719302829815,ACTA2;PPP1R14A;NRN1;CSRP1;PLLP;PLP1;NEXN;ITGA7;FILIP1;MYH11;MBP;SERPINB9,Drug_Perturbations_from_GEO_up,Myofibroblasts_UP→UPmatch
Drug_Perturbations_from_GEO_up,Methylphenidate DB00422 mouse GSE33619 sample 2499,12/294,2.579320904367113e-05,0.0003606889071106914,0,0,4.668419794405929,49.323719302829815,ACTA2;NR4A1;CNN1;TAGLN;PLN;NOV;TPM2;ITGA8;MYH11;VIM;MYL9;MYLK,Drug_Perturbations_from_GEO_up,Myofibroblasts_UP→UPmatch
Drug_Perturbations_from_GEO_up,phorbol ester 12-O-tetradecanoylphorbol-13-acetate (TPA) 27924 mouse GSE40849 sample 3256,12/296,2.75657880295988e-05,0.00037935774955019305,0,0,4.63506884000633,48.66328701999354,MFAP4;TGFB2;SPARC;ACTC1;NOV;SEMA3B;CASQ2;FN1;EFHD1;FBXO32;ASPN;AIF1L,Drug_Perturbations_from_GEO_up,Myofibroblasts_UP→UPmatch
Drug_Perturbations_from_GEO_up,Retinoic acid 444795 mouse GSE1588 sample 3632,11/250,2.8418587846443423e-05,0.0003800282745583068,0,0,5.03216381103761,52.67904142474296,CD151;INPP5A;CSRP1;TGFB1I1;TPM1;STMN1;PMP22;OTUD7B;PLAT;LPP;SOX4,Drug_Perturbations_from_GEO_up,Myofibroblasts_UP→UPmatch
Drug_Perturbations_from_GEO_up,angiotensin II 172198 mouse GSE29145 sample 3217,12/297,2.849116245246821e-05,0.0003800282745583068,0,0,4.618568894145476,48.33755689518864,RCAN1;ACTA1;MFAP4;TGFB2;PDLIM3;SH3BGRL;SPARC;COL4A2;S100A6;SPARCL1;VIM;ASPN,Drug_Perturbations_from_GEO_up,Myofibroblasts_UP→UPmatch
Drug_Perturbations_from_GEO_up,soman 7305 rat GSE13428 sample 2636,14/399,2.9441481546491025e-05,0.0003867540075879957,0,0,4.013429752066116,41.8725377904702,EGR2;ARPP21;TNFAIP6;FN1;WFDC1;NEDD9;PLAT;UACA;NR4A2;RCAN1;NR4A1;COL4A2;VWA1;CRYAB,Drug_Perturbations_from_GEO_up,Myofibroblasts_UP→UPmatch
Drug_Perturbations_from_GEO_up,BPDE 41322 human GSE19510 sample 3379,12/300,3.1431381435047967e-05,0.0004067314582714416,0,0,4.569756554307116,47.37788218920293,FGF7;SH3BGRL;RGCC;SPARC;LGALS1;SERPINE2;CALD1;NEXN;DSTN;WFDC1;DYNLRB1;MYLK,Drug_Perturbations_from_GEO_up,Myofibroblasts_UP→UPmatch
Drug_Perturbations_from_GEO_up,aminolevulinic acid DB00855 human GSE8920 sample 2575,12/304,3.575987435303033e-05,0.0004559383980011367,0,0,4.506233646298291,46.137902881144846,GPM6A;NR4A1;SH3BGRL;NRN1;SERPINE2;BAG2;KCNK12;TGFB1I1;VIM;CRYAB;GYG1;CDH7,Drug_Perturbations_from_GEO_up,Myofibroblasts_UP→UPmatch
Drug_Perturbations_from_GEO_up,"cytarabine, EC50, 5 d 6253 human GSE6930 sample 3375",8/132,3.862144404903131e-05,0.00048528684044217606,0,0,6.97837646224743,70.91218826699793,LDHB;SPARC;SERPINE2;TNFAIP6;CSRP1;TPM1;FN1;CES1,Drug_Perturbations_from_GEO_up,Myofibroblasts_UP→UPmatch
Drug_Perturbations_from_GEO_up,estradiol 5757 human GSE12446 sample 3203,12/307,3.933738428740556e-05,0.0004872216025311517,0,0,4.459721957722339,45.23645488148753,CPM;LDHB;PGRMC1;SPARC;LGALS1;COL4A2;TNC;FN1;SPARCL1;WFDC1;ITGA6;VIM,Drug_Perturbations_from_GEO_up,Myofibroblasts_UP→UPmatch
Drug_Perturbations_from_GEO_up,dexamethasone DB01234 mouse GSE484 sample 2711,13/358,4.012834990348927e-05,0.0004888551559662173,0,0,4.143863096700238,41.95009760163793,LAMA4;DSTN;LPL;PLAT;LPP;RGCC;INPP5A;COL4A2;ALDH1A1;S100A6;PMP22;SPARCL1;LPIN1,Drug_Perturbations_from_GEO_up,Myofibroblasts_UP→UPmatch
Drug_Perturbations_from_GEO_up,isotretinoin DB00982 human GSE10432 sample 2772,12/308,4.0596967969512855e-05,0.0004888551559662173,0,0,4.444427573641057,44.94123907085028,SLC12A2;ACTA2;PLA2G16;TAGLN;ACTC1;LAMA4;SULF1;MYL9;WFDC2;SOX4;MYLK;BCAS1,Drug_Perturbations_from_GEO_up,Myofibroblasts_UP→UPmatch
Drug_Perturbations_from_GEO_up,Chlorpyrifos 2730 human GSE5023 sample 3571,13/359,4.129435886766835e-05,0.0004904412210721706,0,0,4.131674341138434,41.70836274452534,SYNM;SERPINE2;RNF13;DSTN;LDHB;DYNC1LI2;SH3BGRL;PGRMC1;LGALS1;SCRN1;SPARCL1;CRYAB;SCRG1,Drug_Perturbations_from_GEO_up,Myofibroblasts_UP→UPmatch
Drug_Perturbations_from_GEO_up,PBDE 47 95170 rat GSE19868 sample 3393,12/311,4.458801468359803e-05,0.0005224028206848579,0,0,4.399158242831912,44.07096728054698,ACTA1;SH3BGRL;CKM;CALD1;TPM1;ALDH1A1;LPL;HSD17B6;HAGH;OXR1;ARHGAP24;WFDC2,Drug_Perturbations_from_GEO_up,Myofibroblasts_UP→UPmatch
Drug_Perturbations_from_GEO_up,soman 7305 rat GSE13428 sample 2632,15/476,5.234525369371e-05,0.0006051111326992876,0,0,3.5975828943290984,35.46371046268496,SHC4;EGR2;ARPP21;TNFAIP6;TNC;FN1;NEDD9;PLAT;NR4A2;RCAN1;NR4A1;S100A6;VIM;FLNC;CRYAB,Drug_Perturbations_from_GEO_up,Myofibroblasts_UP→UPmatch
Drug_Perturbations_from_GEO_up,methylprednisolone 6741 rat GSE490 sample 3670,11/270,5.719273019949865e-05,0.0006524486458284911,0,0,4.638834365091348,45.31716147094647,ACTA1;PDLIM3;DES;CKM;ALDH1A1;PMP22;LPL;FLNC;DYNLRB1;CRYAB;GYG1,Drug_Perturbations_from_GEO_up,Myofibroblasts_UP→UPmatch
Drug_Perturbations_from_GEO_up,Rosiglitazone effect on PRDM16-deficient inguinal white adipose tissue 77999 mouse GSE35011 sample 3099,11/271,5.91259583211768e-05,0.0006657429333046791,0,0,4.620756338633433,44.98694671566017,ACTA2;CNN1;ACTA1;TAGLN;PGRMC1;SERPINE2;TPM2;TPM1;DSTN;VIM;MYL9,Drug_Perturbations_from_GEO_up,Myofibroblasts_UP→UPmatch
Drug_Perturbations_from_GEO_up,methylprednisolone 6741 rat GSE490 sample 3661,11/277,7.194556513568595e-05,0.0007997026278543553,0,0,4.515142605116142,43.07265784837163,NR4A1;RGCC;SPARC;SERPINE2;PPP1R1A;MPZ;TPM1;PRX;ALDH1A1;PMP22;GYG1,Drug_Perturbations_from_GEO_up,Myofibroblasts_UP→UPmatch
Drug_Perturbations_from_GEO_up,methylprednisolone 6741 rat GSE490 sample 3660,11/278,7.429846920907925e-05,0.0008154021873958444,0,0,4.498001799426694,42.764393209299215,AOC3;ACTA2;NR4A1;RGCC;PGAM2;ALDH1A1;PMP22;SPARCL1;DYNLRB1;MYL9;GYG1,Drug_Perturbations_from_GEO_up,Myofibroblasts_UP→UPmatch
Drug_Perturbations_from_GEO_up,bleomycin DB00290 mouse GSE2640 sample 2851,12/329,7.644611573951094e-05,0.0008284847793269499,0,0,4.145535745932726,39.295220077187565,SPARC;LGALS1;SERPINE2;COL4A2;CALD1;MCAM;S100A6;TNC;FN1;SPARCL1;LPL;VIM,Drug_Perturbations_from_GEO_up,Myofibroblasts_UP→UPmatch
Drug_Perturbations_from_GEO_up,phenytoin 1775 rat GSE2880 sample 3034,14/437,7.846448545392702e-05,0.000839860603562404,0,0,3.645739307973351,34.462679498840906,CYFIP2;GPM6A;DUSP3;NRN1;ARPP21;OXR1;LDHB;SH3BGRL;PGRMC1;PLP1;MAL;MBP;SNCA;BCAS1,Drug_Perturbations_from_GEO_up,Myofibroblasts_UP→UPmatch
Drug_Perturbations_from_GEO_up,laminin 44342165 human GSE24716 sample 3502,12/332,8.332231942935399e-05,0.0008809811090884135,0,0,4.106039325842697,38.5671819720156,TAGLN;LGALS1;TGFB1I1;S100A6;PMP22;TNC;ITGA8;LPL;ITGA7;COL9A3;ITGA6;ACTG2,Drug_Perturbations_from_GEO_up,Myofibroblasts_UP→UPmatch
Drug_Perturbations_from_GEO_up,ubiquinol 9962735 mouse GSE15129 sample 3457,12/333,8.572983241955621e-05,0.0008955152374428341,0,0,4.093037908222199,38.328474545593856,LDHB;FYCO1;PLA2G16;MYOCD;LGALS1;ACTC1;PLN;CASQ2;NEXN;DSTN;HADH;SNCA,Drug_Perturbations_from_GEO_up,Myofibroblasts_UP→UPmatch
Drug_Perturbations_from_GEO_up,cisplatin DB00515 human GSE47856 sample 3160,13/387,8.845155062655023e-05,0.0009129463618240362,0,0,3.816852472884377,35.62289637086902,CPM;TGFB2;TNFAIP6;FAM13C;SEMA3B;PLAT;FBXO32;UACA;RGCC;CALD1;PEG10;VIM;CRYAB,Drug_Perturbations_from_GEO_up,Myofibroblasts_UP→UPmatch
Drug_Perturbations_from_GEO_up,DAPT 5311272 rat GSE31668 sample 2648,11/285,9.269250932845436e-05,0.0009454635951502344,0,0,4.381519389960445,40.68776567032542,GPM6A;PTPRE;FGF7;RGCC;SGCA;SEMA3B;MAP3K7CL;LPL;ITGA7;SOX4;RERG,Drug_Perturbations_from_GEO_up,Myofibroblasts_UP→UPmatch
Drug_Perturbations_from_GEO_up,cisplatin DB00515 human GSE47856 sample 3146,13/392,0.00010056303845505498,0.0010138157481457,0,0,3.765529269710657,34.66066433970954,SLC12A2;SPARC;MCAM;SEMA3B;NEDD9;PLAT;SERPINB9;FBXO32;UACA;KLK6;NR4A2;PEG10;VIM,Drug_Perturbations_from_GEO_up,Myofibroblasts_UP→UPmatch
Drug_Perturbations_from_GEO_up,methylprednisolone 6741 rat GSE490 sample 3669,10/241,0.00010718082325514191,0.0010681123420943,0,0,4.7087542087542085,43.04269026331964,ACTA1;PDLIM3;DES;CKM;TPM1;PRX;ALDH1A1;PMP22;FLNC;GYG1,Drug_Perturbations_from_GEO_up,Myofibroblasts_UP→UPmatch
Drug_Perturbations_from_GEO_up,coenzyme Q10 5281915 mouse GSE15129 sample 3456,13/396,0.00011126089272133784,0.0010961726589704,0,0,3.72543552979009,33.91499682104564,SPARC;PGAM2;DSTN;FBXO32;ACTA1;LDHB;PLA2G16;LGALS1;COL4A2;CASQ2;SPARCL1;ITGA6;VIM,Drug_Perturbations_from_GEO_up,Myofibroblasts_UP→UPmatch
Drug_Perturbations_from_GEO_up,Hydrogen Peroxide 784 mouse GSE3078 sample 3599,9/199,0.00012436700813299234,0.0012115302927112,0,0,5.134632160511777,46.17201732931287,NR4A1;ACTA1;TAGLN;LGALS1;ACTC1;S100A6;DSTN;CRYAB;ACTG2,Drug_Perturbations_from_GEO_up,Myofibroblasts_UP→UPmatch
Drug_Perturbations_from_GEO_up,levetiracetam 5284583 rat GSE2880 sample 2669,9/201,0.00013413989597661018,0.0012922143312413,0,0,5.080628453038674,45.302070379628944,GPM6A;LDHB;SERPINE2;STMN1;PLP1;SPARCL1;MBP;GPM6B;BCAS1,Drug_Perturbations_from_GEO_up,Myofibroblasts_UP→UPmatch
Drug_Perturbations_from_GEO_up,rosiglitazone DB00412 mouse GSE11343 sample 2815,12/352,0.0001443051765938595,0.0013717466486631,0,0,3.860541969596828,34.1410125969326,NR4A1;ACTA1;PLA2G16;TAGLN;LGALS1;TPM2;TPM1;PGAM2;FN1;LPL;PMP2;MYL9,Drug_Perturbations_from_GEO_up,Myofibroblasts_UP→UPmatch
Drug_Perturbations_from_GEO_up,Perfluorooctanoic Acid 9554 mouse GSE13044 sample 3523,11/300,0.00014556019801269365,0.0013717466486631,0,0,4.150915311901954,36.673008131395264,SOX2;ACTC1;PLN;PGAM2;ALDH1A1;S100A6;CASQ2;WFDC1;MYL9;ACTG2;SNCA,Drug_Perturbations_from_GEO_up,Myofibroblasts_UP→UPmatch
Drug_Perturbations_from_GEO_up,titanium dioxide NA mouse GSE7475 sample 2823,11/301,0.0001498499070378278,0.00139698784303,0,0,4.136389905605856,36.42453818714825,SLC12A2;SYNM;RGCC;SERPINE2;CSRP1;COL4A2;SEMA3C;ALDH1A1;FN1;ITGA8;DSTN,Drug_Perturbations_from_GEO_up,Myofibroblasts_UP→UPmatch
Drug_Perturbations_from_GEO_up,isoflurane 3763 rat GSE6433 sample 3653,11/310,0.0001935423664445593,0.0017851194862492,0,0,4.010033444816053,34.285842580568456,LDHB;PCP4;SPARC;LGALS1;REEP2;ALDH1A1;SPARCL1;MAL;PLAT;MBP;OXR1,Drug_Perturbations_from_GEO_up,Myofibroblasts_UP→UPmatch
Drug_Perturbations_from_GEO_up,Phosgene 6371 mouse GSE2565 sample 3610,10/261,0.00020509146932546103,0.0018717295147913,0,0,4.32912793271359,36.76319028366894,ACTA2;NR4A1;LDHB;TAGLN;EGR2;RGCC;DUSP3;CALD1;ALDH1A1;SPARCL1,Drug_Perturbations_from_GEO_up,Myofibroblasts_UP→UPmatch
Drug_Perturbations_from_GEO_up,cisplatin DB00515 human GSE47856 sample 3144,13/423,0.000212700571611066,0.0019209520373624,0,0,3.475265261127188,29.385540339197075,CYFIP2;SHC4;CPM;SERPINE2;MAP3K7CL;NEDD9;PLAT;HSD17B6;FBXO32;AIF1L;MYLK;TSPAN15;FILIP1L,Drug_Perturbations_from_GEO_up,Myofibroblasts_UP→UPmatch
Drug_Perturbations_from_GEO_up,phenytoin 1775 rat GSE2880 sample 2670,9/218,0.0002462325231937445,0.0022008618310203,0,0,4.663327077110154,38.74867707848811,GPM6A;ACTA1;SPARC;SERPINE2;PLP1;SPARCL1;MBP;GPM6B;BCAS1,Drug_Perturbations_from_GEO_up,Myofibroblasts_UP→UPmatch
Drug_Perturbations_from_GEO_up,dexamethasone DB01234 mouse GSE7683 sample 2712,10/268,0.0002535937298741688,0.00224352820205,0,0,4.210163652024117,34.85921642562368,SLC12A2;CPM;SH3BGRL;RGCC;COL4A2;FHL1;PMP22;NEDD9;CRYAB;NCMAP,Drug_Perturbations_from_GEO_up,Myofibroblasts_UP→UPmatch
Drug_Perturbations_from_GEO_up,soman 7305 rat GSE13428 sample 2639,14/490,0.0002575092951980808,0.0022551571609771,0,0,3.2309491978609626,26.7020334150787,TAGLN;SPARC;TNC;FN1;ARHGAP24;AURKB;KLK6;MFAP4;LGALS1;S100A6;VWA1;VIM;FLNC;MYL9,Drug_Perturbations_from_GEO_up,Myofibroblasts_UP→UPmatch
Drug_Perturbations_from_GEO_up,Harman 5281404 human GSE5080 sample 3482,8/174,0.0002648041366185923,0.0022958518644831,0,0,5.201641731762214,42.843426740909045,RNF13;SCRN1;TGFB1I1;ANXA6;ITGA7;FXYD6;VIM;FBXO32,Drug_Perturbations_from_GEO_up,Myofibroblasts_UP→UPmatch
Drug_Perturbations_from_GEO_up,ubiquinol 9962735 mouse GSE15129 sample 3453,10/271,0.00027714264144081623,0.0023790363379127,0,0,4.161132396764581,34.083744887648514,GPM6A;LDHB;PGRMC1;PPP1R1A;CSRP1;PLP1;SPARCL1;ITGB8;MBP;S100B,Drug_Perturbations_from_GEO_up,Myofibroblasts_UP→UPmatch
Drug_Perturbations_from_GEO_up,etanercept DB00005 human GSE11903 sample 2606,12/380,0.0002913926350967099,0.0024733719022614,0,0,3.561675622862726,28.995027597717076,ACTA1;PLA2G16;PPP1R1A;MME;SCRN1;TRBC2;ALDH1A1;PLP1;LPL;EFHD1;S100B;CES1,Drug_Perturbations_from_GEO_up,Myofibroblasts_UP→UPmatch
Drug_Perturbations_from_GEO_up,rosiglitazone 77999 mouse GSE11343 sample 2672,10/273,0.0002938377231060277,0.0024733719022614,0,0,4.1290663286861005,33.5795613326303,AOC3;ACTA1;LDHB;PLA2G16;PCP4;RGCC;PRX;LPL;PMP2;HADH,Drug_Perturbations_from_GEO_up,Myofibroblasts_UP→UPmatch
Drug_Perturbations_from_GEO_up,BPDE 41322 human GSE19510 sample 3377,11/326,0.0002980046603912566,0.0024843273130694,0,0,3.803227808814401,30.87613009190369,FGF7;SH3BGRL;PGRMC1;RGCC;LGALS1;SERPINE2;CSRP1;DSTN;WFDC1;PLAT;DYNLRB1,Drug_Perturbations_from_GEO_up,Myofibroblasts_UP→UPmatch
Drug_Perturbations_from_GEO_up,soman 7305 rat GSE13428 sample 2638,13/441,0.000317727242699711,0.0026235192325776,0,0,3.326020381223929,26.78882339886643,EGR2;ARPP21;FAM13C;KCNK12;FN1;NEDD9;PLAT;UACA;NR4A2;RCAN1;NR4A1;COL4A2;CRYAB,Drug_Perturbations_from_GEO_up,Myofibroblasts_UP→UPmatch
Drug_Perturbations_from_GEO_up,estradiol DB00783 rat GSE5315 sample 2537,12/385,0.00032793471004666447,0.0026719844104702,0,0,3.513028285688466,28.18395806024885,CYFIP2;NR4A1;PCP4;SPARC;NRN1;SERPINE2;ARPP21;CSRP1;SPARCL1;PLAT;VIM;MT3,Drug_Perturbations_from_GEO_up,Myofibroblasts_UP→UPmatch
Drug_Perturbations_from_GEO_up,dexamethasone DB01234 mouse GSE4165 sample 2710,10/277,0.0003297604751099379,0.0026719844104702,0,0,4.066375364128173,32.60071685246417,TGFB2;RGCC;COL4A2;FHL1;PMP22;FN1;LPL;FXYD6;HAGH;CRYAB,Drug_Perturbations_from_GEO_up,Myofibroblasts_UP→UPmatch
Drug_Perturbations_from_GEO_up,methylprednisolone 6741 rat GSE490 sample 3673,10/279,0.0003490538942126253,0.0028021270952069,0,0,4.035729037587774,32.12555018623755,ACTA2;NR4A1;LGALS1;TPM1;REEP2;PGAM2;ALDH1A1;FLNC;DYNLRB1;MYL9,Drug_Perturbations_from_GEO_up,Myofibroblasts_UP→UPmatch
Drug_Perturbations_from_GEO_up,Oprelvekin DB00038 human GSE8762 sample 3297,11/334,0.0003659571631404984,0.0029108702792918,0,0,3.707508172336856,29.337490931140795,PGRMC1;SPARC;FGFBP2;P2RX1;TGFB1I1;TPM1;FHL1;NEXN;VIM;MYL9;LTBP1,Drug_Perturbations_from_GEO_up,Myofibroblasts_UP→UPmatch
Drug_Perturbations_from_GEO_up,candesartan DB00796 rat GSE2739 sample 2687,9/231,0.0003768849097079194,0.0029705383337887,0,0,4.387337613856951,34.587886247872355,ACTA2;TAGLN;SPARC;MYH11;PLAT;SORBS2;SERPINB9;VIM;LTBP1,Drug_Perturbations_from_GEO_up,Myofibroblasts_UP→UPmatch
Drug_Perturbations_from_GEO_up,"cytarabine, EC50, 3 d 6253 human GSE6930 sample 3374",9/232,0.0003889376121721169,0.0030275415042031,0,0,4.3674404776651885,34.293542719744174,ACTA2;LDHB;SPARC;SERPINE2;TNFAIP6;COL4A2;FN1;VIM;CES1,Drug_Perturbations_from_GEO_up,Myofibroblasts_UP→UPmatch
Drug_Perturbations_from_GEO_up,heroin 5462328 mouse GSE30305 sample 2615,12/393,0.00039447091657792425,0.0030275415042031,0,0,3.437848358842785,26.94573560226402,CYFIP2;TGFB2;PCP4;EGR2;PGRMC1;SPARC;STMN1;SPARCL1;S100B;SCRG1;WFDC2;ASPN,Drug_Perturbations_from_GEO_up,Myofibroblasts_UP→UPmatch
Drug_Perturbations_from_GEO_up,methylprednisolone 6741 rat GSE490 sample 3672,11/337,0.00039459306802186033,0.0030275415042031,0,0,3.672824485039586,28.786333141881315,ACTA2;NR4A1;DES;PPP1R1A;MYOC;PGAM2;ALDH1A1;NEXN;DYNLRB1;UACA;GYG1,Drug_Perturbations_from_GEO_up,Myofibroblasts_UP→UPmatch
Drug_Perturbations_from_GEO_up,bleomycin DB00290 mouse GSE485 sample 2685,14/513,0.0004083484921344115,0.0031055977428117,0,0,3.0783612679905263,24.02165230598314,SLC12A2;TAGLN;SPARC;SERPINE2;SERPINB9;LPP;MYLK;SH3BGRL;PGRMC1;LGALS1;CSRP1;COL4A2;ANXA6;SPARCL1,Drug_Perturbations_from_GEO_up,Myofibroblasts_UP→UPmatch
Drug_Perturbations_from_GEO_up,pyrazinamide 1046 mouse GSE48027 sample 3325,12/399,0.00045157234519767857,0.0034044628111859,0,0,3.383503179165578,26.062363582295887,SBSPON;CNN1;LDHB;MLIP;PDLIM3;DES;PLN;PLLP;CASQ2;ITGA8;MYL9;ACTG2,Drug_Perturbations_from_GEO_up,Myofibroblasts_UP→UPmatch
Drug_Perturbations_from_GEO_up,rosiglitazone DB00412 rat GSE7193 sample 2811,10/289,0.0004602348721651257,0.0034398589152341,0,0,3.889088012743927,29.8828718281095,LDHB;LGALS1;PPP1R1A;ALDH1A1;FHL1;S100A6;FN1;MAL;LPL;CRYAB,Drug_Perturbations_from_GEO_up,Myofibroblasts_UP→UPmatch
Drug_Perturbations_from_GEO_up,formaldehyde 712 rat GSE7002 sample 3540,9/238,0.0004681179928682636,0.0034688743574084,0,0,4.251706916934063,32.596944806294786,MLIP;SFRP5;MPZ;PRX;PMP22;MAP3K7CL;NEXN;MBP;CRYAB,Drug_Perturbations_from_GEO_up,Myofibroblasts_UP→UPmatch
Drug_Perturbations_from_GEO_up,"cytarabine, 2xEC50, 1 d 6253 human GSE6930 sample 3422",11/347,0.0005040157661379914,0.0037032344850986,0,0,3.561685288640596,27.04353094295912,ACTA2;PGRMC1;SPARC;SERPINE2;TNFAIP6;CSRP1;COL4A2;ANXA6;DSTN;VIM;CES1,Drug_Perturbations_from_GEO_up,Myofibroblasts_UP→UPmatch
Drug_Perturbations_from_GEO_up,Phosgene 6371 mouse GSE2565 sample 3616,10/294,0.0005260089333858678,0.0038323508003827,0,0,3.819640062597809,28.83901722525057,ACTA2;RGCC;LGALS1;SERPINE2;S100A6;TNC;FN1;DSTN;MAL;WFDC2,Drug_Perturbations_from_GEO_up,Myofibroblasts_UP→UPmatch
Drug_Perturbations_from_GEO_up,"2,3,7,8-tetrachlorodibenzo-p-dioxin 10852289 rat GSE48100 sample 3111",10/297,0.0005690870739848134,0.0041116541095402,0,0,3.779132791327913,28.23570412978974,LDHB;DYNC1LI2;PCP4;PNCK;SPARC;INPP5A;SYNPO2;STMN1;DYNLRB1;S100B,Drug_Perturbations_from_GEO_up,Myofibroblasts_UP→UPmatch
Drug_Perturbations_from_GEO_up,cisplatin DB00515 human GSE47856 sample 3158,13/471,0.000590833750240145,0.004233494722795,0,0,3.1033478893740902,23.070213364928577,TGFB2;SPARC;SERPINE2;SYNPO2;TNC;FN1;NEXN;PLAT;SORBS2;HSD17B6;FBXO32;ARHGAP24;MYLK,Drug_Perturbations_from_GEO_up,Myofibroblasts_UP→UPmatch
Drug_Perturbations_from_GEO_up,cediranib 9933475 human GSE32569 sample 2642,10/299,0.0005993985073516012,0.0042596598842117,0,0,3.752595155709343,27.84269457546063,CNN1;ACTA1;TAGLN;TNC;EFHD1;HSD17B6;SULF1;MT3;ASPN;AIF1L,Drug_Perturbations_from_GEO_up,Myofibroblasts_UP→UPmatch
Drug_Perturbations_from_GEO_up,formaldehyde 712 rat GSE7002 sample 3550,10/302,0.0006473628144367526,0.0045631183749322,0,0,3.713470319634703,27.2665407470084,NR4A2;ACTA1;COL4A2;SPARCL1;MAL;MBP;CNTN4;FAM83D;AIF1L;BCAS1,Drug_Perturbations_from_GEO_up,Myofibroblasts_UP→UPmatch
Drug_Perturbations_from_GEO_up,dexamethasone DB01234 human GSE34313 sample 2714,10/303,0.0006640389837673747,0.0046429177332767,0,0,3.700606750094805,27.077967582366345,SHC4;CPM;SYNM;DES;RGCC;SYNPO2;SPARCL1;FBXO32;FAM83D;CRYAB,Drug_Perturbations_from_GEO_up,Myofibroblasts_UP→UPmatch
Drug_Perturbations_from_GEO_up,Ascorbyl-2-phosphate 54679073 human GSE11919 sample 3191,10/304,0.0006810685912724719,0.0047238917490658,0,0,3.687830687830688,26.891099112355896,MFAP4;LDHB;LGALS1;STMN1;S100A6;PMP22;ANXA6;VIM;FAM83D;LTBP1,Drug_Perturbations_from_GEO_up,Myofibroblasts_UP→UPmatch
Drug_Perturbations_from_GEO_up,quercetin DB04216 mouse GSE4262 sample 3431,9/252,0.0007053164284776588,0.0048150342007096,0,0,4.003887865766319,29.055669797710955,CNN1;TAGLN;CSRP1;MME;NOV;TNC;VWA1;MYL9;ACTG2,Drug_Perturbations_from_GEO_up,Myofibroblasts_UP→UPmatch
Drug_Perturbations_from_GEO_up,methylprednisolone 6741 rat GSE490 sample 3667,9/252,0.0007053164284776588,0.0048150342007096,0,0,4.003887865766319,29.055669797710955,NR4A1;ACTA1;PDLIM3;RGCC;ACTC1;CKM;LPL;VIM;FLNC,Drug_Perturbations_from_GEO_up,Myofibroblasts_UP→UPmatch
Drug_Perturbations_from_GEO_up,morphine DB00295 human GSE7762 sample 3288,10/306,0.0007162111070272594,0.0048512111702549,0,0,3.6625375375375375,26.522395936008543,LDHB;DYNC1LI2;PNCK;FMNL2;SERPINE2;COL4A2;FHL1;SPARCL1;DSTN;MAL,Drug_Perturbations_from_GEO_up,Myofibroblasts_UP→UPmatch
Drug_Perturbations_from_GEO_up,estradiol 5757 mouse GSE2195 sample 3624,10/307,0.0007343356567048466,0.004935418715993,0,0,3.650018705574261,26.34052181569792,ACTA1;PCP4;TAGLN;TGFB1I1;DSTN;MYH11;LPP;WFDC2;ACTG2;SOX4,Drug_Perturbations_from_GEO_up,Myofibroblasts_UP→UPmatch
Drug_Perturbations_from_GEO_up,Phosgene 6371 mouse GSE2565 sample 3614,11/364,0.0007480398565230567,0.0049447698207704,0,0,3.387199898713343,24.38124878670574,PGRMC1;RGCC;LGALS1;SERPINE2;S100A6;TNC;DSTN;MAL;LPL;SERPINB9;WFDC2,Drug_Perturbations_from_GEO_up,Myofibroblasts_UP→UPmatch
Drug_Perturbations_from_GEO_up,CYFLUTHRIN 104926 human GSE5023 sample 3572,11/364,0.0007480398565230567,0.0049447698207704,0,0,3.387199898713343,24.38124878670574,LDHB;DYNC1LI2;TAGLN;SH3BGRL;LGALS1;SCRN1;TGFB1I1;S100A6;ANXA6;FXYD6;CRYAB,Drug_Perturbations_from_GEO_up,Myofibroblasts_UP→UPmatch
Drug_Perturbations_from_GEO_up,lysophosphatidic acid 3988 human GSE26309 sample 3224,10/308,0.0007528369277297552,0.0049447698207704,0,0,3.6375838926174495,26.160273550638795,NR4A2;PTPRE;TAGLN;SMTN;CSRP1;CALD1;PLAT;LPIN1;MYL9;ACTG2,Drug_Perturbations_from_GEO_up,Myofibroblasts_UP→UPmatch
Drug_Perturbations_from_GEO_up,Hydrogen Peroxide 784 mouse GSE3078 sample 3597,8/204,0.0007614850830759008,0.0049639666693744,0,0,4.398744113029827,31.584038318810784,TAGLN;LGALS1;CKM;CSRP1;FHL1;CASQ2;CRYAB;ACTG2,Drug_Perturbations_from_GEO_up,Myofibroblasts_UP→UPmatch
Drug_Perturbations_from_GEO_up,Hydrogen Peroxide 784 mouse GSE3078 sample 3596,7/160,0.0008592339004363413,0.0055593715796888,0,0,4.914425515196971,34.693236440759144,TAGLN;LGALS1;ACTC1;CKM;FHL1;VIM;ACTG2,Drug_Perturbations_from_GEO_up,Myofibroblasts_UP→UPmatch
Drug_Perturbations_from_GEO_up,trichostatin A 444732 mouse GSE1437 sample 3085,14/557,0.000912281336131085,0.0058588734698196,0,0,2.8224719571404653,19.7560678322626,SERPINE2;PLAT;SERPINB9;SEMA3E;CNN1;PTPRE;PCP4;RGCC;LGALS1;CSRP1;NOV;PEG10;S100A6;MYL9,Drug_Perturbations_from_GEO_up,Myofibroblasts_UP→UPmatch
Drug_Perturbations_from_GEO_up,decitabine 451668 mouse GSE4768 sample 3108,11/374,0.0009327024189696952,0.0059459779209318,0,0,3.292195700016929,22.97104647097693,CNN1;SH3BGRL;PGRMC1;SERPINE2;CSRP1;COL4A2;FHL1;PMP22;DYNLRB1;CRYAB;ACTG2,Drug_Perturbations_from_GEO_up,Myofibroblasts_UP→UPmatch
Drug_Perturbations_from_GEO_up,morphine 5288826 mouse GSE7762 sample 3489,8/213,0.0010068223465433,0.0063716421492922,0,0,4.203698740284106,29.009540461535927,GPM6A;LDHB;NRN1;SERPINE2;NOV;STMN1;SPARCL1;DSTN,Drug_Perturbations_from_GEO_up,Myofibroblasts_UP→UPmatch
Drug_Perturbations_from_GEO_up,diethylstilbestrol DB00255 mouse GSE1839 sample 2718,9/268,0.0010881882691866,0.0068366610824986,0,0,3.753471703747947,25.61084241166329,CNN1;ACTA1;PCP4;TAGLN;CSRP1;MYH11;LPP;WFDC2;ACTG2,Drug_Perturbations_from_GEO_up,Myofibroblasts_UP→UPmatch
Drug_Perturbations_from_GEO_up,cisplatin DB00515 human GSE47856 sample 3143,10/327,0.0011842362266618,0.0073865669677398,0,0,3.416228531370487,23.020793149163744,CYFIP2;TGFB2;SERPINE2;SEMA3B;NEDD9;ITGB8;PLAT;FBXO32;CRYAB;MYLK,Drug_Perturbations_from_GEO_up,Myofibroblasts_UP→UPmatch
Drug_Perturbations_from_GEO_up,formaldehyde 712 rat GSE7002 sample 3546,9/272,0.0012063663578615,0.0074708545161855,0,0,3.695628426779825,24.83514946094409,NR4A2;TAGLN;RGCC;PLP1;SPARCL1;CNTN4;CRYAB;MT3;ASPN,Drug_Perturbations_from_GEO_up,Myofibroblasts_UP→UPmatch
Drug_Perturbations_from_GEO_up,abiraterone DB05812 human GSE49244 sample 3300,8/220,0.0012383488255466,0.007614527884744,0,0,4.06344598797429,27.200611460936337,SHC4;SH3BGRL;RGCC;FGFBP2;MCAM;LPL;CRYAB;SCRG1,Drug_Perturbations_from_GEO_up,Myofibroblasts_UP→UPmatch
Drug_Perturbations_from_GEO_up,MEK inhibitor (MEKi -AZD6244) 10127622 human GSE55624 sample 3251,9/274,0.001269229512594,0.0077494506156268,0,0,3.667361617846346,24.458900769934736,RGCC;CSRP1;SCRN1;MCAM;TGFB1I1;TPM1;SH3BP5;DSTN;MYL9,Drug_Perturbations_from_GEO_up,Myofibroblasts_UP→UPmatch
Drug_Perturbations_from_GEO_up,phenytoin 1775 rat GSE2880 sample 3033,11/389,0.0012793162292775,0.0077564137817035,0,0,3.159114421684254,21.04421812777657,SLC12A2;CYFIP2;LDHB;DYNC1LI2;PCP4;SPARC;ARPP21;CSRP1;STMN1;MAL;SORBS2,Drug_Perturbations_from_GEO_up,Myofibroblasts_UP→UPmatch
Drug_Perturbations_from_GEO_up,vemurafenib 42611257 human GSE42872 sample 2495,10/331,0.0012968293782676,0.0078079935483199,0,0,3.3729664243682937,22.42291727905741,SOX2;AZGP1;NOV;SEMA3C;PGAM2;PLP1;SULF1;CRYAB;SCRG1;MYLK,Drug_Perturbations_from_GEO_up,Myofibroblasts_UP→UPmatch
Drug_Perturbations_from_GEO_up,estradiol 5757 human GSE26834 sample 3241,10/332,0.0013263007285888,0.0079303636668034,0,0,3.36231884057971,22.276578197636823,PLA2G16;PCP4;PDLIM3;BAG2;SEMA3B;FN1;PLAT;SORBS2;FILIP1L;AURKB,Drug_Perturbations_from_GEO_up,Myofibroblasts_UP→UPmatch
Drug_Perturbations_from_GEO_up,formaldehyde 712 rat GSE7002 sample 3544,9/277,0.0013684607821222,0.0080165912033785,0,0,3.6257524532035954,23.908460720148145,SBSPON;AZGP1;TAGLN;MIA;MPZ;MAL;S100B;CRYAB;RAMP1,Drug_Perturbations_from_GEO_up,Myofibroblasts_UP→UPmatch
Drug_Perturbations_from_GEO_up,Chromium(III) nicotinate 56843898 mouse GSE4420 sample 2590,9/277,0.0013684607821222,0.0080165912033785,0,0,3.6257524532035954,23.908460720148145,ACTA1;LGALS1;CKM;COL4A2;TPM2;S100A6;FN1;LPL;NEDD9,Drug_Perturbations_from_GEO_up,Myofibroblasts_UP→UPmatch
Drug_Perturbations_from_GEO_up,rituximab DB00073 human GSE24742 sample 2514,9/277,0.0013684607821222,0.0080165912033785,0,0,3.6257524532035954,23.908460720148145,SPARC;RNF13;CRTAC1;SH3BP5;FN1;SPARCL1;ITGB8;VIM;CES1,Drug_Perturbations_from_GEO_up,Myofibroblasts_UP→UPmatch
Drug_Perturbations_from_GEO_up,etanercept DB00005 human GSE11903 sample 2608,10/336,0.0014497006228906,0.008435506309035,0,0,3.320381731424676,21.703337208586227,SLC12A2;CNN1;PCP4;SPARC;NRN1;BAG2;SEMA3C;ALDH1A1;PLP1;S100B,Drug_Perturbations_from_GEO_up,Myofibroblasts_UP→UPmatch
Drug_Perturbations_from_GEO_up,bleomycin DB00290 mouse GSE25640 sample 3121,11/399,0.0015645936315932,0.0090433511906087,0,0,3.0761101192190288,19.872068646797374,SHC4;RCAN1;EGR2;SERPINE2;TNC;FN1;MAL;VWA1;FXYD6;AURKB;ASPN,Drug_Perturbations_from_GEO_up,Myofibroblasts_UP→UPmatch
Drug_Perturbations_from_GEO_up,calcitriol 5280453 human GSE52819 sample 3126,8/230,0.0016407282645842,0.0094206053337384,0,0,3.8784278784278783,24.870865068647863,CPM;EGR2;SERPINE2;TNFAIP6;SEMA3C;FN1;ITGB8;SERPINB9,Drug_Perturbations_from_GEO_up,Myofibroblasts_UP→UPmatch
Drug_Perturbations_from_GEO_up,Phosgene 6371 mouse GSE2565 sample 3615,10/342,0.0016521832867855,0.0094239665108096,0,0,3.2593708165997324,20.87841364341358,ACTA2;RGCC;LGALS1;SERPINE2;CALD1;S100A6;TNC;DSTN;MAL;ITGA6,Drug_Perturbations_from_GEO_up,Myofibroblasts_UP→UPmatch
Drug_Perturbations_from_GEO_up,FENRETINIDE 5288209 rat GSE3952 sample 3563,10/345,0.0017617053107746,0.0099829967610564,0,0,3.229684908789386,20.480959687843438,ACTA1;TAGLN;SPARC;LGALS1;CSRP1;TPM2;FN1;SERPINB9;MYL9;ACTG2,Drug_Perturbations_from_GEO_up,Myofibroblasts_UP→UPmatch
Drug_Perturbations_from_GEO_up,Vincristine 5978 human GSE7556 sample 3092,8/233,0.0017797220202958,0.0099965323930353,0,0,3.8261294261294254,24.22436594782095,TAGLN;LGALS1;CSRP1;TGFB1I1;S100A6;ANXA6;FN1;VIM,Drug_Perturbations_from_GEO_up,Myofibroblasts_UP→UPmatch
Drug_Perturbations_from_GEO_up,resveratrol DB02709 human GSE41168 sample 3495,9/288,0.0017871540033684,0.0099965323930353,0,0,3.480841204776332,22.023737828756264,MFAP4;TNFAIP6;MYOC;COL4A2;PEG10;ALDH1A1;MAP3K7CL;LPIN1;RERG,Drug_Perturbations_from_GEO_up,Myofibroblasts_UP→UPmatch
Drug_Perturbations_from_GEO_up,PLX4032 DB05238 human GSE54711 sample 2556,9/289,0.0018298050984439,0.0101359743333573,0,0,3.468232044198895,21.862159609797462,CPM;MLIP;SEMA3C;CRTAC1;PLP1;MBP;CRYAB;ARHGAP24;GPM6B,Drug_Perturbations_from_GEO_up,Myofibroblasts_UP→UPmatch
Drug_Perturbations_from_GEO_up,DETA NONOate 24890998 mouse GSE22087 sample 3211,14/600,0.0018354647870093,0.0101359743333573,0,0,2.60952528699969,16.441203269318585,TAGLN;EGR2;TNFAIP6;FAM13C;MAP3K7CL;WFDC1;FBXO32;S100B;NR4A2;NR4A1;CNN1;PMP22;ITGA8;SNCA,Drug_Perturbations_from_GEO_up,Myofibroblasts_UP→UPmatch
Drug_Perturbations_from_GEO_up,halothane 3562 rat GSE6433 sample 3651,10/348,0.0018770382986558,0.0102351711002175,0,0,3.200525969756739,20.09309444543473,LDHB;PCP4;SPARC;CSRP1;STMN1;SPARCL1;S100B;MYL9;CRYAB;MT3,Drug_Perturbations_from_GEO_up,Myofibroblasts_UP→UPmatch
Drug_Perturbations_from_GEO_up,acrylamide 6579 rat GSE29004 sample 3131,10/348,0.0018770382986558,0.0102351711002175,0,0,3.200525969756739,20.09309444543473,LDHB;PLA2G16;CADM3;DYNC1LI2;SPARC;CSRP1;STMN1;VIM;S100B;GPM6B,Drug_Perturbations_from_GEO_up,Myofibroblasts_UP→UPmatch
Drug_Perturbations_from_GEO_up,coenzyme Q10 5281915 mouse GSE15129 sample 3458,10/349,0.0019168124862397,0.0103867276598117,0,0,3.19092100950508,19.965885159575745,GPM6A;PPP1R1A;COL4A2;DSTN;MAL;LPL;EFHD1;ITGA6;MYL9;WFDC2,Drug_Perturbations_from_GEO_up,Myofibroblasts_UP→UPmatch
Drug_Perturbations_from_GEO_up,pimecrolimus DB00337 human GSE32473 sample 2574,10/350,0.0019572655554499,0.0105400573700318,0,0,3.181372549019608,19.83969745630985,LDHB;AZGP1;SPARC;LGALS1;SERPINE2;S100A6;SPARCL1;DSTN;VIM;CRYAB,Drug_Perturbations_from_GEO_up,Myofibroblasts_UP→UPmatch
Drug_Perturbations_from_GEO_up,vemurafenib DB08881 human GSE37441 sample 2563,8/237,0.0019793527379836,0.0105932026162457,0,0,3.75852967992706,23.39679233688573,DUSP3;NOV;SEMA3C;PLP1;NEK1;LPIN1;SOX4;AIF1L,Drug_Perturbations_from_GEO_up,Myofibroblasts_UP→UPmatch
Drug_Perturbations_from_GEO_up,vemurafenib DB08881 human GSE63790 sample 2509,9/294,0.0020554551687415,0.0109330038729993,0,0,3.406513521372492,21.07697790864157,NR4A2;PPP1R14A;FGFBP2;NOV;FAM13C;MAL;COL9A3;FBXO32;FAM83D,Drug_Perturbations_from_GEO_up,Myofibroblasts_UP→UPmatch
Drug_Perturbations_from_GEO_up,NICKEL 935 human GSE6281 sample 3480,9/296,0.002151709183957,0.01137519428348,0,0,3.3824282441719444,20.7731586518859,CYFIP2;PPP1R14A;MLIP;PPP1R1A;TNFAIP6;MME;LPL;PLAT;SULF1,Drug_Perturbations_from_GEO_up,Myofibroblasts_UP→UPmatch
Drug_Perturbations_from_GEO_up,Mehp 20393 rat GSE4514 sample 3579,9/299,0.0023027985323292,0.0121001595607847,0,0,3.346923223471137,20.32797377472308,LDHB;CD151;SEMA3C;ALDH1A1;SH3BP5;DSTN;VIM;MYL9;CTNNAL1,Drug_Perturbations_from_GEO_up,Myofibroblasts_UP→UPmatch
Drug_Perturbations_from_GEO_up,ethanol 702 human GSE44456 sample 3038,9/300,0.0023549971381637,0.0122998946914936,0,0,3.3352508970780885,20.182322814404625,TGFB2;AZGP1;RGCC;SPARC;S100A6;ITGA8;ITGB8;MT3;SCRG1,Drug_Perturbations_from_GEO_up,Myofibroblasts_UP→UPmatch
Drug_Perturbations_from_GEO_up,doxorubicin DB00997 human GSE12972 sample 2720,10/361,0.0024495141190174,0.0127068054469299,0,0,3.079930357708136,18.516127345915624,PGRMC1;LGALS1;SERPINE2;TNFAIP6;RNF13;S100A6;PMP22;TNC;DSTN;ASPN,Drug_Perturbations_from_GEO_up,Myofibroblasts_UP→UPmatch
Drug_Perturbations_from_GEO_up,SODIUM ARSENITE 443495 mouse GSE11056 sample 3355,9/302,0.0024622183564985,0.0127068054469299,0,0,3.312145268040654,19.89503835393341,HHATL;MLIP;AZGP1;RGCC;FMNL2;ALDH1B1;CASQ2;LPL;SCRG1,Drug_Perturbations_from_GEO_up,Myofibroblasts_UP→UPmatch
Drug_Perturbations_from_GEO_up,Monuron 8800 rat GSE51163 sample 2465,10/363,0.0025488577159934,0.0130470038797458,0,0,3.062165564998426,18.287589514866376,GPM6A;ACTA1;DES;NRN1;NUBPL;FXYD1;PGAM2;SEMA3B;NEK1;MYL9,Drug_Perturbations_from_GEO_up,Myofibroblasts_UP→UPmatch
Drug_Perturbations_from_GEO_up,methamphetamine 10836 mouse GSE30305 sample 2614,12/489,0.0025599580595922,0.0130470038797458,0,0,2.7323864037877184,16.306238317395778,CYFIP2;SOX2;PPP1R14A;PCP4;PGRMC1;SPARC;STMN1;ALDH1A1;SPARCL1;VIM;S100B;GPM6B,Drug_Perturbations_from_GEO_up,Myofibroblasts_UP→UPmatch
Drug_Perturbations_from_GEO_up,bleomycin DB00290 mouse GSE25640 sample 3122,9/304,0.0025732845022336,0.0130470038797458,0,0,3.2893529356681337,19.61300430313185,RCAN1;MFAP4;EGR2;COL4A2;TNC;FN1;MAL;ITGA7;ASPN,Drug_Perturbations_from_GEO_up,Myofibroblasts_UP→UPmatch
Drug_Perturbations_from_GEO_up,ethanol 702 rat GSE55243 sample 3107,9/306,0.0026882920572825,0.0134725388073062,0,0,3.266867570734974,19.33609654009062,NR4A1;TGFB2;EGR2;RGCC;ARPP21;ALDH1A1;LPL;ITGA7;VIM,Drug_Perturbations_from_GEO_up,Myofibroblasts_UP→UPmatch
Drug_Perturbations_from_GEO_up,Mehp 20393 rat GSE4514 sample 3580,9/306,0.0026882920572825,0.0134725388073062,0,0,3.266867570734974,19.33609654009062,ACTA2;RCAN1;NR4A1;LDHB;TAGLN;SCRN1;DSTN;ITGA6;VIM,Drug_Perturbations_from_GEO_up,Myofibroblasts_UP→UPmatch
Drug_Perturbations_from_GEO_up,Tamoxifen DB00675 mouse GSE34232 sample 2579,10/369,0.0028664412081554,0.0142827846406364,0,0,3.010058805323429,17.622943174149956,ACTA2;CPM;PNCK;MIA;ALDH1B1;ALDH1A1;FHL1;FN1;SPARCL1;MYL9,Drug_Perturbations_from_GEO_up,Myofibroblasts_UP→UPmatch
Drug_Perturbations_from_GEO_up,estradiol DB00783 human GSE26834 sample 2733,9/310,0.0029305228104052,0.0145186472949793,0,0,3.222793267377618,18.79718163118406,PTPRE;PLA2G16;PCP4;EGR2;PDLIM3;TPM1;SEMA3B;PLAT;FILIP1L,Drug_Perturbations_from_GEO_up,Myofibroblasts_UP→UPmatch
Drug_Perturbations_from_GEO_up,cisplatin DB00515 human GSE47856 sample 3155,9/312,0.0030579443967587,0.0150638510908513,0,0,3.2011924949401016,18.534944094895668,PLA2G16;SERPINE2;MIA;NEDD9;PLAT;VIM;FBXO32;FILIP1L;WFDC2,Drug_Perturbations_from_GEO_up,Myofibroblasts_UP→UPmatch
Drug_Perturbations_from_GEO_up,ascorbic acid 54670067 human GSE11919 sample 3190,9/313,0.003123275656021,0.0152987570269503,0,0,3.190498691480081,18.40558156051184,MFAP4;LDHB;PGRMC1;STMN1;S100A6;PMP22;TNC;FAM83D;LTBP1,Drug_Perturbations_from_GEO_up,Myofibroblasts_UP→UPmatch
Drug_Perturbations_from_GEO_up,alpha-Tocopherol 14985 mouse GSE8150 sample 3477,9/314,0.0031897041261922,0.0155363678506104,0,0,3.1798750113214385,18.2773718184163,SOX2;SH3BGRL;PGRMC1;SPARC;CSRP1;SPARCL1;MAL;ITGB8;GPM6B,Drug_Perturbations_from_GEO_up,Myofibroblasts_UP→UPmatch
Drug_Perturbations_from_GEO_up,colchicine DB01394 human GSE4090 sample 2696,8/260,0.0034939999822275,0.0169234524278842,0,0,3.411477411477412,19.29773181216727,MFAP4;TGFB2;RAB23;NEXN;NEDD9;ITGB8;ARHGAP24;MYLK,Drug_Perturbations_from_GEO_up,Myofibroblasts_UP→UPmatch
Drug_Perturbations_from_GEO_up,formaldehyde 712 rat GSE7002 sample 3549,7/207,0.0037084760342594,0.0178624928983495,0,0,3.750546448087432,20.992312015272464,AZGP1;TAGLN;MIA;PLP1;PLAT;MBP;BCAS1,Drug_Perturbations_from_GEO_up,Myofibroblasts_UP→UPmatch
Drug_Perturbations_from_GEO_up,Retinoic acid 444795 human GSE54464 sample 3139,10/385,0.0038701331265512,0.0185381514956902,0,0,2.879259259259259,15.992748734435104,NR4A2;RCAN1;NR4A1;TAGLN;EGR2;SLMAP;TPM1;ITGB8;SULF1;MYLK,Drug_Perturbations_from_GEO_up,Myofibroblasts_UP→UPmatch
Drug_Perturbations_from_GEO_up,Retinoic acid 444795 human GSE54464 sample 3141,9/324,0.0039171712691543,0.0185584015866491,0,0,3.0773480662983426,17.055849303200205,TAGLN;RGCC;CSRP1;TNC;NEXN;FLNC;SULF1;MYL9;MYLK,Drug_Perturbations_from_GEO_up,Myofibroblasts_UP→UPmatch
Drug_Perturbations_from_GEO_up,Monuron 8800 rat GSE51163 sample 2470,9/324,0.0039171712691543,0.0185584015866491,0,0,3.0773480662983426,17.055849303200205,GPM6A;PLA2G16;SH3BGRL;LGALS1;CSRP1;ALDH1B1;S100A6;SERPINB9;VIM,Drug_Perturbations_from_GEO_up,Myofibroblasts_UP→UPmatch
Drug_Perturbations_from_GEO_up,acrylamide 6579 rat GSE29004 sample 3110,9/326,0.0040771309936272,0.0192112639754064,0,0,3.0576189065304917,16.82412524323843,PPP1R14A;DYNC1LI2;PCP4;SH3BGRL;CSRP1;RNF13;SPARCL1;MYLK;KLK6,Drug_Perturbations_from_GEO_up,Myofibroblasts_UP→UPmatch
Drug_Perturbations_from_GEO_up,pioglitazone DB01132 rat GSE20219 sample 2795,9/330,0.0044123702063732,0.0206785133455438,0,0,3.018898125677699,16.37252083917498,PCP4;DUSP3;NRN1;CSRP1;STMN1;SH3BP5;MAL;CRYAB;BCAS1,Drug_Perturbations_from_GEO_up,Myofibroblasts_UP→UPmatch
Drug_Perturbations_from_GEO_up,testosterone 6013 human GSE5106 sample 3206,8/271,0.0044792844142498,0.0208610897687183,0,0,3.266953578740651,17.668638820233213,DUSP3;RAP1A;PLN;PPP1R1A;TPM2;FHL1;LPL;FLNC,Drug_Perturbations_from_GEO_up,Myofibroblasts_UP→UPmatch
Drug_Perturbations_from_GEO_up,Cadmium dichloride 24947 rat GSE31503 sample 3281,9/331,0.0044994507344294,0.0208610897687183,0,0,3.009368244054768,16.26202396275635,CSRP1;SGCA;S100A6;PLP1;VWA1;PLAT;VIM;S100B;CRYAB,Drug_Perturbations_from_GEO_up,Myofibroblasts_UP→UPmatch
Drug_Perturbations_from_GEO_up,soman 7305 rat GSE13428 sample 2634,10/394,0.0045464802669497,0.0209670127204544,0,0,2.810474537037037,15.158018744719636,NR4A2;NR4A1;EGR2;TNFAIP6;FN1;NEK1;NEDD9;PLAT;FILIP1L;UACA,Drug_Perturbations_from_GEO_up,Myofibroblasts_UP→UPmatch
Drug_Perturbations_from_GEO_up,cisplatin DB00515 human GSE47856 sample 3147,10/397,0.0047915452093875,0.021980262944651,0,0,2.78825724949756,14.89180963739753,TAGLN;MCAM;ALDH1A1;TNC;ANXA6;PLAT;VIM;HSD17B6;FILIP1L;MYLK,Drug_Perturbations_from_GEO_up,Myofibroblasts_UP→UPmatch
Drug_Perturbations_from_GEO_up,"doxorubicin, EC50, 3 d 31703 human GSE6930 sample 3261",8/275,0.0048861609734556,0.0222963240209794,0,0,3.21735193645306,17.120650453266148,SPARC;SERPINE2;TNFAIP6;COL4A2;TPM2;VIM;FLNC;CES1,Drug_Perturbations_from_GEO_up,Myofibroblasts_UP→UPmatch
Drug_Perturbations_from_GEO_up,Phosgene 6371 mouse GSE2565 sample 3617,8/276,0.0049921746080373,0.0226608135349129,0,0,3.205182876824668,16.987096391308043,ACTA2;LGALS1;SERPINE2;S100A6;TNC;FN1;SERPINB9;WFDC2,Drug_Perturbations_from_GEO_up,Myofibroblasts_UP→UPmatch
Drug_Perturbations_from_GEO_up,vitamin a DB00162 rat GSE284 sample 2839,7/219,0.0050349575491684,0.0227359801829636,0,0,3.5360861944530364,18.710670335642785,ACTA2;ACTA1;ACTC1;CKM;TPM2;PGAM2;KLK6,Drug_Perturbations_from_GEO_up,Myofibroblasts_UP→UPmatch
Drug_Perturbations_from_GEO_up,"2,3,7,8-tetrachlorodibenzo-p-dioxin 10852289 mouse GSE2812 sample 3600",9/338,0.0051471845957998,0.0231223266557434,0,0,2.944281180204537,15.514316704946106,TAGLN;ACTC1;COL4A2;MCAM;FXYD1;ANXA6;MT3;RAMP1;WFDC2,Drug_Perturbations_from_GEO_up,Myofibroblasts_UP→UPmatch
Drug_Perturbations_from_GEO_up,metoprolol DB00264 human GSE11223 sample 3287,7/221,0.0052868120590787,0.0236271446145426,0,0,3.502681170522445,18.362945618674303,TAGLN;DES;TPM2;FBXO32;ACTG2;ASPN;MYLK,Drug_Perturbations_from_GEO_up,Myofibroblasts_UP→UPmatch
Drug_Perturbations_from_GEO_up,Perfluorooctanoic Acid 9554 mouse GSE13044 sample 3522,8/283,0.0057844624855998,0.0257186101282822,0,0,3.1224775224775225,16.088814726450888,RGCC;PGAM2;ALDH1A1;S100A6;WFDC1;LPIN1;MT3;SNCA,Drug_Perturbations_from_GEO_up,Myofibroblasts_UP→UPmatch
Drug_Perturbations_from_GEO_up,Coenzyme Q10 5281915 mouse GSE15129 sample 3452,7/228,0.0062433339891112,0.0276171967783645,0,0,3.390524936330144,17.211121510767967,SLC12A2;GPM6A;SPARC;SPARCL1;MAL;MBP;S100B,Drug_Perturbations_from_GEO_up,Myofibroblasts_UP→UPmatch
Drug_Perturbations_from_GEO_up,bleomycin DB00290 mouse GSE485 sample 2684,9/352,0.0066581561099812,0.0293026464332677,0,0,2.822076897057165,14.144003021338218,SLC12A2;ACTA2;TAGLN;SH3BGRL;PGRMC1;SERPINE2;TGFB1I1;ANXA6;MT3,Drug_Perturbations_from_GEO_up,Myofibroblasts_UP→UPmatch
Drug_Perturbations_from_GEO_up,doxycycline DB00254 mouse GSE29848 sample 3208,8/291,0.0068035410574383,0.0297912631151468,0,0,3.032967032967033,15.13545195794894,TAGLN;SH3BGRL;RAP1A;FMNL2;STMN1;FHL1;FN1;LEFTY2,Drug_Perturbations_from_GEO_up,Myofibroblasts_UP→UPmatch
Drug_Perturbations_from_GEO_up,estradiol 5757 human GSE16683 sample 3394,9/354,0.0068992130467096,0.0300583804597854,0,0,2.805428777324045,13.96078967500956,TAGLN;CD151;CSRP1;COL4A2;MCAM;TGFB1I1;S100A6;VIM;MYL9,Drug_Perturbations_from_GEO_up,Myofibroblasts_UP→UPmatch
Drug_Perturbations_from_GEO_up,cisplatin DB00515 mouse GSE6206 sample 2692,8/293,0.0070783257111766,0.0306845419579507,0,0,3.011374590321959,14.908466029837388,NR4A1;LDHB;FGF7;PGRMC1;LGALS1;STMN1;DYNLRB1;CRYAB,Drug_Perturbations_from_GEO_up,Myofibroblasts_UP→UPmatch
Drug_Perturbations_from_GEO_up,CADMIUM 23973 human GSE9951 sample 3403,8/294,0.007218825868847,0.0311379205387583,0,0,3.000691616076232,14.796599286452397,TAGLN;CSRP1;TGFB1I1;ANXA6;PLAT;FLNC;MYL9;ACTG2,Drug_Perturbations_from_GEO_up,Myofibroblasts_UP→UPmatch
Drug_Perturbations_from_GEO_up,Hydrogen Peroxide 784 mouse GSE3078 sample 3598,7/235,0.0073234928958942,0.0314330115878232,0,0,3.285255488447896,16.152510181171234,NR4A1;ACTA1;TAGLN;ACTC1;CKM;SGCA;FHL1,Drug_Perturbations_from_GEO_up,Myofibroblasts_UP→UPmatch
Drug_Perturbations_from_GEO_up,bexarotene 82146 rat GSE3952 sample 3562,7/237,0.0076560928301498,0.0326986821859109,0,0,3.2563554288429555,15.865789134625643,AOC3;ACTA2;TAGLN;PDLIM3;SPARC;CSRP1;WFDC1,Drug_Perturbations_from_GEO_up,Myofibroblasts_UP→UPmatch
Drug_Perturbations_from_GEO_up,isoflurane DB00753 rat GSE1779 sample 2771,9/362,0.0079310887780844,0.033707127306859,0,0,2.740722770882569,13.256779991762752,CYFIP2;DYNC1LI2;PCP4;PGRMC1;SERPINE2;PPP1R1A;NOV;STMN1;FXYD6,Drug_Perturbations_from_GEO_up,Myofibroblasts_UP→UPmatch
Drug_Perturbations_from_GEO_up,estradiol 5757 mouse GSE2195 sample 3625,9/363,0.0080679254122853,0.0341214211339094,0,0,2.732840153572432,13.171903946901228,SLC12A2;TAGLN;SLMAP;SPARCL1;DSTN;PLAT;LPP;WFDC2;SOX4,Drug_Perturbations_from_GEO_up,Myofibroblasts_UP→UPmatch
Drug_Perturbations_from_GEO_up,Monuron 8800 rat GSE51163 sample 2468,8/301,0.0082621395886552,0.0347731797250683,0,0,2.927952593481604,14.04267055757167,GPM6A;AZGP1;SH3BGRL;ALDH1B1;NUBPL;PGAM2;ITGA6;SNCA,Drug_Perturbations_from_GEO_up,Myofibroblasts_UP→UPmatch
Drug_Perturbations_from_GEO_up,progesterone 5994 rat GSE8238 sample 3526,10/432,0.0084890587817016,0.0355556230132141,0,0,2.5523959978936284,12.172318183525498,PGRMC1;SPARC;LGALS1;S100A6;DSTN;NEK1;PLAT;SORBS2;PSMF1;OXR1,Drug_Perturbations_from_GEO_up,Myofibroblasts_UP→UPmatch
Drug_Perturbations_from_GEO_up,methamphetamine 10836 mouse GSE30305 sample 2616,9/368,0.0087793134341272,0.0365945420547515,0,0,2.6940857815601964,12.757458155487308,CYFIP2;PGRMC1;SPARC;STMN1;PGAM2;ALDH1A1;SPARCL1;S100B;GPM6B,Drug_Perturbations_from_GEO_up,Myofibroblasts_UP→UPmatch
Drug_Perturbations_from_GEO_up,hydrocortisone DB00741 human GSE7890 sample 2751,8/305,0.0089070149026293,0.0369491957922471,0,0,2.887926887926888,13.633660602629964,CPM;LDHB;RGCC;MME;ANXA6;NEXN;CRYAB;LTBP1,Drug_Perturbations_from_GEO_up,Myofibroblasts_UP→UPmatch
Drug_Perturbations_from_GEO_up,methylprednisolone 6741 rat GSE490 sample 3666,8/307,0.009243236192911,0.0381613608535901,0,0,2.868315630857437,13.434798079035094,NR4A1;RGCC;SPARC;ACTC1;ALDH1A1;FN1;LPL;FLNC,Drug_Perturbations_from_GEO_up,Myofibroblasts_UP→UPmatch
Drug_Perturbations_from_GEO_up,imatinib DB00619 human GSE23743 sample 2763,7/246,0.009292576031228,0.0381832389529605,0,0,3.132290737819237,14.65454586039029,CYFIP2;SH3BGRL;LGALS1;MME;KCNK12;VIM;SOX4,Drug_Perturbations_from_GEO_up,Myofibroblasts_UP→UPmatch
Drug_Perturbations_from_GEO_up,methamphetamine 10836 mouse GSE30305 sample 2667,10/439,0.0094388622387489,0.0386013847216761,0,0,2.50984200984201,11.703192081987476,CYFIP2;SOX2;ACTA2;PGRMC1;SPARC;STMN1;SPARCL1;S100B;MYL9;GPM6B,Drug_Perturbations_from_GEO_up,Myofibroblasts_UP→UPmatch
Drug_Perturbations_from_GEO_up,"doxorubicin, EC50, 5 d 31703 human GSE6930 sample 3262",6/189,0.0094912372672869,0.0386333460598018,0,0,3.497327156094084,16.28840357976957,SERPINE2;TPM2;TPM1;FLNC;VIM;CES1,Drug_Perturbations_from_GEO_up,Myofibroblasts_UP→UPmatch
Drug_Perturbations_from_GEO_up,lapatinib DB01259 human GSE38376 sample 2586,8/309,0.0095888528678235,0.0386676066809442,0,0,2.848964988499872,13.239579084269671,CD151;S100A6;DSTN;DYNLRB1;FBXO32;HADH;CRYAB;BCAS1,Drug_Perturbations_from_GEO_up,Myofibroblasts_UP→UPmatch
Drug_Perturbations_from_GEO_up,cytarabine 6253 human GSE5681 sample 2599,8/309,0.0095888528678235,0.0386676066809442,0,0,2.848964988499872,13.239579084269671,SLC12A2;CYFIP2;RGCC;RAP1A;CSRP1;MAP3K7CL;DSTN;CTNNAL1,Drug_Perturbations_from_GEO_up,Myofibroblasts_UP→UPmatch
Drug_Perturbations_from_GEO_up,resveratrol DB02709 human GSE25412 sample 3501,6/194,0.0107041296100117,0.0428801120898448,0,0,3.403445883441258,15.441861674384342,ACTA2;NR4A1;RGCC;SERPINE2;NEDD9;SERPINB9,Drug_Perturbations_from_GEO_up,Myofibroblasts_UP→UPmatch
Drug_Perturbations_from_GEO_up,rosiglitazone DB00412 rat GSE21329 sample 2844,7/253,0.0107323925299842,0.0428801120898448,0,0,3.042072060064863,13.794241598237528,LDHB;LGALS1;S100A6;LPL;VIM;HADH;ASPN,Drug_Perturbations_from_GEO_up,Myofibroblasts_UP→UPmatch
Drug_Perturbations_from_GEO_up,cisplatin DB00515 human GSE47856 sample 3149,7/254,0.0109506018613751,0.0435512468523499,0,0,3.029601115019579,13.676712694211396,CPM;MLIP;PDE4D;PLAT;SEMA3E;FLNC;AIF1L,Drug_Perturbations_from_GEO_up,Myofibroblasts_UP→UPmatch
Drug_Perturbations_from_GEO_up,ethinyl estradiol DB00977 mouse GSE280 sample 2739,9/384,0.0113787028109559,0.0450471933200857,0,0,2.5770165745856355,11.534756713311664,BAG2;COL4A2;TPM2;PMP22;LPL;OTUD7B;CRYAB;LPP;ACTG2,Drug_Perturbations_from_GEO_up,Myofibroblasts_UP→UPmatch
Drug_Perturbations_from_GEO_up,SODIUM BUTYRATE 5222465 mouse GSE4410 sample 3584,7/257,0.0116245810428214,0.0458114171096645,0,0,2.9927868852459016,13.3317683207889,NR4A1;LGALS1;CSRP1;DSTN;PLAT;FLNC;HADH,Drug_Perturbations_from_GEO_up,Myofibroblasts_UP→UPmatch
Drug_Perturbations_from_GEO_up,"2,3,7,8-tetrachlorodibenzo-p-dioxin 10852289 mouse GSE2812 sample 3602",6/200,0.0123000857894681,0.0482541827125289,0,0,3.2971761541909457,14.501472143446618,SPARC;ACTC1;COL4A2;FN1;LPP;RAMP1,Drug_Perturbations_from_GEO_up,Myofibroblasts_UP→UPmatch
Drug_Perturbations_from_GEO_up,DETA NONOate 24890998 mouse GSE22087 sample 3212,12/600,0.012373668538002,0.0483241919930081,0,0,2.203852327447833,9.67972618542209,NR4A1;CNN1;PPP1R14A;TAGLN;MYOC;FAM13C;MCAM;ITGA8;FLNC;NCMAP;IL17B;SNCA,Drug_Perturbations_from_GEO_up,Myofibroblasts_UP→UPmatch
Drug_Perturbations_from_GEO_up,bexarotene 82146 rat GSE3952 sample 3564,8/325,0.0127105181192814,0.0491965143277543,0,0,2.702950046798627,11.799256575082708,ACTA1;SPARC;LGALS1;CKM;CSRP1;TPM2;ANXA6;MYL9,Drug_Perturbations_from_GEO_up,Myofibroblasts_UP→UPmatch
Drug_Perturbations_from_GEO_up,Laccaic Acid 5355255 human GSE45804 sample 2490,8/325,0.0127105181192814,0.0491965143277543,0,0,2.702950046798627,11.799256575082708,SLC12A2;SOX2;PLA2G16;SYNPO2;PMP22;NEDD9;FBXO32;RERG,Drug_Perturbations_from_GEO_up,Myofibroblasts_UP→UPmatch
Drug_Perturbations_from_GEO_up,Rosiglitazone 77999 mouse GSE7193 sample 3091,7/263,0.013061920825773,0.050331934915312,0,0,2.9217469262295084,12.674696200168736,NR4A1;LDHB;LGALS1;ALDH1A1;FHL1;LPL;ARHGAP24,Drug_Perturbations_from_GEO_up,Myofibroblasts_UP→UPmatch
Drug_Perturbations_from_GEO_up,quercetin 5280343 rat GSE7479 sample 3409,9/394,0.0132731530804058,0.0509195739854508,0,0,2.508789552988448,10.843018175130938,SLC12A2;SH3BGRL;PGRMC1;CD151;STMN1;S100A6;HADH;FILIP1L;BCAS1,Drug_Perturbations_from_GEO_up,Myofibroblasts_UP→UPmatch
Drug_Perturbations_from_GEO_up,estradiol 5757 mouse GSE2195 sample 3622,8/328,0.0133702524976882,0.0510661185704657,0,0,2.677197802197802,11.551366939799786,CNN1;ACTA1;TAGLN;LGALS1;CSRP1;COL4A2;DSTN;ACTG2,Drug_Perturbations_from_GEO_up,Myofibroblasts_UP→UPmatch
Drug_Perturbations_from_GEO_up,etanercept DB00005 human GSE41663 sample 2603,7/265,0.0135682599923848,0.0514734475279323,0,0,2.8988012030329986,12.464909056653497,MFAP4;AZGP1;SYNM;SPARC;NRN1;LPL;S100B,Drug_Perturbations_from_GEO_up,Myofibroblasts_UP→UPmatch
Drug_Perturbations_from_GEO_up,"1,25 dihydroxyvitamin D 5280453 human GSE15947 sample 2493",8/329,0.0135956395431332,0.0514734475279323,0,0,2.6687206874122764,11.470177952426296,CD151;SERPINE2;SEMA3C;MCAM;SEMA3B;PLAT;SULF1;KLK6,Drug_Perturbations_from_GEO_up,Myofibroblasts_UP→UPmatch
Drug_Perturbations_from_GEO_up,Cadmium dichloride 24947 rat GSE31503 sample 3282,9/396,0.0136786078084124,0.0515624042169288,0,0,2.495567261981241,10.71078038444835,SHC4;CSRP1;SEMA3C;SGCA;SEMA3B;S100A6;VWA1;PLAT;CRYAB,Drug_Perturbations_from_GEO_up,Myofibroblasts_UP→UPmatch
Drug_Perturbations_from_GEO_up,fenretinide 5288209 rat GSE3952 sample 3561,9/397,0.0138847513196492,0.0521128978101122,0,0,2.489007233582047,10.645394503977808,AOC3;ACTA2;CSRP1;PRX;SPARCL1;WFDC1;MYH11;PLAT;SERPINB9,Drug_Perturbations_from_GEO_up,Myofibroblasts_UP→UPmatch
Drug_Perturbations_from_GEO_up,estradiol 5757 human GSE24592 sample 3347,8/331,0.0140547395498958,0.0524239013787942,0,0,2.651923927465723,11.309913512174248,NR4A2;PCP4;SERPINE2;BAG2;SEMA3C;PEG10;FN1;PLAT,Drug_Perturbations_from_GEO_up,Myofibroblasts_UP→UPmatch
Drug_Perturbations_from_GEO_up,doxycycline DB00254 mouse GSE29848 sample 3209,7/267,0.0140885455839204,0.0524239013787942,0,0,2.8762084909625893,12.259531460980575,TAGLN;SPARC;LGALS1;PMP22;FN1;VIM;LEFTY2,Drug_Perturbations_from_GEO_up,Myofibroblasts_UP→UPmatch
Drug_Perturbations_from_GEO_up,"doxorubicin, 2xEC50, 3 d 31703 human GSE6930 sample 3264",7/268,0.014353980116735,0.052775066902829,0,0,2.8650419781002032,12.158458907137645,SPARC;TNFAIP6;TPM2;TPM1;VIM;FLNC;CES1,Drug_Perturbations_from_GEO_up,Myofibroblasts_UP→UPmatch
Drug_Perturbations_from_GEO_up,PLX4032 DB05238 human GSE24862 sample 2570,6/207,0.0143655314752798,0.052775066902829,0,0,3.181213497728748,13.49764579212628,PLN;SYNPO2;PEG10;LMOD1;FBXO32;CRYAB,Drug_Perturbations_from_GEO_up,Myofibroblasts_UP→UPmatch
Drug_Perturbations_from_GEO_up,phenytoin DB00252 rat GSE2880 sample 3291,6/207,0.0143655314752798,0.052775066902829,0,0,3.181213497728748,13.49764579212628,ACTA1;PCP4;SERPINE2;SPARCL1;MT3;BCAS1,Drug_Perturbations_from_GEO_up,Myofibroblasts_UP→UPmatch
Drug_Perturbations_from_GEO_up,resveratrol DB02709 mouse GSE7111 sample 3496,8/337,0.0154999865794433,0.0567024825501155,0,0,2.602758943184475,10.845478199171191,PLA2G16;PGRMC1;LGALS1;SERPINE2;S100A6;DSTN;VIM;ASPN,Drug_Perturbations_from_GEO_up,Myofibroblasts_UP→UPmatch
Drug_Perturbations_from_GEO_up,methylprednisolone 6741 rat GSE490 sample 3665,7/274,0.0160222103648616,0.0581224116583054,0,0,2.79979943103907,11.573753132436636,NR4A1;DES;CKM;ALDH1A1;LPL;FLNC;GYG1,Drug_Perturbations_from_GEO_up,Myofibroblasts_UP→UPmatch
Drug_Perturbations_from_GEO_up,Monuron 8800 rat GSE51163 sample 2467,7/274,0.0160222103648616,0.0581224116583054,0,0,2.79979943103907,11.573753132436636,CNN1;ACTA1;MFAP4;FAM13C;SEMA3B;MYL9;LPP,Drug_Perturbations_from_GEO_up,Myofibroblasts_UP→UPmatch
Drug_Perturbations_from_GEO_up,Phosgene 6371 mouse GSE2565 sample 3613,8/341,0.0165215812586998,0.0596842122970532,0,0,2.5709665709665708,10.548901565450125,NR4A1;PGRMC1;RGCC;SERPINE2;S100A6;MAL;LPL;ITGA6,Drug_Perturbations_from_GEO_up,Myofibroblasts_UP→UPmatch
Drug_Perturbations_from_GEO_up,letrozole 3902 human GSE5462 sample 3097,7/277,0.0169060232626433,0.0608195940610448,0,0,2.768265533292856,11.294759548961284,LDHB;SH3BGRL;SPARC;S100A6;DSTN;VIM;WFDC2,Drug_Perturbations_from_GEO_up,Myofibroblasts_UP→UPmatch
Drug_Perturbations_from_GEO_up,estradiol 5757 human GSE24592 sample 3346,8/343,0.0170502447443169,0.0610849677410033,0,0,2.5553550926685253,10.40436008378658,PTPRE;PLA2G16;INPP5A;SERPINE2;VWA1;PLAT;SERPINB9;MYLK,Drug_Perturbations_from_GEO_up,Myofibroblasts_UP→UPmatch
Drug_Perturbations_from_GEO_up,vitamin c DB00126 mouse GSE46319 sample 3506,8/344,0.0173191060259029,0.0617928597714314,0,0,2.5476190476190474,10.33300271851062,ACTA2;TAGLN;SERPINE2;TNFAIP6;MME;SLMAP;MYL9;ACTG2,Drug_Perturbations_from_GEO_up,Myofibroblasts_UP→UPmatch
Drug_Perturbations_from_GEO_up,torcetrapib 159325 human GSE15918 sample 3172,9/413,0.0175052957247149,0.0619783713327489,0,0,2.388463431978557,9.661936071463542,NR4A2;C11ORF96;SHC4;RCAN1;NR4A1;EGR2;RGCC;DUSP3;PDE4D,Drug_Perturbations_from_GEO_up,Myofibroblasts_UP→UPmatch
Drug_Perturbations_from_GEO_up,pioglitazone DB01132 rat GSE21329 sample 2841,7/279,0.017514072637282,0.0619783713327489,0,0,2.7476293796207005,11.113475500762029,LDHB;LGALS1;COL4A2;TNC;MBP;HADH;ASPN,Drug_Perturbations_from_GEO_up,Myofibroblasts_UP→UPmatch
Drug_Perturbations_from_GEO_up,d-serine 71077 rat GSE10748 sample 3390,9/414,0.0177524537282685,0.0625665747252392,0,0,2.3824432166973604,9.604180224073536,CYFIP2;LDHB;DYNC1LI2;DUSP3;NRN1;NOV;STMN1;FXYD6;SNCA,Drug_Perturbations_from_GEO_up,Myofibroblasts_UP→UPmatch
Drug_Perturbations_from_GEO_up,heroin 5462328 mouse GSE30305 sample 2620,8/347,0.0181440218762152,0.0636877205128688,0,0,2.5246847547732503,10.122506769316514,CYFIP2;NR4A2;MLIP;PGRMC1;NRN1;STMN1;SPARCL1;WFDC2,Drug_Perturbations_from_GEO_up,Myofibroblasts_UP→UPmatch
Drug_Perturbations_from_GEO_up,"cytarabine, 2xEC50, 3 d 6253 human GSE6930 sample 3423",7/282,0.018454872044515,0.0645176373491714,0,0,2.717237953303527,10.848373832989637,ACTA2;SPARC;SERPINE2;TNFAIP6;FN1;VIM;CES1,Drug_Perturbations_from_GEO_up,Myofibroblasts_UP→UPmatch
Drug_Perturbations_from_GEO_up,halothane 3562 rat GSE6433 sample 3652,8/350,0.0189968064170788,0.066145506681154,0,0,2.502152817942292,9.917243653461703,CYFIP2;LDHB;PCP4;SPARC;FXYD1;SPARCL1;S100B;CRYAB,Drug_Perturbations_from_GEO_up,Myofibroblasts_UP→UPmatch
Drug_Perturbations_from_GEO_up,methylprednisolone 6741 rat GSE490 sample 3659,7/284,0.0191014884395952,0.0662439619085164,0,0,2.6973427235603955,10.676052878150042,ACTA1;DES;CKM;TPM1;REEP2;ALDH1A1;DYNLRB1,Drug_Perturbations_from_GEO_up,Myofibroblasts_UP→UPmatch
Drug_Perturbations_from_GEO_up,Etanercept DB00005 human GSE36177 sample 2597,6/221,0.0191989065716964,0.0663165418233498,0,0,2.9719413549039437,11.747792779941149,RGCC;FGFBP2;NOV;MAL;MBP;HADH,Drug_Perturbations_from_GEO_up,Myofibroblasts_UP→UPmatch
Drug_Perturbations_from_GEO_up,ubiquinol 9962735 mouse GSE15129 sample 3459,7/288,0.0204421290792725,0.0703306583798782,0,0,2.658401882426152,10.341601639932408,GPM6A;PPP1R1A;DSTN;EFHD1;ITGB8;CRYAB;WFDC2,Drug_Perturbations_from_GEO_up,Myofibroblasts_UP→UPmatch
Drug_Perturbations_from_GEO_up,cisplatin DB00515 human GSE47856 sample 3153,7/289,0.0207872944277049,0.0712355109439532,0,0,2.6488392822540017,10.260049368324449,CYFIP2;TGFB2;SERPINE2;MME;SEMA3C;CRYAB;MYLK,Drug_Perturbations_from_GEO_up,Myofibroblasts_UP→UPmatch
Drug_Perturbations_from_GEO_up,PLX4032 DB05238 human GSE24862 sample 2565,6/226,0.0211652367756363,0.0722451192302232,0,0,2.9036561264822134,11.19474194458291,SOX2;CPM;MLIP;CRYAB;SOX4;AIF1L,Drug_Perturbations_from_GEO_up,Myofibroblasts_UP→UPmatch
Drug_Perturbations_from_GEO_up,estradiol DB00783 human GSE24592 sample 2732,8/358,0.0214107070852149,0.0727964040897307,0,0,2.443956043956044,9.394235023966251,NR4A2;PTPRE;PLA2G16;PDLIM3;PLAT;ITGA6;SERPINB9;MYLK,Drug_Perturbations_from_GEO_up,Myofibroblasts_UP→UPmatch
Drug_Perturbations_from_GEO_up,pioglitazone DB01132 rat GSE20219 sample 2794,7/292,0.0218471489875074,0.0739901491100351,0,0,2.620554117534273,10.02017307015548,SH3BGRL;NOV;STMN1;PLP1;DYNLRB1;OXR1;SNCA,Drug_Perturbations_from_GEO_up,Myofibroblasts_UP→UPmatch
Drug_Perturbations_from_GEO_up,calcitriol 5280453 human GSE52819 sample 3129,8/360,0.0220466934842165,0.0743754212093998,0,0,2.42982017982018,9.268774183451107,CPM;SERPINE2;TNFAIP6;MME;SEMA3C;FN1;ITGB8;ARHGAP24,Drug_Perturbations_from_GEO_up,Myofibroblasts_UP→UPmatch
Drug_Perturbations_from_GEO_up,methylprednisolone 6741 rat GSE490 sample 3658,7/293,0.0222086241720946,0.0746313068108763,0,0,2.6112575948641523,9.941774687097164,AOC3;PPP1R1A;TPM1;PGAM2;ALDH1A1;LPL;DYNLRB1,Drug_Perturbations_from_GEO_up,Myofibroblasts_UP→UPmatch
Drug_Perturbations_from_GEO_up,nicotinamide riboside 439924 mouse GSE62194 sample 3471,6/230,0.0228333879358576,0.0764345457157859,0,0,2.8512228260869565,10.77628628807581,CSRP1;CRTAC1;ANXA6;MT3;WFDC2;BCAS1,Drug_Perturbations_from_GEO_up,Myofibroblasts_UP→UPmatch
Drug_Perturbations_from_GEO_up,"doxorubicin, 2xEC50, 1 d 31703 human GSE6930 sample 3263",7/296,0.023317913278648,0.0777562723561071,0,0,2.583754041635941,9.71112587204932,SPARC;SCRN1;TPM1;FN1;GYG1;CTNNAL1;CES1,Drug_Perturbations_from_GEO_up,Myofibroblasts_UP→UPmatch
Drug_Perturbations_from_GEO_up,methylprednisolone 6741 rat GSE490 sample 3668,7/298,0.0240783639333268,0.079984450307258,0,0,2.56573338591253,9.56105563356902,NR4A1;RGCC;PPP1R1A;PGAM2;ALDH1A1;LPL;FLNC,Drug_Perturbations_from_GEO_up,Myofibroblasts_UP→UPmatch
Drug_Perturbations_from_GEO_up,morphine 5288826 mouse GSE7762 sample 3493,6/237,0.0259616165724626,0.085563351064021,0,0,2.763833992094862,10.09113411108661,GPM6A;NRN1;NOV;STMN1;SPARCL1;MT3,Drug_Perturbations_from_GEO_up,Myofibroblasts_UP→UPmatch
Drug_Perturbations_from_GEO_up,methamphetamine 10836 mouse GSE30305 sample 2665,5/175,0.0260091370744677,0.085563351064021,0,0,3.12241653418124,11.394657691490062,PCP4;PNCK;MIA;SCRG1;KLK6,Drug_Perturbations_from_GEO_up,Myofibroblasts_UP→UPmatch
Drug_Perturbations_from_GEO_up,levetiracetam 5284583 rat GSE2880 sample 2671,7/303,0.026053892365515,0.085563351064021,0,0,2.5217471569930585,9.198294928427728,GPM6A;SH3BGRL;SH3BP5;PLP1;SORBS2;OXR1;GPM6B,Drug_Perturbations_from_GEO_up,Myofibroblasts_UP→UPmatch
Drug_Perturbations_from_GEO_up,carboplatin DB00958 human GSE49577 sample 3178,7/305,0.0268742721027163,0.0873664663908938,0,0,2.5045659588513587,9.057977875926827,SLC12A2;LDHB;SPARC;SERPINE2;ALDH1B1;PLAT;FLNC,Drug_Perturbations_from_GEO_up,Myofibroblasts_UP→UPmatch
Drug_Perturbations_from_GEO_up,"1,2,4-BENZENETRIOL 10787 human GSE7664 sample 3535",8/374,0.0268773702643496,0.0873664663908938,0,0,2.335194859785024,8.445163556945973,EGR2;SPARC;P2RX1;TGFB1I1;MYL9;LTBP1;CES1;MYLK,Drug_Perturbations_from_GEO_up,Myofibroblasts_UP→UPmatch
Drug_Perturbations_from_GEO_up,Curcumin 969516 human GSE16160 sample 3425,6/239,0.0269052439750503,0.0873664663908938,0,0,2.739830192200037,9.905675417587338,PTPRE;LGALS1;MPZ;SH3BP5;VIM;FILIP1L,Drug_Perturbations_from_GEO_up,Myofibroblasts_UP→UPmatch
Drug_Perturbations_from_GEO_up,NVP-TNKS656 (tankyrase inhibitor) 71227201 human GSE55624 sample 3247,7/307,0.0277121173554172,0.089650767713234,0,0,2.487613843351548,8.920298439797577,SLC12A2;CSRP1;TRBC2;TGFB1I1;PLAT;ITGA6;SERPINB9,Drug_Perturbations_from_GEO_up,Myofibroblasts_UP→UPmatch
Drug_Perturbations_from_GEO_up,Insulin 3989 human GSE22309 sample 3370,7/308,0.0281376354675391,0.0903530738902091,0,0,2.479222264582539,8.852428181691016,NR4A1;EGR2;MYOC;PDE4D;PMP22;SH3BP5;LPP,Drug_Perturbations_from_GEO_up,Myofibroblasts_UP→UPmatch
Drug_Perturbations_from_GEO_up,permethrin DB04930 rat GSE7955 sample 3417,7/308,0.0281376354675391,0.0903530738902091,0,0,2.479222264582539,8.852428181691016,HHATL;PPP1R14A;PDLIM3;KCNK12;NEK1;PSMF1;CRYAB,Drug_Perturbations_from_GEO_up,Myofibroblasts_UP→UPmatch
Drug_Perturbations_from_GEO_up,vemurafenib DB08881 human GSE37441 sample 2564,6/242,0.0283629498473274,0.0907255942023319,0,0,2.704587324981577,9.635556366871093,FGFBP2;DUSP3;PLP1;LPIN1;SOX4;AIF1L,Drug_Perturbations_from_GEO_up,Myofibroblasts_UP→UPmatch
Drug_Perturbations_from_GEO_up,"2,3,7,8-tetrachlorodibenzo-p-dioxin 10852289 human GSE24193 sample 3189",7/309,0.0285675746450249,0.0907255942023319,0,0,2.470886259182861,8.785193985709864,SERPINE2;TNFAIP6;SCRN1;FHL1;S100A6;VIM;SOX4,Drug_Perturbations_from_GEO_up,Myofibroblasts_UP→UPmatch
Drug_Perturbations_from_GEO_up,Lipopolysaccharide 11970143 mouse GSE367 sample 3656,7/309,0.0285675746450249,0.0907255942023319,0,0,2.470886259182861,8.785193985709864,SLC12A2;SH3BGRL;ALDH1A1;PLP1;S100B;RAMP1;GPM6B,Drug_Perturbations_from_GEO_up,Myofibroblasts_UP→UPmatch
Drug_Perturbations_from_GEO_up,estradiol 5757 human GSE24592 sample 3344,7/310,0.0290019526905355,0.0917689524915851,0,0,2.462605276921135,8.718588309955488,RCAN1;PTPRE;PLA2G16;SERPINE2;ITGA6;SERPINB9;MYLK,Drug_Perturbations_from_GEO_up,Myofibroblasts_UP→UPmatch
Drug_Perturbations_from_GEO_up,alfacalcidol 5282181 human GSE15947 sample 3362,8/381,0.0295500227900734,0.093163162759977,0,0,2.2905459152107945,8.066548582951581,NR4A2;TGFB2;RGCC;MCAM;SEMA3B;PLAT;SULF1;KLK6,Drug_Perturbations_from_GEO_up,Myofibroblasts_UP→UPmatch
Drug_Perturbations_from_GEO_up,resveratrol DB02709 mouse GSE62194 sample 3466,7/312,0.0298840955186595,0.0938750391836154,0,0,2.446206216966765,8.5872329078121,ALDH1A1;SPARCL1;VIM;S100B;SULF1;GPM6B;WFDC2,Drug_Perturbations_from_GEO_up,Myofibroblasts_UP→UPmatch
Drug_Perturbations_from_GEO_up,formaldehyde 712 rat GSE7002 sample 3538,7/318,0.0326388417854945,0.1021583964910606,0,0,2.398274559415248,8.2075004687734,NR4A2;RCAN1;NR4A1;EGR2;COL9A3;MYH11;ACTG2,Drug_Perturbations_from_GEO_up,Myofibroblasts_UP→UPmatch
Drug_Perturbations_from_GEO_up,ubiquinol 9962735 mouse GSE15129 sample 3461,6/251,0.0330459654662364,0.1030606189180828,0,0,2.604037267080745,8.87939156236096,LDHB;PGRMC1;LGALS1;PGAM2;LPL;HADH,Drug_Perturbations_from_GEO_up,Myofibroblasts_UP→UPmatch
Drug_Perturbations_from_GEO_up,cycloheximide 6197 human GSE8597 sample 3059,7/320,0.0335936337252426,0.1043931198558614,0,0,2.382705703661028,8.085518097185606,C11ORF96;TAGLN;RGCC;COL4A2;ANXA6;SULF1;ACTG2,Drug_Perturbations_from_GEO_up,Myofibroblasts_UP→UPmatch
Drug_Perturbations_from_GEO_up,LMP-420 497668 human GSE20211 sample 3222,7/322,0.0345669069847814,0.1067213016165833,0,0,2.3673345476624164,7.965745775355391,AOC3;NR4A2;PTPRE;INPP5A;LGALS1;P2RX1;RAMP1,Drug_Perturbations_from_GEO_up,Myofibroblasts_UP→UPmatch
Drug_Perturbations_from_GEO_up,cyclosporine DB00091 mouse GSE1809 sample 3299,6/254,0.0347121188649094,0.1067213016165833,0,0,2.572142356241234,8.64411240851828,ACTA2;ACTC1;TPM1;TNC;LPL;DYNLRB1,Drug_Perturbations_from_GEO_up,Myofibroblasts_UP→UPmatch
Drug_Perturbations_from_GEO_up,quercetin DB04216 mouse GSE38136 sample 3438,6/254,0.0347121188649094,0.1067213016165833,0,0,2.572142356241234,8.64411240851828,AZGP1;PGRMC1;ALDH1A1;DSTN;HADH;LPIN1,Drug_Perturbations_from_GEO_up,Myofibroblasts_UP→UPmatch
Drug_Perturbations_from_GEO_up,estradiol DB00783 human GSE46924 sample 2487,8/394,0.0349899192825543,0.1071952650811824,0,0,2.2119227922336733,7.41590310408951,PCP4;SYNPO2;FHL1;HSD17B6;FAM83D;CTNNAL1;AURKB;RERG,Drug_Perturbations_from_GEO_up,Myofibroblasts_UP→UPmatch
Drug_Perturbations_from_GEO_up,Arachidonic acid DB04557 human GSE3737 sample 3171,8/395,0.0354346778129513,0.1081755833233409,0,0,2.206093647954113,7.368494722248128,RCAN1;LDHB;PGRMC1;SPARC;FN1;DSTN;PLAT;VIM,Drug_Perturbations_from_GEO_up,Myofibroblasts_UP→UPmatch
Drug_Perturbations_from_GEO_up,Retinoic acid 444795 human GSE54464 sample 3140,8/396,0.0358832570190512,0.108933747163017,0,0,2.200294550810015,7.321445948512216,TAGLN;EGR2;RGCC;CSRP1;SLMAP;PLAT;LPIN1;MYLK,Drug_Perturbations_from_GEO_up,Myofibroblasts_UP→UPmatch
Drug_Perturbations_from_GEO_up,paclitaxel 36314 human GSE12791 sample 3238,5/191,0.035934315673152,0.108933747163017,0,0,2.851496657948271,9.48425630734706,LGALS1;S100A6;FN1;ITGA6;VIM,Drug_Perturbations_from_GEO_up,Myofibroblasts_UP→UPmatch
Drug_Perturbations_from_GEO_up,Perfluorooctanoic Acid 9554 mouse GSE13044 sample 3518,7/327,0.0370817268000955,0.1115685840962304,0,0,2.3297472677595628,7.675657500137182,SLC12A2;FGF7;ACTC1;PLN;ALDH1B1;CASQ2;SNCA,Drug_Perturbations_from_GEO_up,Myofibroblasts_UP→UPmatch
Drug_Perturbations_from_GEO_up,diclofenac DB00586 human GSE28185 sample 3057,7/327,0.0370817268000955,0.1115685840962304,0,0,2.3297472677595628,7.675657500137182,SPARC;LGALS1;RAP1A;S100A6;VIM;GYG1;CES1,Drug_Perturbations_from_GEO_up,Myofibroblasts_UP→UPmatch
Drug_Perturbations_from_GEO_up,thapsigargin 446378 human GSE19519 sample 3236,8/399,0.0372520378653606,0.1115685840962304,0,0,2.1830752367836768,7.182423687291066,NR4A2;NR4A1;EGR2;FGF7;RGCC;SERPINE2;VIM;FILIP1L,Drug_Perturbations_from_GEO_up,Myofibroblasts_UP→UPmatch
Drug_Perturbations_from_GEO_up,alitretinoin DB00523 rat GSE3952 sample 2674,5/193,0.037318211520077,0.1115685840962304,0,0,2.8208740655549165,9.27580635896764,ACTA2;TAGLN;LGALS1;GYG1;ACTG2,Drug_Perturbations_from_GEO_up,Myofibroblasts_UP→UPmatch
Drug_Perturbations_from_GEO_up,formaldehyde 712 rat GSE7002 sample 3547,7/328,0.037598799967803,0.1116647789036556,0,0,2.322370324974891,7.619193418267049,ACTA2;GPM6A;PLLP;REEP2;MAL;PLAT;ASPN,Drug_Perturbations_from_GEO_up,Myofibroblasts_UP→UPmatch
Drug_Perturbations_from_GEO_up,adenosine triphosphate 5957 human GSE30903 sample 3219,6/259,0.0376079762858909,0.1116647789036556,0,0,2.5206650627255542,8.269140336153905,NR4A2;C11ORF96;TNFAIP6;SH3BP5;PLAT;SERPINB9,Drug_Perturbations_from_GEO_up,Myofibroblasts_UP→UPmatch
Drug_Perturbations_from_GEO_up,pioglitazone DB01132 human GSE8157 sample 2796,7/331,0.0391784835315652,0.1159308710643927,0,0,2.30051271672401,7.45280442771359,LDHB;MBNL1-AS1;LGALS1;FXYD1;CASQ2;FN1;CRYAB,Drug_Perturbations_from_GEO_up,Myofibroblasts_UP→UPmatch
Drug_Perturbations_from_GEO_up,methylprednisolone 6741 rat GSE490 sample 3662,6/262,0.0394175797076353,0.1162416381174143,0,0,2.4907438858695654,8.053928395250427,NR4A1;RGCC;CKM;SPARCL1;LPL;GYG1,Drug_Perturbations_from_GEO_up,Myofibroblasts_UP→UPmatch
Drug_Perturbations_from_GEO_up,heroin 5462328 mouse GSE30305 sample 2611,7/333,0.0402554558222585,0.1183101023657564,0,0,2.28616447081699,7.344325620423858,CYFIP2;SPARC;NRN1;STMN1;SPARCL1;S100B;WFDC2,Drug_Perturbations_from_GEO_up,Myofibroblasts_UP→UPmatch
Drug_Perturbations_from_GEO_up,motexafin gadolinium (24 h) DB05428 human GSE2189 sample 3128,5/198,0.040919822968192,0.119856373356157,0,0,2.747094244503571,8.780099623243759,LDHB;CD151;CSRP1;DSTN;CRYAB,Drug_Perturbations_from_GEO_up,Myofibroblasts_UP→UPmatch
Drug_Perturbations_from_GEO_up,Promegestone 36709 human GSE67561 sample 3694,6/265,0.0412817484204674,0.1199058818672909,0,0,2.461515863689777,7.84567518185053,AZGP1;LGALS1;PLLP;EFHD1;FBXO32;FAM83D,Drug_Perturbations_from_GEO_up,Myofibroblasts_UP→UPmatch
Drug_Perturbations_from_GEO_up,vemurafenib DB08881 human GSE37441 sample 2561,6/265,0.0412817484204674,0.1199058818672909,0,0,2.461515863689777,7.84567518185053,PNCK;SPARC;SEMA3C;ALDH1A1;WFDC2;SOX4,Drug_Perturbations_from_GEO_up,Myofibroblasts_UP→UPmatch
Drug_Perturbations_from_GEO_up,Lipopolysaccharide 11970143 human GSE3140 sample 3594,7/335,0.0413516247731487,0.1199058818672909,0,0,2.2719912035185925,7.237754157454231,CPM;DUSP3;TNFAIP6;ITGB8;PLAT;FXYD6;ITGA6,Drug_Perturbations_from_GEO_up,Myofibroblasts_UP→UPmatch
Drug_Perturbations_from_GEO_up,alfacalcidol 5282181 human GSE15947 sample 3363,6/266,0.0419153283249255,0.1211352988590348,0,0,2.451923076923077,7.777754234534465,CD151;SERPINE2;SEMA3C;SEMA3B;SULF1;KLK6,Drug_Perturbations_from_GEO_up,Myofibroblasts_UP→UPmatch
Drug_Perturbations_from_GEO_up,HYPOCHLOROUS ACID 24341 mouse GSE15457 sample 3385,6/267,0.0425550251224798,0.1225754378112625,0,0,2.442403798100949,7.71056457738721,RCAN1;PTPRE;PGRMC1;RGCC;SERPINB9;CTNNAL1,Drug_Perturbations_from_GEO_up,Myofibroblasts_UP→UPmatch
Drug_Perturbations_from_GEO_up,d-serine 71077 rat GSE10748 sample 3387,8/411,0.0430782271781175,0.1236715992166488,0,0,2.1167616502604094,6.656659908196066,CYFIP2;PGRMC1;NOV;STMN1;DSTN;FXYD6;S100B;SNCA,Drug_Perturbations_from_GEO_up,Myofibroblasts_UP→UPmatch
Drug_Perturbations_from_GEO_up,estradiol 5757 mouse GSE2195 sample 3619,6/271,0.0451752231709314,0.128838547661834,0,0,2.405045118949959,7.448921380913894,ACTA2;NR4A1;RGCC;SPARC;BAG2;MYLK,Drug_Perturbations_from_GEO_up,Myofibroblasts_UP→UPmatch
Drug_Perturbations_from_GEO_up,Cobalt dichloride hexahydrate 24643 rat GSE51207 sample 3114,6/271,0.0451752231709314,0.128838547661834,0,0,2.405045118949959,7.448921380913894,PGRMC1;CSRP1;ALDH1A1;WFDC1;FAM83D;AURKB,Drug_Perturbations_from_GEO_up,Myofibroblasts_UP→UPmatch
Drug_Perturbations_from_GEO_up,dexamethasone DB01234 mouse GSE11056 sample 3358,6/272,0.045845682208673,0.1303219884423592,0,0,2.3958810068649887,7.385241526079575,AOC3;ACTA1;AZGP1;RGCC;NOV;LPL,Drug_Perturbations_from_GEO_up,Myofibroblasts_UP→UPmatch
Drug_Perturbations_from_GEO_up,vitamin c DB00126 mouse GSE19379 sample 3512,7/345,0.0471236283435016,0.1330820383511919,0,0,2.2036408316357874,6.732080299421285,SBSPON;FGF7;MYOCD;PLP1;MBP;FBXO32;MYL9,Drug_Perturbations_from_GEO_up,Myofibroblasts_UP→UPmatch
Drug_Perturbations_from_GEO_up,NICKEL 935 human GSE6281 sample 3481,7/345,0.0471236283435016,0.1330820383511919,0,0,2.2036408316357874,6.732080299421285,CYFIP2;LDHB;SERPINE2;TNFAIP6;NOV;TNC;SULF1,Drug_Perturbations_from_GEO_up,Myofibroblasts_UP→UPmatch
Drug_Perturbations_from_GEO_up,MEK inhibitor (MEKi -AZD6244) 10127622 human GSE55624 sample 3250,6/275,0.0478942088625401,0.134819087934488,0,0,2.368797478584128,7.198208642602473,RGCC;CSRP1;ALDH1B1;TGFB1I1;TPM1;MYL9,Drug_Perturbations_from_GEO_up,Myofibroblasts_UP→UPmatch
Drug_Perturbations_from_GEO_up,MT19c compound SID 134222379 human GSE23616 sample 3353,6/276,0.0485894658247026,0.1358937640968296,0,0,2.359903381642512,7.137170309402545,SERPINE2;NOV;TNC;FN1;ITGB8;ITGA6,Drug_Perturbations_from_GEO_up,Myofibroblasts_UP→UPmatch
Drug_Perturbations_from_GEO_up,Perfluorooctanoic Acid 9554 mouse GSE13044 sample 3519,6/276,0.0485894658247026,0.1358937640968296,0,0,2.359903381642512,7.137170309402545,SLC12A2;ARPP21;NOV;LPL;FXYD6;SNCA,Drug_Perturbations_from_GEO_up,Myofibroblasts_UP→UPmatch
Drug_Perturbations_from_GEO_up,heroin 5462328 mouse GSE30305 sample 2668,7/350,0.0501937879377388,0.139480814557755,0,0,2.17096018735363,6.495217643440521,SOX2;PCP4;EGR2;PGRMC1;SPARC;SPARCL1;GPM6B,Drug_Perturbations_from_GEO_up,Myofibroblasts_UP→UPmatch
Drug_Perturbations_from_GEO_up,clozapine 2818 mouse GSE6511 sample 2469,7/350,0.0501937879377388,0.139480814557755,0,0,2.17096018735363,6.495217643440521,NR4A2;NR4A1;EGR2;SH3BGRL;PNCK;RAP1A;NOV,Drug_Perturbations_from_GEO_up,Myofibroblasts_UP→UPmatch
Drug_Perturbations_from_GEO_up,carboplatin DB00958 human GSE49577 sample 3176,6/279,0.0507126017810207,0.140024922752054,0,0,2.3336120401337794,6.957852954863304,LDHB;BAG2;NEXN;FILIP1;PLAT;CRYAB,Drug_Perturbations_from_GEO_up,Myofibroblasts_UP→UPmatch
Drug_Perturbations_from_GEO_up,cisplatin DB00515 mouse GSE6206 sample 3412,6/279,0.0507126017810207,0.140024922752054,0,0,2.3336120401337794,6.957852954863304,NR4A1;LDHB;PGRMC1;SERPINE2;STMN1;CRYAB,Drug_Perturbations_from_GEO_up,Myofibroblasts_UP→UPmatch
Drug_Perturbations_from_GEO_up,imatinib DB00619 human GSE1922 sample 2513,6/280,0.051432794736921,0.1411146615092106,0,0,2.324976198032371,6.89931869432715,SH3BGRL;RGCC;ALDH1A1;LMOD1;CRYAB;LTBP1,Drug_Perturbations_from_GEO_up,Myofibroblasts_UP→UPmatch
Drug_Perturbations_from_GEO_up,quercetin DB04216 mouse GSE38141 sample 3435,6/280,0.051432794736921,0.1411146615092106,0,0,2.324976198032371,6.89931869432715,SH3BGRL;PGRMC1;ALDH1B1;HSD17B6;HAGH;LPIN1,Drug_Perturbations_from_GEO_up,Myofibroblasts_UP→UPmatch
Drug_Perturbations_from_GEO_up,rosiglitazone DB00412 human GSE7035 sample 2810,6/281,0.0521592400993325,0.1426563443726224,0,0,2.316403162055336,6.841390022709235,PGRMC1;COL4A2;ALDH1A1;FN1;VIM;DYNLRB1,Drug_Perturbations_from_GEO_up,Myofibroblasts_UP→UPmatch
Drug_Perturbations_from_GEO_up,lapatinib 208908 human GSE38376 sample 3245,6/282,0.0528919443892129,0.1442053955517222,0,0,2.30789224952741,6.784059033772052,LDHB;PCP4;CD151;S100A6;EFHD1;HADH,Drug_Perturbations_from_GEO_up,Myofibroblasts_UP→UPmatch
Drug_Perturbations_from_GEO_up,vitamin c DB00126 mouse GSE32994 sample 3508,7/356,0.054042075320398,0.1468792454632761,0,0,2.13297947296726,6.224017813013419,SBSPON;GPM6A;MYOCD;NOV;STMN1;AURKB;ACTG2,Drug_Perturbations_from_GEO_up,Myofibroblasts_UP→UPmatch
Drug_Perturbations_from_GEO_up,cisplatin DB00515 human GSE6410 sample 2532,6/285,0.0551276697395948,0.1493615302007148,0,0,2.2827255726975224,6.615575007698831,ACTA2;SERPINE2;ALDH1A1;S100A6;NEDD9;GYG1,Drug_Perturbations_from_GEO_up,Myofibroblasts_UP→UPmatch
Drug_Perturbations_from_GEO_up,Lapatinib DB01259 human GSE38376 sample 3252,6/287,0.0566495485797293,0.1526883221517399,0,0,2.2662463252359584,6.50610144348073,LDHB;PCP4;CD151;S100A6;EFHD1;DYNLRB1,Drug_Perturbations_from_GEO_up,Myofibroblasts_UP→UPmatch
Drug_Perturbations_from_GEO_up,etanercept DB00005 human GSE47751 sample 2591,7/360,0.056707773624983,0.1526883221517399,0,0,2.108376290654654,6.050710998302151,AZGP1;EGR2;FGFBP2;MPZ;ALDH1A1;FXYD6;FAM83D,Drug_Perturbations_from_GEO_up,Myofibroblasts_UP→UPmatch
Drug_Perturbations_from_GEO_up,fluoxetine DB00472 mouse GSE35765 sample 2500,7/363,0.0587599134754684,0.1577239782762574,0,0,2.090286731749248,5.924490068864398,GPM6A;PCP4;PGRMC1;NRN1;SPARCL1;GPM6B;SNCA,Drug_Perturbations_from_GEO_up,Myofibroblasts_UP→UPmatch
Drug_Perturbations_from_GEO_up,deltamethrin 40585 rat GSE7955 sample 3419,6/290,0.0589795439421341,0.157824890734044,0,0,2.2419626454378445,6.346020116724984,ACTA1;TAGLN;BAG2;NOV;LPL;WFDC1,Drug_Perturbations_from_GEO_up,Myofibroblasts_UP→UPmatch
Drug_Perturbations_from_GEO_up,Retinoic acid 444795 mouse GSE1437 sample 3084,8/445,0.0627550813835021,0.1674112478753733,0,0,1.9486508914426532,5.394870637492911,CNN1;PTPRE;COL4A2;RNF13;TGFB1I1;PMP22;PLAT;SEMA3E,Drug_Perturbations_from_GEO_up,Myofibroblasts_UP→UPmatch
Drug_Perturbations_from_GEO_up,irinotecan DB00762 rat GSE11722 sample 2769,5/224,0.0629587984225807,0.1674395037802989,0,0,2.4177465136369247,6.685733409826859,ACTA2;NR4A1;SPARCL1;NEDD9;HSD17B6,Drug_Perturbations_from_GEO_up,Myofibroblasts_UP→UPmatch
Drug_Perturbations_from_GEO_up,methamphetamine 10836 mouse GSE30305 sample 2609,6/297,0.0646367295082458,0.1713762828246152,0,0,2.1872478709099057,5.9908116849583335,CYFIP2;TGFB2;PGRMC1;SPARC;SPARCL1;WFDC2,Drug_Perturbations_from_GEO_up,Myofibroblasts_UP→UPmatch
Drug_Perturbations_from_GEO_up,doxorubicin DB00997 human GSE58074 sample 3179,7/373,0.0659293204048844,0.1736876517960582,0,0,2.0321299531189347,5.525710896800311,ACTA2;RGCC;NOV;CRTAC1;EFHD1;PLAT;FBXO32,Drug_Perturbations_from_GEO_up,Myofibroblasts_UP→UPmatch
Drug_Perturbations_from_GEO_up,cadmium CID 23973 human GSE20320 sample 2550,6/299,0.0663098186211018,0.1736876517960582,0,0,2.172095266359994,5.893800870648933,AOC3;CPM;PDE4D;SEMA3B;CASQ2;BCAS1,Drug_Perturbations_from_GEO_up,Myofibroblasts_UP→UPmatch
Drug_Perturbations_from_GEO_up,lapatinib DB01259 human GSE38376 sample 2585,6/299,0.0663098186211018,0.1736876517960582,0,0,2.172095266359994,5.893800870648933,CD151;S100A6;DSTN;FBXO32;HADH;BCAS1,Drug_Perturbations_from_GEO_up,Myofibroblasts_UP→UPmatch
Drug_Perturbations_from_GEO_up,Phosgene 6371 mouse GSE2565 sample 3612,6/299,0.0663098186211018,0.1736876517960582,0,0,2.172095266359994,5.893800870648933,ACTA1;PGRMC1;RGCC;ALDH1A1;DSTN;LPL,Drug_Perturbations_from_GEO_up,Myofibroblasts_UP→UPmatch
Drug_Perturbations_from_GEO_up,soman 7305 rat GSE13428 sample 2640,9/532,0.0680638476705607,0.1777450479830607,0,0,1.8336942628059536,4.927703238713571,MFAP4;TAGLN;SPARC;LGALS1;S100A6;TNC;VIM;ARHGAP24;KLK6,Drug_Perturbations_from_GEO_up,Myofibroblasts_UP→UPmatch
Drug_Perturbations_from_GEO_up,N-NITROSODIMETHYLAMINE 6124 rat GSE5509 sample 3569,6/302,0.0688667334597276,0.1793016754041557,0,0,2.149750293772033,5.75183327881349,CD151;STMN1;ALDH1A1;DSTN;VIM;CRYAB,Drug_Perturbations_from_GEO_up,Myofibroblasts_UP→UPmatch
Drug_Perturbations_from_GEO_up,lysophosphatidic acid 3988 human GSE26309 sample 3225,6/304,0.0706028432041396,0.1827243733074299,0,0,2.1351035891450247,5.659486765282644,PTPRE;TAGLN;SMTN;NEDD9;PLAT;CTNNAL1,Drug_Perturbations_from_GEO_up,Myofibroblasts_UP→UPmatch
Drug_Perturbations_from_GEO_up,morphine 5288826 mouse GSE7762 sample 3487,6/304,0.0706028432041396,0.1827243733074299,0,0,2.1351035891450247,5.659486765282644,GPM6A;NR4A1;RGCC;PLP1;SPARCL1;PLAT,Drug_Perturbations_from_GEO_up,Myofibroblasts_UP→UPmatch
Drug_Perturbations_from_GEO_up,estradiol 5757 mouse GSE2195 sample 3620,7/380,0.0712501929221054,0.1838509442365042,0,0,1.993275612007208,5.265352645085859,NR4A1;CNN1;TGFB2;INPP5A;BAG2;ANXA6;ACTG2,Drug_Perturbations_from_GEO_up,Myofibroblasts_UP→UPmatch
Drug_Perturbations_from_GEO_up,Adriamycin DB00997 mouse GSE44355 sample 2486,6/305,0.071480340213907,0.1838974924791021,0,0,2.1278537152828267,5.6139863126263405,PPP1R14A;NRN1;SERPINE2;TNFAIP6;TGFB1I1;ITGA8,Drug_Perturbations_from_GEO_up,Myofibroblasts_UP→UPmatch
Drug_Perturbations_from_GEO_up,imatinib DB00619 human GSE1922 sample 2516,5/235,0.0739588750561063,0.1897110789161072,0,0,2.3008225616921267,5.991908143378287,SH3BGRL;RGCC;ALDH1A1;LMOD1;LTBP1,Drug_Perturbations_from_GEO_up,Myofibroblasts_UP→UPmatch
Drug_Perturbations_from_GEO_up,methamphetamine 10836 mouse GSE30305 sample 2621,6/310,0.0759620982373238,0.1942747468193502,0,0,2.092319794050343,5.392997727683285,NR4A2;TGFB2;PCP4;ALDH1A1;MAL;SCRG1,Drug_Perturbations_from_GEO_up,Myofibroblasts_UP→UPmatch
Drug_Perturbations_from_GEO_up,atorvastatin DB01076 human GSE11393 sample 3401,6/311,0.0768772721684461,0.195462155337369,0,0,2.0853528153955807,5.350066481745436,SERPINE2;SEMA3C;FN1;LPL;MYL9;SNCA,Drug_Perturbations_from_GEO_up,Myofibroblasts_UP→UPmatch
Drug_Perturbations_from_GEO_up,SODIUM BUTYRATE 5222465 mouse GSE4410 sample 3582,6/311,0.0768772721684461,0.195462155337369,0,0,2.0853528153955807,5.350066481745436,NR4A1;CSRP1;DSTN;PLAT;HADH;PDLIM7,Drug_Perturbations_from_GEO_up,Myofibroblasts_UP→UPmatch
Drug_Perturbations_from_GEO_up,amoxicillin DB01060 rat GSE2354 sample 2678,4/169,0.0778267958641349,0.1972977544275,0,0,2.560443141088302,6.537501345977256,PLLP;LPL;HSD17B6;MYL9,Drug_Perturbations_from_GEO_up,Myofibroblasts_UP→UPmatch
Drug_Perturbations_from_GEO_up,Lipopolysaccharide 11970143 human GSE5504 sample 3483,8/468,0.0788175048914746,0.1992267543466719,0,0,1.8490205446727184,4.697658878513211,NR4A2;C11ORF96;RCAN1;TNFAIP6;ITGB8;PLAT;SERPINB9;VIM,Drug_Perturbations_from_GEO_up,Myofibroblasts_UP→UPmatch
Drug_Perturbations_from_GEO_up,resveratrol DB02709 mouse GSE11291 sample 3504,6/314,0.079660337804805,0.2007718397580405,0,0,2.0647233201581026,5.223715850828866,NR4A1;PLA2G16;RGCC;LGALS1;FXYD1;HADH,Drug_Perturbations_from_GEO_up,Myofibroblasts_UP→UPmatch
Drug_Perturbations_from_GEO_up,diclofenac DB00586 human GSE39192 sample 3056,6/315,0.0806005190383222,0.2025526087136968,0,0,2.0579358379062898,5.182397314421994,PPP1R14A;FGFBP2;NRN1;COL4A2;REEP2;IL17B,Drug_Perturbations_from_GEO_up,Myofibroblasts_UP→UPmatch
Drug_Perturbations_from_GEO_up,carboplatin DB00958 human GSE49577 sample 3177,7/392,0.0809518387975962,0.2028475266980229,0,0,1.929955290611028,4.851716310934943,LDHB;NOV;SEMA3C;FLNC;FAM83D;CRYAB;AURKB,Drug_Perturbations_from_GEO_up,Myofibroblasts_UP→UPmatch
Drug_Perturbations_from_GEO_up,Interferon beta-1a DB00060 human GSE26104 sample 3187,7/394,0.0826399161051583,0.2064807125739836,0,0,1.9197836799819263,4.786524598580517,NR4A2;EGR2;FMNL2;TNFAIP6;MAP3K7CL;NEXN;SERPINB9,Drug_Perturbations_from_GEO_up,Myofibroblasts_UP→UPmatch
Drug_Perturbations_from_GEO_up,methamphetamine 10836 mouse GSE30305 sample 2619,5/244,0.0836893976357173,0.2079046067340027,0,0,2.213162953748728,5.490067145983758,NR4A2;EGR2;PGRMC1;PGAM2;WFDC2,Drug_Perturbations_from_GEO_up,Myofibroblasts_UP→UPmatch
Drug_Perturbations_from_GEO_up,imatinib DB00619 human GSE24493 sample 2764,5/244,0.0836893976357173,0.2079046067340027,0,0,2.213162953748728,5.490067145983758,SH3BGRL;LGALS1;ALDH1A1;VIM;SOX4,Drug_Perturbations_from_GEO_up,Myofibroblasts_UP→UPmatch
Drug_Perturbations_from_GEO_up,corticosterone 5753 rat GSE37618 sample 3094,6/319,0.0844235087816825,0.2087333662177441,0,0,2.0312196138352547,5.020990808353484,NR4A1;EGR2;PPP1R1A;ALDH1A1;NEXN;VIM,Drug_Perturbations_from_GEO_up,Myofibroblasts_UP→UPmatch
Drug_Perturbations_from_GEO_up,coenzyme Q10 5281915 mouse GSE15129 sample 3450,4/174,0.0845045115829621,0.2087333662177441,0,0,2.484503478810879,6.139084751798611,LDHB;PLP1;MBP;DYNLRB1,Drug_Perturbations_from_GEO_up,Myofibroblasts_UP→UPmatch
Drug_Perturbations_from_GEO_up,estradiol DB00783 human GSE8597 sample 2731,7/397,0.0852100275598921,0.2098781076546207,0,0,1.9047218719349868,4.690636952203173,PCP4;FHL1;HADH;FAM83D;CTNNAL1;AURKB;RERG,Drug_Perturbations_from_GEO_up,Myofibroblasts_UP→UPmatch
Drug_Perturbations_from_GEO_up,imatinib DB00619 human GSE22433 sample 2526,7/400,0.0878256391931228,0.2157077313893414,0,0,1.8898900151559392,4.596971880006573,LDHB;PEG10;FHL1;FXYD6;VIM;FLNC;SOX4,Drug_Perturbations_from_GEO_up,Myofibroblasts_UP→UPmatch
Drug_Perturbations_from_GEO_up,SODIUM PYRUVATE 23662274 mouse GSE5497 sample 3565,4/177,0.0886418131966996,0.2170973221512388,0,0,2.441046677854435,5.915026164224526,LGALS1;FN1;VIM;CRYAB,Drug_Perturbations_from_GEO_up,Myofibroblasts_UP→UPmatch
Drug_Perturbations_from_GEO_up,aldosterone 5839 mouse GSE434 sample 3655,6/324,0.0893416898214441,0.2175821490876181,0,0,1.9987694831829368,4.82760204614226,BAG2;TPM1;S100A6;ANXA6;MT3;SOX4,Drug_Perturbations_from_GEO_up,Myofibroblasts_UP→UPmatch
Drug_Perturbations_from_GEO_up,valproic acid DB00313 mouse GSE9247 sample 2838,6/324,0.0893416898214441,0.2175821490876181,0,0,1.9987694831829368,4.82760204614226,PLA2G16;NRN1;SERPINE2;S100A6;PMP22;HADH,Drug_Perturbations_from_GEO_up,Myofibroblasts_UP→UPmatch
Drug_Perturbations_from_GEO_up,simvastatin 54454 mouse GSE1871 sample 3618,7/402,0.0895945973252535,0.2175868792184727,0,0,1.8801272739849209,4.535732329464064,SLC12A2;DYNC1LI2;PGRMC1;FMNL2;MCAM;S100A6;DSTN,Drug_Perturbations_from_GEO_up,Myofibroblasts_UP→UPmatch
Drug_Perturbations_from_GEO_up,carboplatin DB00958 human GSE7035 sample 3060,4/178,0.0900423800132399,0.2180388991061139,0,0,2.4268940798418,5.842686413385603,LDHB;CSRP1;ALDH1A1;DSTN,Drug_Perturbations_from_GEO_up,Myofibroblasts_UP→UPmatch
Drug_Perturbations_from_GEO_up,lipopolysaccharide 11970143 human GSE40885 sample 2475,6/325,0.0903438212434677,0.2180388991061139,0,0,1.9924015265094728,4.789997564149646,CPM;LGALS1;TNFAIP6;NEXN;VIM;CES1,Drug_Perturbations_from_GEO_up,Myofibroblasts_UP→UPmatch
Drug_Perturbations_from_GEO_up,fenretinide DB05076 human GSE17480 sample 2529,5/250,0.0905351830198397,0.2180388991061139,0,0,2.158301158301158,5.184275514736157,BAG2;TNFAIP6;MYOC;FN1;MAL,Drug_Perturbations_from_GEO_up,Myofibroblasts_UP→UPmatch
Drug_Perturbations_from_GEO_up,doxorubicin DB00997 human GSE58074 sample 3180,6/326,0.0913520926582592,0.2193968541127722,0,0,1.9860733695652173,4.752741275202867,ACTA2;ACTA1;EGR2;RGCC;HSD17B6;SOX4,Drug_Perturbations_from_GEO_up,Myofibroblasts_UP→UPmatch
Drug_Perturbations_from_GEO_up,Lipopolysaccharide 11970143 human GSE3140 sample 3595,6/330,0.0954463429703921,0.2285966280533978,0,0,1.9611513687600644,4.607119229669291,CPM;TNFAIP6;ITGB8;ITGA6;SERPINB9;CES1,Drug_Perturbations_from_GEO_up,Myofibroblasts_UP→UPmatch
Drug_Perturbations_from_GEO_up,SODIUM BUTYRATE 5222465 mouse GSE4410 sample 3583,5/255,0.0964553350137848,0.2303767918924283,0,0,2.1145945945945948,4.945349994336841,NR4A1;CSRP1;DSTN;PLAT;HADH,Drug_Perturbations_from_GEO_up,Myofibroblasts_UP→UPmatch
Drug_Perturbations_from_GEO_up,Sodium dichromate 25408 rat GSE31503 sample 3285,6/332,0.0975299921929973,0.2323035803058479,0,0,1.94891971192318,4.536296431799356,SHC4;CSRP1;ALDH1A1;SEMA3B;S100A6;PLAT,Drug_Perturbations_from_GEO_up,Myofibroblasts_UP→UPmatch
Drug_Perturbations_from_GEO_up,vitamin c DB00126 mouse GSE32994 sample 3509,7/411,0.0978032603724208,0.2323162376517503,0,0,1.8373911161607963,4.271562025978621,SBSPON;MME;STMN1;ITGB8;SERPINB9;FAM83D;ASPN,Drug_Perturbations_from_GEO_up,Myofibroblasts_UP→UPmatch
Drug_Perturbations_from_GEO_up,metformin DB00331 human GSE33612 sample 2483,5/257,0.0988774616889136,0.2342128427223175,0,0,2.0975975975975976,4.853576451719281,SHC4;EGR2;RGCC;FHL1;FBXO32,Drug_Perturbations_from_GEO_up,Myofibroblasts_UP→UPmatch
Drug_Perturbations_from_GEO_up,CONCANAVALIN A 596316 mouse GSE17184 sample 3365,6/334,0.0996378491369809,0.2342128427223175,0,0,1.9368372216330856,4.466759518674704,RCAN1;NRN1;ALDH1A1;FN1;HSD17B6;LPIN1,Drug_Perturbations_from_GEO_up,Myofibroblasts_UP→UPmatch
Drug_Perturbations_from_GEO_up,estradiol 5757 mouse GSE2195 sample 3621,6/334,0.0996378491369809,0.2342128427223175,0,0,1.9368372216330856,4.466759518674704,NR4A1;CNN1;INPP5A;LGALS1;ANXA6;ACTG2,Drug_Perturbations_from_GEO_up,Myofibroblasts_UP→UPmatch
Drug_Perturbations_from_GEO_up,torcetrapib 159325 human GSE15918 sample 3035,7/413,0.0996822825427164,0.2342128427223175,0,0,1.828151498021481,4.215291990205741,NR4A2;C11ORF96;NR4A1;INPP5A;DUSP3;PDE4D;ANXA6,Drug_Perturbations_from_GEO_up,Myofibroblasts_UP→UPmatch
Drug_Perturbations_from_GEO_up,NICKEL CHLORIDE 24385 rat GSE31503 sample 3278,5/258,0.1001000044367002,0.2345586590449165,0,0,2.089199871808568,4.808472232544793,RCAN1;SEMA3B;VWA1;PLAT;FBXO32,Drug_Perturbations_from_GEO_up,Myofibroblasts_UP→UPmatch
Drug_Perturbations_from_GEO_up,vemurafenib DB08881 human GSE63790 sample 2508,5/259,0.1013301631250634,0.2368012167909164,0,0,2.080868269844648,4.763879787435771,GPM6A;PPP1R14A;NOV;FAM13C;COL9A3,Drug_Perturbations_from_GEO_up,Myofibroblasts_UP→UPmatch
Drug_Perturbations_from_GEO_up,carboplatin DB00958 human GSE49577 sample 3175,6/336,0.1017698005189184,0.2371892931448985,0,0,1.924901185770751,4.398479812600091,PLA2G16;SERPINE2;NUBPL;NEDD9;PLAT;AURKB,Drug_Perturbations_from_GEO_up,Myofibroblasts_UP→UPmatch
Drug_Perturbations_from_GEO_up,Cobalt dichloride hexahydrate 24643 rat GSE51207 sample 3117,5/262,0.1050660481821035,0.243772709886964,0,0,2.056262488169103,4.63310092338573,BAG2;SEMA3B;S100A6;PLAT;S100B,Drug_Perturbations_from_GEO_up,Myofibroblasts_UP→UPmatch
Drug_Perturbations_from_GEO_up,Interferon beta-1a DB00060 human GSE26104 sample 3186,7/419,0.1054380233075104,0.243772709886964,0,0,1.800970873786408,4.051521628571643,NR4A2;EGR2;FMNL2;TNFAIP6;MAP3K7CL;NEXN;SERPINB9,Drug_Perturbations_from_GEO_up,Myofibroblasts_UP→UPmatch
Drug_Perturbations_from_GEO_up,levetiracetam DB01202 rat GSE2880 sample 2777,7/419,0.1054380233075104,0.243772709886964,0,0,1.800970873786408,4.051521628571643,GPM6A;PCP4;NRN1;DSTN;MBP;OXR1;BCAS1,Drug_Perturbations_from_GEO_up,Myofibroblasts_UP→UPmatch
Drug_Perturbations_from_GEO_up,bexarotene DB00307 human GSE12791 sample 2681,6/347,0.1139206411448922,0.2626840315761212,0,0,1.8617557057248504,4.044204795535543,PLA2G16;RAP1A;COL4A2;PMP22;ANXA6;FN1,Drug_Perturbations_from_GEO_up,Myofibroblasts_UP→UPmatch
Drug_Perturbations_from_GEO_up,Cholestyramine DB01432 human GSE11223 sample 3294,6/348,0.1150604621688815,0.2645865449646604,0,0,1.8562166285278412,4.013692632478798,PLA2G16;TSPAN15;BAG2;VIM;FBXO32;ASPN,Drug_Perturbations_from_GEO_up,Myofibroblasts_UP→UPmatch
Drug_Perturbations_from_GEO_up,curcumin 969516 human GSE10896 sample 3407,5/270,0.1153560715070838,0.2645865449646604,0,0,1.9933707292197855,4.30514587446946,EGR2;RGCC;LGALS1;DSTN;VIM,Drug_Perturbations_from_GEO_up,Myofibroblasts_UP→UPmatch
Drug_Perturbations_from_GEO_up,phorbol 12-myristate 13-acetate (PMA) 27924 human GSE45417 sample 3246,6/349,0.1162060710511948,0.2651333252668051,0,0,1.8507098491570544,3.983449722679768,EGR2;RGCC;MAP3K7CL;ITGA6;VIM;FBXO32,Drug_Perturbations_from_GEO_up,Myofibroblasts_UP→UPmatch
Drug_Perturbations_from_GEO_up,resveratrol DB02709 human GSE36930 sample 3498,6/349,0.1162060710511948,0.2651333252668051,0,0,1.8507098491570544,3.983449722679768,CYFIP2;NR4A2;LDHB;FGFBP2;ANXA6;VIM,Drug_Perturbations_from_GEO_up,Myofibroblasts_UP→UPmatch
Drug_Perturbations_from_GEO_up,decitabine DB01262 human GSE9118 sample 2703,5/271,0.1166752609863749,0.2655051214571839,0,0,1.985775248933144,4.266161603690357,FHL1;S100A6;ANXA6;WFDC1;CTNNAL1,Drug_Perturbations_from_GEO_up,Myofibroblasts_UP→UPmatch
Drug_Perturbations_from_GEO_up,morphine 5288826 mouse GSE7762 sample 3492,5/272,0.1180016581844781,0.2678205173977553,0,0,1.978236663629922,4.22760372273308,NR4A1;NRN1;NOV;VIM;MYL9,Drug_Perturbations_from_GEO_up,Myofibroblasts_UP→UPmatch
Drug_Perturbations_from_GEO_up,"2,2',4,4',5,5'-Hexachlorobiphenyl   (PCB-153) 37034 human GSE6878 sample 3351",5/274,0.1206759364560263,0.2731750310897515,0,0,1.9633276399075656,4.151743995347939,LGALS1;SERPINE2;PLLP;FN1;FILIP1L,Drug_Perturbations_from_GEO_up,Myofibroblasts_UP→UPmatch
Drug_Perturbations_from_GEO_up,lysophosphatidic acid 3988 human GSE26309 sample 3223,6/354,0.1220202488868579,0.2754988431898588,0,0,1.8236506746626688,3.8361737012377977,TAGLN;SMTN;CALD1;NEDD9;PLAT;LPIN1,Drug_Perturbations_from_GEO_up,Myofibroblasts_UP→UPmatch
Drug_Perturbations_from_GEO_up,methotrexate DB00563 human GSE23687 sample 2541,6/355,0.123200169960405,0.2764063733269337,0,0,1.81833187990532,3.807486672490907,SPARC;ALDH1A1;MAP3K7CL;NEXN;MYL9;LTBP1,Drug_Perturbations_from_GEO_up,Myofibroblasts_UP→UPmatch
Drug_Perturbations_from_GEO_up,alfacalcidol 5282181 human GSE15947 sample 3364,5/276,0.1233786233881468,0.2764063733269337,0,0,1.948638675575945,4.077521387044522,MME;SEMA3C;SEMA3B;SULF1;KLK6,Drug_Perturbations_from_GEO_up,Myofibroblasts_UP→UPmatch
Drug_Perturbations_from_GEO_up,etanercept DB00005 human GSE41663 sample 2602,5/276,0.1233786233881468,0.2764063733269337,0,0,1.948638675575945,4.077521387044522,MFAP4;SH3BGRL;SPARC;SPARCL1;LPL,Drug_Perturbations_from_GEO_up,Myofibroblasts_UP→UPmatch
Drug_Perturbations_from_GEO_up,olanzapine 4585 rat GSE2547 sample 2511,7/438,0.1248178901262621,0.2789100792254362,0,0,1.719891471099109,3.5789212729399096,PCP4;EGR2;RNF13;MBP;SORBS2;VIM;LTBP1,Drug_Perturbations_from_GEO_up,Myofibroblasts_UP→UPmatch
Drug_Perturbations_from_GEO_up,SODIUM ARSENITE 443495 mouse GSE11056 sample 3361,5/280,0.1288680573282305,0.2871860686854283,0,0,1.91990171990172,3.9338137495590417,NR4A1;ACTA1;EGR2;CKM;TPM2,Drug_Perturbations_from_GEO_up,Myofibroblasts_UP→UPmatch
Drug_Perturbations_from_GEO_up,diclofenac DB00586 human GSE54255 sample 3053,6/360,0.1291840447373898,0.2871860686854283,0,0,1.7921886514369934,3.6677448793117904,NR4A2;MLIP;TNFAIP6;NEDD9;HSD17B6;CRYAB,Drug_Perturbations_from_GEO_up,Myofibroblasts_UP→UPmatch
Drug_Perturbations_from_GEO_up,CADMIUM 23973 human GSE6907 sample 3530,4/205,0.1316797462872403,0.2919855243760548,0,0,2.0980046006526507,4.253457746809136,TAGLN;LGALS1;SERPINE2;BAG2,Drug_Perturbations_from_GEO_up,Myofibroblasts_UP→UPmatch
Drug_Perturbations_from_GEO_up,Methotrexate DB00563 human GSE11440 sample 3072,6/364,0.1340709399003259,0.2965293492183229,0,0,1.7717998542628128,3.560230206214908,LDHB;ALDH1A1;DYNLRB1;FAM83D;CTNNAL1;KLK6,Drug_Perturbations_from_GEO_up,Myofibroblasts_UP→UPmatch
Drug_Perturbations_from_GEO_up,carboplatin DB00958 human GSE49577 sample 3174,6/365,0.1353063333339676,0.2985002315535622,0,0,1.7667736466028825,3.5339252685216693,TAGLN;LGALS1;SERPINE2;NUBPL;NEDD9;SOX4,Drug_Perturbations_from_GEO_up,Myofibroblasts_UP→UPmatch
Drug_Perturbations_from_GEO_up,estradiol 5757 mouse GSE2195 sample 3623,6/366,0.1365471473492247,0.3004730374410605,0,0,1.7617753623188406,3.507845064871625,CNN1;ACTA1;LGALS1;S100A6;ANXA6;ACTG2,Drug_Perturbations_from_GEO_up,Myofibroblasts_UP→UPmatch
Drug_Perturbations_from_GEO_up,palmitic acid 985 mouse GSE6766 sample 3553,5/286,0.1373078149362361,0.3013819634170043,0,0,1.8783302875829568,3.729481228200661,ACTA1;EGR2;FHL1;FLNC;CRYAB,Drug_Perturbations_from_GEO_up,Myofibroblasts_UP→UPmatch
Drug_Perturbations_from_GEO_up,sapphyrin PCI-2050 (1.25 &Icirc;&frac14;M) 9855235 human GSE6400 sample 3101,6/367,0.1377933578141493,0.3016839424870391,0,0,1.756804769360472,3.4819872693165816,LDHB;CD151;ALDH1A1;S100A6;DSTN;VIM,Drug_Perturbations_from_GEO_up,Myofibroblasts_UP→UPmatch
Drug_Perturbations_from_GEO_up,phenobarbital sodium 23674889 mouse GSE6721 sample 2462,4/211,0.1418581278312395,0.3098009995709942,0,0,2.036569528855644,3.977273291475688,S100A6;LPL;OTUD7B;HSD17B6,Drug_Perturbations_from_GEO_up,Myofibroblasts_UP→UPmatch
Drug_Perturbations_from_GEO_up,5-aza-2'-deoxycytidine DB01262 human GSE5230 sample 2497,6/372,0.1441044953087929,0.3139160739515665,0,0,1.7323592302209552,3.355955024521014,LGALS1;SERPINE2;PEG10;S100A6;CTNNAL1;CES1,Drug_Perturbations_from_GEO_up,Myofibroblasts_UP→UPmatch
Drug_Perturbations_from_GEO_up,pertuzumab DB06366 human GSE31432 sample 3124,5/291,0.1445239887082914,0.3140408476443325,0,0,1.845019845019845,3.5688399183130124,CD151;LGALS1;CSRP1;TPM2;VIM,Drug_Perturbations_from_GEO_up,Myofibroblasts_UP→UPmatch
Drug_Perturbations_from_GEO_up,VANADIUM PENTOXIDE 14814 human GSE5339 sample 3557,3/139,0.1463126929161968,0.3171054730523177,0,0,2.320776973891161,4.460554730266548,NR4A2;PTPRE;PLAT,Drug_Perturbations_from_GEO_up,Myofibroblasts_UP→UPmatch
Drug_Perturbations_from_GEO_up,mepenzolate bromide CID 6461 mouse GSE50836 sample 2502,6/374,0.1466658531649128,0.3171054730523177,0,0,1.722767013232514,3.307020780391573,SBSPON;NOV;ITGA6;MYL9;SCRG1;CDH19,Drug_Perturbations_from_GEO_up,Myofibroblasts_UP→UPmatch
Drug_Perturbations_from_GEO_up,Mehp 20393 rat GSE4514 sample 3578,5/293,0.1474558063818321,0.3172312261365967,0,0,1.8320195195195197,3.506900799818276,NR4A1;SEMA3C;ALDH1A1;DSTN;OXR1,Drug_Perturbations_from_GEO_up,Myofibroblasts_UP→UPmatch
Drug_Perturbations_from_GEO_up,imiquimod DB00724 mouse GSE27628 sample 3073,5/293,0.1474558063818321,0.3172312261365967,0,0,1.8320195195195197,3.506900799818276,FMNL2;ITGB8;UACA;IL17B;KLK6,Drug_Perturbations_from_GEO_up,Myofibroblasts_UP→UPmatch
Drug_Perturbations_from_GEO_up,curcumin 969516 human GSE10896 sample 3408,4/215,0.1488126795694644,0.3193579039275389,0,0,1.9975538908423789,3.805473894398718,PGRMC1;RGCC;LGALS1;VIM,Drug_Perturbations_from_GEO_up,Myofibroblasts_UP→UPmatch
Drug_Perturbations_from_GEO_up,quercetin DB04216 mouse GSE38136 sample 3436,5/297,0.1533953135799873,0.3283795972193803,0,0,1.8065531284709369,3.3868118855375697,AZGP1;PGRMC1;NRN1;ALDH1A1;HADH,Drug_Perturbations_from_GEO_up,Myofibroblasts_UP→UPmatch
Drug_Perturbations_from_GEO_up,vitamin e DB00163 mouse GSE42813 sample 3515,5/298,0.1548957439182149,0.3299621866759025,0,0,1.8002951757217969,3.3575559184692207,ACTA1;CSRP1;TPM2;STMN1;PGAM2,Drug_Perturbations_from_GEO_up,Myofibroblasts_UP→UPmatch
Drug_Perturbations_from_GEO_up,motexafin gadolinium (4 h) DB05428 human GSE2189 sample 3125,5/298,0.1548957439182149,0.3299621866759025,0,0,1.8002951757217969,3.3575559184692207,LGALS1;CSRP1;TPM2;ALDH1A1;DSTN,Drug_Perturbations_from_GEO_up,Myofibroblasts_UP→UPmatch
Drug_Perturbations_from_GEO_up,PLX4720 CID 24180719 human GSE50791 sample 2505,5/299,0.1564023076940219,0.3323549038497966,0,0,1.794079794079794,3.328598754296864,RGCC;LGALS1;ALDH1A1;S100A6;HADH,Drug_Perturbations_from_GEO_up,Myofibroblasts_UP→UPmatch
Drug_Perturbations_from_GEO_up,1-Naphthyl isothiocyanate 11080 rat GSE5509 sample 3568,5/301,0.1594336573762081,0.336432747171373,0,0,1.7817750182615046,3.271565904047536,CD151;STMN1;ALDH1A1;SORBS2;VIM,Drug_Perturbations_from_GEO_up,Myofibroblasts_UP→UPmatch
Drug_Perturbations_from_GEO_up,celecoxib DB00482 human GSE11237 sample 3296,4/221,0.1594854199393706,0.336432747171373,0,0,1.9417273673257025,3.564628483354128,AZGP1;TNFAIP6;LPL;COL9A3,Drug_Perturbations_from_GEO_up,Myofibroblasts_UP→UPmatch
Drug_Perturbations_from_GEO_up,Fasudil 3547 mouse GSE25829 sample 3277,4/221,0.1594854199393706,0.336432747171373,0,0,1.9417273673257025,3.564628483354128,TGFB2;LPL;SORBS2;FBXO32,Drug_Perturbations_from_GEO_up,Myofibroblasts_UP→UPmatch
Drug_Perturbations_from_GEO_up,imatinib DB00619 human GSE1418 sample 2521,5/302,0.1609583534620424,0.3387157583776476,0,0,1.7756847756847758,3.2434828962093767,NR4A2;LDHB;SH3BGRL;RNF13;ALDH1A1,Drug_Perturbations_from_GEO_up,Myofibroblasts_UP→UPmatch
Drug_Perturbations_from_GEO_up,quercetin DB04216 mouse GSE38136 sample 3437,7/472,0.1636404813113408,0.342675089075958,0,0,1.591339091603502,2.880456544525594,AZGP1;PGRMC1;ALDH1A1;DSTN;HAGH;HADH;LPIN1,Drug_Perturbations_from_GEO_up,Myofibroblasts_UP→UPmatch
Drug_Perturbations_from_GEO_up,PLX4720 24180719 human GSE34299 sample 3243,5/304,0.1640255616684228,0.342675089075958,0,0,1.7636265027569376,3.1881658277764022,SERPINE2;SEMA3C;TNC;SH3BP5;LTBP1,Drug_Perturbations_from_GEO_up,Myofibroblasts_UP→UPmatch
Drug_Perturbations_from_GEO_up,ribavirin DB00811 human GSE23031 sample 2481,5/304,0.1640255616684228,0.342675089075958,0,0,1.7636265027569376,3.1881658277764022,CNN1;SERPINE2;NEXN;FLNC;LEFTY2,Drug_Perturbations_from_GEO_up,Myofibroblasts_UP→UPmatch
Drug_Perturbations_from_GEO_up,imatinib DB00619 mouse GSE35559 sample 2525,7/474,0.1660790301109607,0.3457989555441285,0,0,1.5843601174804882,2.8443882818156405,C11ORF96;NR4A1;LDHB;PCP4;NOV;FN1;LPL,Drug_Perturbations_from_GEO_up,Myofibroblasts_UP→UPmatch
Drug_Perturbations_from_GEO_up,doxycycline DB00254 mouse GSE29848 sample 3207,4/225,0.166753714577337,0.3457989555441285,0,0,1.9061937430058875,3.414445368017371,SOX2;LEFTY2;WFDC2;SOX4,Drug_Perturbations_from_GEO_up,Myofibroblasts_UP→UPmatch
Drug_Perturbations_from_GEO_up,SODIUM ARSENITE 443495 mouse GSE11056 sample 3357,4/225,0.166753714577337,0.3457989555441285,0,0,1.9061937430058875,3.414445368017371,MME;ITGA8;EFHD1;SEMA3E,Drug_Perturbations_from_GEO_up,Myofibroblasts_UP→UPmatch
Drug_Perturbations_from_GEO_up,Retinoic acid 444795 mouse GSE1588 sample 3633,5/306,0.1671162195766895,0.3457989555441285,0,0,1.7517284726587052,3.1339574715412395,TGFB1I1;TPM1;PMP22;OTUD7B;PLAT,Drug_Perturbations_from_GEO_up,Myofibroblasts_UP→UPmatch
Drug_Perturbations_from_GEO_up,deferasirox DB01609 human GSE11670 sample 2572,4/226,0.1685891859222918,0.347356500483125,0,0,1.8975104136394456,3.3781195275887383,C11ORF96;LGALS1;TRBC2;VIM,Drug_Perturbations_from_GEO_up,Myofibroblasts_UP→UPmatch
Drug_Perturbations_from_GEO_up,pioglitazone DB01132 mouse GSE32536 sample 2797,5/307,0.1686702268781956,0.347356500483125,0,0,1.7458385537855736,3.107260550855562,MIA;COL9A3;FILIP1;SULF1;WFDC2,Drug_Perturbations_from_GEO_up,Myofibroblasts_UP→UPmatch
Drug_Perturbations_from_GEO_up,vancomycin DB14969 mouse GSE7793 sample 3395,5/308,0.1702299577597653,0.3497378516059634,0,0,1.73998751226474,3.080830699280701,MPZ;MAL;MYH11;CRYAB;PDLIM7,Drug_Perturbations_from_GEO_up,Myofibroblasts_UP→UPmatch
Drug_Perturbations_from_GEO_up,Promyelocytic leukemia DB00755 human GSE5007 sample 2461,5/309,0.17179536545037,0.3521195788309002,0,0,1.7341749644381224,3.054664652272665,PTPRE;SH3BGRL;LGALS1;RAP1A;ANXA6,Drug_Perturbations_from_GEO_up,Myofibroblasts_UP→UPmatch
Drug_Perturbations_from_GEO_up,zinc sulfate NA rat GSE11091 sample 2840,3/152,0.1760411600567232,0.3599709570027807,0,0,2.1168933711373508,3.6771230576643865,RAB23;S100A6;CRYAB,Drug_Perturbations_from_GEO_up,Myofibroblasts_UP→UPmatch
Drug_Perturbations_from_GEO_up,Insulin 3989 human GSE22309 sample 3368,6/397,0.1775595105690443,0.3622214015608505,0,0,1.6195096185922384,2.799240518345069,ACTA2;NR4A1;SCRN1;PMP22;ITGA7;LPIN1,Drug_Perturbations_from_GEO_up,Myofibroblasts_UP→UPmatch
Drug_Perturbations_from_GEO_up,tretinoin DB00755 mouse GSE484 sample 2826,5/314,0.1797059038894399,0.3649044926223808,0,0,1.7056765503367446,2.927680595611766,SH3BGRL;PGRMC1;RGCC;S100A6;WFDC2,Drug_Perturbations_from_GEO_up,Myofibroblasts_UP→UPmatch
Drug_Perturbations_from_GEO_up,VANADIUM PENTOXIDE 14814 human GSE5339 sample 3558,2/81,0.1797165148209419,0.3649044926223808,0,0,2.6570158901158094,4.56043455168723,NR4A2;WFDC1,Drug_Perturbations_from_GEO_up,Myofibroblasts_UP→UPmatch
Drug_Perturbations_from_GEO_up,heroin 5462328 mouse GSE30305 sample 2666,3/154,0.1807575776788413,0.3661607940363444,0,0,2.0886425611785957,3.572828822345824,PCP4;COL4A2;MAP3K7CL,Drug_Perturbations_from_GEO_up,Myofibroblasts_UP→UPmatch
Drug_Perturbations_from_GEO_up,Caerulein 16132921 mouse GSE3644 sample 3586,6/402,0.1846054618864621,0.3730837656306822,0,0,1.5986495388669302,2.7009733409681638,RCAN1;LGALS1;RAP1A;CSRP1;DSTN;ITGA6,Drug_Perturbations_from_GEO_up,Myofibroblasts_UP→UPmatch
Drug_Perturbations_from_GEO_up,imatinib DB00619 human GSE1922 sample 2515,4/235,0.1854222974231232,0.3731683148095315,0,0,1.8227435646790489,3.0715404810151923,SH3BGRL;RGCC;ALDH1A1;LMOD1,Drug_Perturbations_from_GEO_up,Myofibroblasts_UP→UPmatch
Drug_Perturbations_from_GEO_up,5-Fluorouracil 3385 mouse GSE1559 sample 3640,3/156,0.1855081242017394,0.3731683148095315,0,0,2.061130334486736,3.4722968248703987,NR4A1;LGALS1;S100A6,Drug_Perturbations_from_GEO_up,Myofibroblasts_UP→UPmatch
Drug_Perturbations_from_GEO_up,vemurafenib DB08881 human GSE37441 sample 2560,4/236,0.1873259959009484,0.3759360553620387,0,0,1.814794215795328,3.039607699686648,SPARC;ALDH1A1;FILIP1L;SOX4,Drug_Perturbations_from_GEO_up,Myofibroblasts_UP→UPmatch
Drug_Perturbations_from_GEO_up,Bisphenol A 6623 human GSE17624 sample 2654,5/319,0.1877512248809259,0.3759360553620387,0,0,1.678085729041143,2.806829058801356,LDHB;TAGLN;PEG10;DSTN;CTNNAL1,Drug_Perturbations_from_GEO_up,Myofibroblasts_UP→UPmatch
Drug_Perturbations_from_GEO_up,methylprednisolone 6741 rat GSE490 sample 3663,4/237,0.1892360590743781,0.3780360903628705,0,0,1.8069131016659743,3.008076751708751,NR4A1;ACTC1;ALDH1A1;PLAT,Drug_Perturbations_from_GEO_up,Myofibroblasts_UP→UPmatch
Drug_Perturbations_from_GEO_up,R1881 13766 human GSE22606 sample 3049,5/324,0.1959252572288764,0.3904993057872089,0,0,1.651359823773617,2.6917528974088065,AZGP1;SH3BGRL;SERPINE2;SEMA3C;CRYAB,Drug_Perturbations_from_GEO_up,Myofibroblasts_UP→UPmatch
Drug_Perturbations_from_GEO_up,resveratrol DB02709 mouse GSE11291 sample 3505,4/241,0.196938282322217,0.3916180981040416,0,0,1.776053718070868,2.8858473239786053,GPM6A;SH3BGRL;PLP1;SPARCL1,Drug_Perturbations_from_GEO_up,Myofibroblasts_UP→UPmatch
Drug_Perturbations_from_GEO_up,5-Fluorouracil 3385 mouse GSE1559 sample 3636,5/325,0.1975749674056006,0.39198511839967,0,0,1.646114864864865,2.669401075421251,LGALS1;STMN1;S100A6;DSTN;DYNLRB1,Drug_Perturbations_from_GEO_up,Myofibroblasts_UP→UPmatch
Drug_Perturbations_from_GEO_up,"puromycin, EC50, 3 d 439530 human GSE6930 sample 3269",4/242,0.1988789111136591,0.3936712692592293,0,0,1.7685009487666037,2.856233597223365,LDHB;RAP1A;NCOA6;CES1,Drug_Perturbations_from_GEO_up,Myofibroblasts_UP→UPmatch
Drug_Perturbations_from_GEO_up,cyclophosphamide 2907 mouse GSE2254 sample 3626,6/413,0.2004861718231257,0.3949448319185581,0,0,1.554561478474522,2.4981958463069764,SH3BGRL;SPARC;COL4A2;TPM1;DSTN;MYLK,Drug_Perturbations_from_GEO_up,Myofibroblasts_UP→UPmatch
Drug_Perturbations_from_GEO_up,quercetin 5280343 human GSE7259 sample 3416,5/327,0.2008888937440417,0.3949448319185581,0,0,1.63572267920094,2.6253402836045323,LDHB;INPP5A;ALDH1A1;S100A6;FN1,Drug_Perturbations_from_GEO_up,Myofibroblasts_UP→UPmatch
Drug_Perturbations_from_GEO_up,All-trans retinoic acid DB00755 mouse GSE31280 sample 2460,5/327,0.2008888937440417,0.3949448319185581,0,0,1.63572267920094,2.6253402836045323,AOC3;PMP22;NEXN;NCMAP;AIF1L,Drug_Perturbations_from_GEO_up,Myofibroblasts_UP→UPmatch
Drug_Perturbations_from_GEO_up,troglitazone DB00197 rat GSE21329 sample 2832,4/245,0.2047356281240029,0.4015968090124672,0,0,1.7462187123544373,2.769565306903181,LDHB;LGALS1;LPL;HADH,Drug_Perturbations_from_GEO_up,Myofibroblasts_UP→UPmatch
Drug_Perturbations_from_GEO_up,deltamethrin 40585 rat GSE7955 sample 3421,5/330,0.2058952968452356,0.4018121161481165,0,0,1.6203742203742204,2.560819174780799,FN1;LPL;WFDC1;VWA1;CRYAB,Drug_Perturbations_from_GEO_up,Myofibroblasts_UP→UPmatch
Drug_Perturbations_from_GEO_up,methotrexate DB00563 human GSE41831 sample 2600,5/330,0.2058952968452356,0.4018121161481165,0,0,1.6203742203742204,2.560819174780799,LDHB;DUSP3;NRN1;MAL;MYL9,Drug_Perturbations_from_GEO_up,Myofibroblasts_UP→UPmatch
Drug_Perturbations_from_GEO_up,adenosine triphosphate 5957 human GSE30903 sample 3220,4/246,0.2066991970035294,0.4018121161481165,0,0,1.7389140673598151,2.7413818503223952,NR4A2;TNFAIP6;SH3BP5;SERPINB9,Drug_Perturbations_from_GEO_up,Myofibroblasts_UP→UPmatch
Drug_Perturbations_from_GEO_up,coenzyme Q10 5281915 mouse GSE15129 sample 3460,4/246,0.2066991970035294,0.4018121161481165,0,0,1.7389140673598151,2.7413818503223952,SPARC;LGALS1;LPL;VIM,Drug_Perturbations_from_GEO_up,Myofibroblasts_UP→UPmatch
Drug_Perturbations_from_GEO_up,Mehp 20393 rat GSE4514 sample 3577,6/418,0.2078681391178299,0.4022725970752088,0,0,1.5352997045166736,2.411727608671923,FYCO1;SLMAP;EFHD1;PSMF1;MT3;OXR1,Drug_Perturbations_from_GEO_up,Myofibroblasts_UP→UPmatch
Drug_Perturbations_from_GEO_up,imatinib DB00619 human GSE1922 sample 2517,4/247,0.2086682906354265,0.4022725970752088,0,0,1.7316695429001283,2.7135424756313458,SH3BGRL;RGCC;ALDH1A1;LMOD1,Drug_Perturbations_from_GEO_up,Myofibroblasts_UP→UPmatch
Drug_Perturbations_from_GEO_up,1-Piperonylpiperazine 94426 rat GSE68785 sample 3690,4/247,0.2086682906354265,0.4022725970752088,0,0,1.7316695429001283,2.7135424756313458,SERPINE2;PLAT;GYG1;WFDC2,Drug_Perturbations_from_GEO_up,Myofibroblasts_UP→UPmatch
Drug_Perturbations_from_GEO_up,Cadmium dichloride 24947 rat GSE31503 sample 3283,5/332,0.2092559876365849,0.4022725970752088,0,0,1.6102983717662618,2.518823810195025,SHC4;AZGP1;ALDH1A1;SEMA3B;S100B,Drug_Perturbations_from_GEO_up,Myofibroblasts_UP→UPmatch
Drug_Perturbations_from_GEO_up,sapphyrin PCI-2050 (2.5 &Icirc;&frac14;M) 9855235 human GSE6400 sample 3102,5/332,0.2092559876365849,0.4022725970752088,0,0,1.6102983717662618,2.518823810195025,LDHB;LGALS1;ALDH1A1;DSTN;VIM,Drug_Perturbations_from_GEO_up,Myofibroblasts_UP→UPmatch
Drug_Perturbations_from_GEO_up,DETA NONOate 24890998 mouse GSE22087 sample 3210,8/600,0.2124210875513063,0.4074537232455366,0,0,1.426937926937927,2.210590421793156,NR4A2;NR4A1;TAGLN;EGR2;TNFAIP6;MCAM;FBXO32;SNCA,Drug_Perturbations_from_GEO_up,Myofibroblasts_UP→UPmatch
Drug_Perturbations_from_GEO_up,ethanol DB00898 human GSE3846 sample 2738,5/335,0.2143306452248556,0.4093054392289644,0,0,1.5954135954135955,2.4573124737018577,PTPRE;PLA2G16;TNFAIP6;FXYD6;CTNNAL1,Drug_Perturbations_from_GEO_up,Myofibroblasts_UP→UPmatch
Drug_Perturbations_from_GEO_up,VANADIUM PENTOXIDE 14814 human GSE5339 sample 3554,5/335,0.2143306452248556,0.4093054392289644,0,0,1.5954135954135955,2.4573124737018577,RGCC;SGCA;OTUD7B;MT3;ACTG2,Drug_Perturbations_from_GEO_up,Myofibroblasts_UP→UPmatch
Drug_Perturbations_from_GEO_up,quercetin 5280343 human GSE7259 sample 3415,5/336,0.2160309602901849,0.411645807849649,0,0,1.5905119621131705,2.43719483628002,PLA2G16;TAGLN;ALDH1A1;FN1;DSTN,Drug_Perturbations_from_GEO_up,Myofibroblasts_UP→UPmatch
Drug_Perturbations_from_GEO_up,doxycycline DB00254 human GSE41035 sample 3039,5/338,0.2194444283689834,0.4172331565699751,0,0,1.5807970132294458,2.3975256736342305,MBNL1-AS1;SH3BGRL;SCRN1;COL9A3;RERG,Drug_Perturbations_from_GEO_up,Myofibroblasts_UP→UPmatch
Drug_Perturbations_from_GEO_up,Retinoic acid 444795 mouse GSE1588 sample 3634,5/341,0.2245959584507637,0.4260934266451031,0,0,1.5664414414414414,2.3394054658758408,SLC12A2;TPM1;PMP22;OTUD7B;PLAT,Drug_Perturbations_from_GEO_up,Myofibroblasts_UP→UPmatch
Drug_Perturbations_from_GEO_up,rosiglitazone 77999 mouse GSE36875 sample 3100,4/256,0.2266248820782996,0.4289175859920994,0,0,1.6690561529271206,2.477645645105434,ACTC1;TNFAIP6;LPL;KLK6,Drug_Perturbations_from_GEO_up,Myofibroblasts_UP→UPmatch
Drug_Perturbations_from_GEO_up,Gefitinib DB00317 human GSE53180 sample 3474,3/173,0.2270740161134644,0.4289175859920994,0,0,1.853413022963196,2.747646352807315,STMN1;S100A6;DSTN,Drug_Perturbations_from_GEO_up,Myofibroblasts_UP→UPmatch
Drug_Perturbations_from_GEO_up,foretinib 42642645 human GSE16179 sample 2582,6/432,0.2290365450278608,0.4316840968242508,0,0,1.4837721984078382,2.1868928243063217,PGRMC1;LGALS1;SCRN1;DSTN;EFHD1;DYNLRB1,Drug_Perturbations_from_GEO_up,Myofibroblasts_UP→UPmatch
Drug_Perturbations_from_GEO_up,doxycycline DB00254 human GSE41035 sample 3040,5/345,0.2315209900774202,0.4354201700588358,0,0,1.5476947535771066,2.264408575649586,SEMA3C;COL9A3;PLAT;SEMA3E;RERG,Drug_Perturbations_from_GEO_up,Myofibroblasts_UP→UPmatch
Drug_Perturbations_from_GEO_up,methoxychlor 4115 mouse GSE23725 sample 3235,5/346,0.2332619632556042,0.43774485312253,0,0,1.5430768011413172,2.2460920234503168,LDHB;SPARC;LGALS1;FMNL2;FXYD1,Drug_Perturbations_from_GEO_up,Myofibroblasts_UP→UPmatch
Drug_Perturbations_from_GEO_up,VANADIUM PENTOXIDE 14814 human GSE5339 sample 3556,3/176,0.2345931719045665,0.4386030642997183,0,0,1.8209947142283085,2.640264694778604,NR4A2;PTPRE;PLAT,Drug_Perturbations_from_GEO_up,Myofibroblasts_UP→UPmatch
Drug_Perturbations_from_GEO_up,NVP-TNKS656 27924 human GSE55624 sample 3249,4/260,0.2347310517128827,0.4386030642997183,0,0,1.642641129032258,2.3807042324976755,SLC12A2;ITGA6;VIM;KLK6,Drug_Perturbations_from_GEO_up,Myofibroblasts_UP→UPmatch
Drug_Perturbations_from_GEO_up,amoxicillin DB01060 rat GSE2354 sample 2677,4/261,0.2367686835677034,0.4414590293617181,0,0,1.6361658508012218,2.357177728402731,DYNC1LI2;VIM;HSD17B6;MYLK,Drug_Perturbations_from_GEO_up,Myofibroblasts_UP→UPmatch
Drug_Perturbations_from_GEO_up,estradiol DB00783 human GSE4668 sample 2727,5/350,0.2402631712236452,0.4470132391650223,0,0,1.5248726987857422,2.1744995905762083,LGALS1;RAP1A;TPM1;SH3BP5;CTNNAL1,Drug_Perturbations_from_GEO_up,Myofibroblasts_UP→UPmatch
Drug_Perturbations_from_GEO_up,CADMIUM 23973 human GSE9951 sample 3405,5/351,0.2420225440685192,0.449322367681812,0,0,1.520387439462584,2.157010757600752,PLA2G16;TAGLN;CASQ2;PLAT;MYL9,Drug_Perturbations_from_GEO_up,Myofibroblasts_UP→UPmatch
Drug_Perturbations_from_GEO_up,HYPOCHLOROUS ACID 24341 mouse GSE15457 sample 3380,5/353,0.2455518134275844,0.4549004748754609,0,0,1.511494252873563,2.1225117256156096,RAP1A;BAG2;LPL;VIM;FILIP1L,Drug_Perturbations_from_GEO_up,Myofibroblasts_UP→UPmatch
Drug_Perturbations_from_GEO_up,TRICHLOROETHYLENE 6575 mouse GSE24278 sample 3315,5/355,0.2490947701235663,0.4604800974352494,0,0,1.502702702702703,2.088639323579688,NR4A2;EGR2;PDE4D;NCMAP;CDH7,Drug_Perturbations_from_GEO_up,Myofibroblasts_UP→UPmatch
Drug_Perturbations_from_GEO_up,ciprofloxacin 2764 human GSE9166 sample 2624,4/268,0.2511470267729279,0.463286111089635,0,0,1.5922124470511567,2.199986603362152,RCAN1;AZGP1;NEDD9;CTNNAL1,Drug_Perturbations_from_GEO_up,Myofibroblasts_UP→UPmatch
Drug_Perturbations_from_GEO_up,d-serine 71077 rat GSE10748 sample 3391,5/357,0.2526510010059219,0.4650709508962513,0,0,1.4940110565110565,2.05538001168034,GPM6A;PGRMC1;NOV;HAGH;SNCA,Drug_Perturbations_from_GEO_up,Myofibroblasts_UP→UPmatch
Drug_Perturbations_from_GEO_up,5-aminosalicylic acid 4075 human GSE38713 sample 3195,4/269,0.2532165046148805,0.4651243845362319,0,0,1.5861229458307973,2.1785563724574013,NR4A2;EGR2;MME;PLAT,Drug_Perturbations_from_GEO_up,Myofibroblasts_UP→UPmatch
Drug_Perturbations_from_GEO_up,vitamin c DB00126 mouse GSE32994 sample 3510,5/359,0.2562200931927806,0.4686557400804658,0,0,1.4854176210108414,2.022720602517566,SBSPON;STMN1;S100B;AURKB;ACTG2,Drug_Perturbations_from_GEO_up,Myofibroblasts_UP→UPmatch
Drug_Perturbations_from_GEO_up,streptozocin DB00428 mouse GSE39752 sample 3065,5/359,0.2562200931927806,0.4686557400804658,0,0,1.4854176210108414,2.022720602517566,CPM;CSRP1;ALDH1B1;LPL;HSD17B6,Drug_Perturbations_from_GEO_up,Myofibroblasts_UP→UPmatch
Drug_Perturbations_from_GEO_up,Bisphenol A 6623 mouse GSE4650 sample 3573,3/185,0.2573989181045954,0.4698207620982826,0,0,1.730152200740436,2.348038319419381,NR4A1;LGALS1;LPIN1,Drug_Perturbations_from_GEO_up,Myofibroblasts_UP→UPmatch
Drug_Perturbations_from_GEO_up,Triiodothyronine-[13C6] hydrochloride (T3 thyronine) 53442265 human GSE29159 sample 3042,5/362,0.2615969439599228,0.4764801479270022,0,0,1.472708002119767,1.974828298486738,CSRP1;FN1;SERPINB9;AURKB;CES1,Drug_Perturbations_from_GEO_up,Myofibroblasts_UP→UPmatch
Drug_Perturbations_from_GEO_up,cisplatin DB00515 human GSE47856 sample 3148,6/454,0.2635986330336918,0.4791195279668989,0,0,1.4093070652173914,1.879068094485545,PLA2G16;PDLIM3;SEMA3E;HSD17B6;S100B;GPM6B,Drug_Perturbations_from_GEO_up,Myofibroblasts_UP→UPmatch
Drug_Perturbations_from_GEO_up,nicotinamide riboside 439924 mouse GSE62194 sample 3469,3/189,0.2676333724597379,0.4854354266163029,0,0,1.6925996204933589,2.231078606172439,CRTAC1;MAL;BCAS1,Drug_Perturbations_from_GEO_up,Myofibroblasts_UP→UPmatch
Drug_Perturbations_from_GEO_up,actinomycin D 2019 human GSE6400 sample 3098,4/277,0.2698955247255074,0.4867734258066433,0,0,1.5390129583677972,2.0156765756019936,SH3BGRL;PGRMC1;LGALS1;DSTN,Drug_Perturbations_from_GEO_up,Myofibroblasts_UP→UPmatch
Drug_Perturbations_from_GEO_up,"doxorubicin, 2xEC50, 5 d 31703 human GSE6930 sample 3265",2/107,0.2703425631906427,0.4867734258066433,0,0,1.99645390070922,2.611492213537864,TPM1;CES1,Drug_Perturbations_from_GEO_up,Myofibroblasts_UP→UPmatch
Drug_Perturbations_from_GEO_up,estradiol 5757 human GSE4668 sample 3063,5/367,0.2706168295718594,0.4867734258066433,0,0,1.4519934298939825,1.897830004154655,LGALS1;RAP1A;TPM1;SH3BP5;CTNNAL1,Drug_Perturbations_from_GEO_up,Myofibroblasts_UP→UPmatch
Drug_Perturbations_from_GEO_up,arachidonic acid 444899 human GSE3737 sample 3119,5/367,0.2706168295718594,0.4867734258066433,0,0,1.4519934298939825,1.897830004154655,RCAN1;SH3BGRL;PGRMC1;PLAT;VIM,Drug_Perturbations_from_GEO_up,Myofibroblasts_UP→UPmatch
Drug_Perturbations_from_GEO_up,etanercept DB00005 human GSE41663 sample 2605,4/278,0.2719945917673911,0.487970646378599,0,0,1.5333176359783376,1.9963383098070813,SLC12A2;AZGP1;SPARC;SPARCL1,Drug_Perturbations_from_GEO_up,Myofibroblasts_UP→UPmatch
Drug_Perturbations_from_GEO_up,Sodium dichromate 25408 rat GSE31503 sample 3284,4/279,0.2740965453130077,0.487970646378599,0,0,1.527663734115347,1.977216795388056,CNN1;ALDH1A1;S100A6;S100B,Drug_Perturbations_from_GEO_up,Myofibroblasts_UP→UPmatch
Drug_Perturbations_from_GEO_up,type II IFN (IFN-gamma1b) DB00033 human GSE5542 sample 2477,4/279,0.2740965453130077,0.487970646378599,0,0,1.527663734115347,1.977216795388056,CSRP1;FN1;VIM;PSMF1,Drug_Perturbations_from_GEO_up,Myofibroblasts_UP→UPmatch
Drug_Perturbations_from_GEO_up,rosiglitazone 77999 rat GSE5509 sample 3567,4/279,0.2740965453130077,0.487970646378599,0,0,1.527663734115347,1.977216795388056,SH3BGRL;PGRMC1;ALDH1A1;DSTN,Drug_Perturbations_from_GEO_up,Myofibroblasts_UP→UPmatch
Drug_Perturbations_from_GEO_up,decitabine DB01262 human GSE29077 sample 2539,4/279,0.2740965453130077,0.487970646378599,0,0,1.527663734115347,1.977216795388056,ACTA2;SPARC;FHL1;CTNNAL1,Drug_Perturbations_from_GEO_up,Myofibroblasts_UP→UPmatch
Drug_Perturbations_from_GEO_up,alitretinoin DB00523 rat GSE3952 sample 2675,4/280,0.2762013059546908,0.4887072086994222,0,0,1.5220508025557111,1.9583090852547105,SPARC;LGALS1;FN1;MYL9,Drug_Perturbations_from_GEO_up,Myofibroblasts_UP→UPmatch
Drug_Perturbations_from_GEO_up,deltamethrin 40585 rat GSE7955 sample 3420,4/280,0.2762013059546908,0.4887072086994222,0,0,1.5220508025557111,1.9583090852547105,ACTA1;CCSER2;LPL;CNTN4,Drug_Perturbations_from_GEO_up,Myofibroblasts_UP→UPmatch
Drug_Perturbations_from_GEO_up,estradiol 5757 mouse GSE52711 sample 3120,4/280,0.2762013059546908,0.4887072086994222,0,0,1.5220508025557111,1.9583090852547105,FMNL2;STMN1;ANXA6;NEDD9,Drug_Perturbations_from_GEO_up,Myofibroblasts_UP→UPmatch
Drug_Perturbations_from_GEO_up,formoterol DB00983 human GSE30242 sample 2631,4/285,0.2867644576731725,0.5057825936135005,0,0,1.494585390119772,1.8668778004519972,NR4A2;SERPINE2;PDE4D;SOX4,Drug_Perturbations_from_GEO_up,Myofibroblasts_UP→UPmatch
Drug_Perturbations_from_GEO_up,Lipopolysaccharide 11970143 human GSE5504 sample 3486,5/376,0.2870184960298065,0.5057825936135005,0,0,1.416114227434982,1.7676059844591947,TNFAIP6;ITGB8;SERPINB9;LPIN1;FILIP1L,Drug_Perturbations_from_GEO_up,Myofibroblasts_UP→UPmatch
Drug_Perturbations_from_GEO_up,Bisphenol A 6623 human GSE17624 sample 2653,5/377,0.288852793153781,0.5079824983049253,0,0,1.412234815460622,1.7537669814719958,TAGLN;LGALS1;CSRP1;PEG10;DSTN,Drug_Perturbations_from_GEO_up,Myofibroblasts_UP→UPmatch
Drug_Perturbations_from_GEO_up,imatinib DB00619 human GSE1922 sample 2512,4/287,0.2910066216164707,0.5097025069524851,0,0,1.4838709677419355,1.831704059328795,SH3BGRL;RGCC;ALDH1A1;LTBP1,Drug_Perturbations_from_GEO_up,Myofibroblasts_UP→UPmatch
Drug_Perturbations_from_GEO_up,imatinib DB00619 human GSE1922 sample 2520,4/287,0.2910066216164707,0.5097025069524851,0,0,1.4838709677419355,1.831704059328795,SH3BGRL;RGCC;ALDH1A1;LMOD1,Drug_Perturbations_from_GEO_up,Myofibroblasts_UP→UPmatch
Drug_Perturbations_from_GEO_up,imatinib DB00619 human GSE1922 sample 2457,4/288,0.2931310155905908,0.5123882873327464,0,0,1.4785703468120552,1.814406335879904,SH3BGRL;RGCC;ALDH1A1;LMOD1,Drug_Perturbations_from_GEO_up,Myofibroblasts_UP→UPmatch
Drug_Perturbations_from_GEO_up,5-Fluorouracil 3385 mouse GSE1559 sample 3637,4/289,0.2952575150763998,0.5150669327389108,0,0,1.4733069232220335,1.7972979753307088,LGALS1;STMN1;S100A6;DYNLRB1,Drug_Perturbations_from_GEO_up,Myofibroblasts_UP→UPmatch
Drug_Perturbations_from_GEO_up,5-Fluorouracil 3385 mouse GSE1559 sample 3639,3/202,0.3011764136518893,0.5230591641327312,0,0,1.5809797651358397,1.8972691446623196,LGALS1;S100A6;RAMP1,Drug_Perturbations_from_GEO_up,Myofibroblasts_UP→UPmatch
Drug_Perturbations_from_GEO_up,Vitamin D3 DB00136 human GSE5145 sample 3170,4/292,0.30164888358289,0.5230591641327312,0,0,1.4577359617682195,1.7470842689532846,TNFAIP6;SEMA3B;LMOD1;FAM83D,Drug_Perturbations_from_GEO_up,Myofibroblasts_UP→UPmatch
Drug_Perturbations_from_GEO_up,vancomycin DB14969 mouse GSE7793 sample 3396,4/292,0.30164888358289,0.5230591641327312,0,0,1.4577359617682195,1.7470842689532846,MPZ;ITGA8;MAL;CRYAB,Drug_Perturbations_from_GEO_up,Myofibroblasts_UP→UPmatch
Drug_Perturbations_from_GEO_up,arsenic CID 5359596 human GSE20320 sample 2551,4/293,0.3037830436714828,0.5257083809644224,0,0,1.452617479629423,1.7307087553845162,ACTA2;CKM;MME;CALD1,Drug_Perturbations_from_GEO_up,Myofibroblasts_UP→UPmatch
Drug_Perturbations_from_GEO_up,estradiol DB00783 human GSE1153 sample 2734,5/388,0.3091636923986259,0.5339540265131647,0,0,1.3708983134570605,1.6092761352275216,LDHB;CD151;SERPINE2;COL4A2;FN1,Drug_Perturbations_from_GEO_up,Myofibroblasts_UP→UPmatch
Drug_Perturbations_from_GEO_up,Atorvastatin DB01076 human GSE11393 sample 3196,4/297,0.3123362008122506,0.538360807364257,0,0,1.4324929355205696,1.6669563666164589,SH3BGRL;TNFAIP6;ALDH1A1;SNCA,Drug_Perturbations_from_GEO_up,Myofibroblasts_UP→UPmatch
Drug_Perturbations_from_GEO_up,5-Fluorouracil 3385 mouse GSE1559 sample 3635,4/298,0.3144782476378278,0.5399062192118746,0,0,1.427547363031234,1.6514444198374545,S100A6;DSTN;DYNLRB1;MYLK,Drug_Perturbations_from_GEO_up,Myofibroblasts_UP→UPmatch
Drug_Perturbations_from_GEO_up,Interferon beta-1b DB00068 human GSE26104 sample 3184,4/298,0.3144782476378278,0.5399062192118746,0,0,1.427547363031234,1.6514444198374545,EGR2;SH3BGRL;NEXN;ITGA6,Drug_Perturbations_from_GEO_up,Myofibroblasts_UP→UPmatch
Drug_Perturbations_from_GEO_up,"2,3,7,8-tetrachlorodibenzo-p-dioxin (TCDD) 15625 human GSE16160 sample 3426",4/299,0.3166216499921978,0.5425117994925602,0,0,1.4226353198469108,1.6360985501975285,CSRP1;ANXA6;FILIP1L;OXR1,Drug_Perturbations_from_GEO_up,Myofibroblasts_UP→UPmatch
Drug_Perturbations_from_GEO_up,Heregulin 56310950 human GSE22288 sample 3215,4/300,0.3187663347290948,0.5440362445081205,0,0,1.4177564661435629,1.620916626023841,CPM;LPIN1;WFDC2;CES1,Drug_Perturbations_from_GEO_up,Myofibroblasts_UP→UPmatch
Drug_Perturbations_from_GEO_up,decitabine DB01262 human GSE29077 sample 2540,4/300,0.3187663347290948,0.5440362445081205,0,0,1.4177564661435629,1.620916626023841,ACTA2;SERPINE2;S100A6;CTNNAL1,Drug_Perturbations_from_GEO_up,Myofibroblasts_UP→UPmatch
Drug_Perturbations_from_GEO_up,ARSENIC 5359596 human GSE6907 sample 3529,5/394,0.3203303936120535,0.5456315348951876,0,0,1.3493364830125756,1.5360878040303596,TAGLN;PGRMC1;BAG2;ALDH1A1;CES1,Drug_Perturbations_from_GEO_up,Myofibroblasts_UP→UPmatch
Drug_Perturbations_from_GEO_up,permethrin DB04930 rat GSE7955 sample 3418,4/302,0.3230592607827387,0.5492007433306558,0,0,1.4080969906906258,1.5910362514356935,MLIP;NUBPL;LPL;PSMF1,Drug_Perturbations_from_GEO_up,Myofibroblasts_UP→UPmatch
Drug_Perturbations_from_GEO_up,"2,2',4,4',5,5'-Hexachlorobiphenyl   (PCB-153) 37034 human GSE6878 sample 3349",3/211,0.3245347747949277,0.5506294515600829,0,0,1.5118778280542986,1.701410739789468,AZGP1;FN1;CES1,Drug_Perturbations_from_GEO_up,Myofibroblasts_UP→UPmatch
Drug_Perturbations_from_GEO_up,PLX4720 CID 24180719 human GSE50791 sample 2506,4/303,0.3252073575999177,0.5506929278107983,0,0,1.4033157118711117,1.5763337009424363,RGCC;ALDH1A1;S100A6;HADH,Drug_Perturbations_from_GEO_up,Myofibroblasts_UP→UPmatch
Drug_Perturbations_from_GEO_up,apratoxin A 6326668 human GSE2742 sample 3066,5/397,0.3259326228091302,0.550845192934729,0,0,1.3388030888030888,1.5008847458486256,PLA2G16;CD151;S100A6;DSTN;DYNLRB1,Drug_Perturbations_from_GEO_up,Myofibroblasts_UP→UPmatch
Drug_Perturbations_from_GEO_up,decitabine DB01262 human GSE29077 sample 2547,4/304,0.327356447937653,0.5521751758014497,0,0,1.3985663082437276,1.5617868939911577,PGRMC1;SCRN1;FHL1;FLNC,Drug_Perturbations_from_GEO_up,Myofibroblasts_UP→UPmatch
Drug_Perturbations_from_GEO_up,cocaine 446220 human GSE54839 sample 2472,4/306,0.3316573243138093,0.5572614344575052,0,0,1.3891618600014242,1.5331526525903194,SERPINE2;SPARCL1;GPM6B;SNCA,Drug_Perturbations_from_GEO_up,Myofibroblasts_UP→UPmatch
Drug_Perturbations_from_GEO_up,cetuximab DB00002 human GSE61495 sample 3134,4/306,0.3316573243138093,0.5572614344575052,0,0,1.3891618600014242,1.5331526525903194,ACTA2;DES;NRN1;LEFTY2,Drug_Perturbations_from_GEO_up,Myofibroblasts_UP→UPmatch
Drug_Perturbations_from_GEO_up,"2,3,7,8-tetrachlorodibenzo-p-dioxin 10852289 rat GSE48100 sample 3112",4/308,0.3359613239673362,0.5634012918369062,0,0,1.3798811544991512,1.5051181095530657,PCP4;ALDH1A1;SPARCL1;SORBS2,Drug_Perturbations_from_GEO_up,Myofibroblasts_UP→UPmatch
Drug_Perturbations_from_GEO_up,NSC319726 5351307 human GSE35972 sample 2479,4/309,0.3381143198207836,0.5659172109741688,0,0,1.37528644456196,1.4913210347361328,C11ORF96;NRN1;CRYAB;CDH7,Drug_Perturbations_from_GEO_up,Myofibroblasts_UP→UPmatch
Drug_Perturbations_from_GEO_up,FGFR-specific PD173074 inhibitor 1401 human GSE52452 sample 3244,4/310,0.3402678870659401,0.5684243893760503,0,0,1.3707217654086723,1.4776683128420798,CSRP1;CALD1;TGFB1I1;ITGA6,Drug_Perturbations_from_GEO_up,Myofibroblasts_UP→UPmatch
Drug_Perturbations_from_GEO_up,bleomycin DB00290 mouse GSE43695 sample 3104,4/311,0.3424219566263928,0.5709227622982358,0,0,1.3661868235788588,1.4641581451553385,EGR2;LGALS1;TNC;FN1,Drug_Perturbations_from_GEO_up,Myofibroblasts_UP→UPmatch
Drug_Perturbations_from_GEO_up,citalopram DB00215 human GSE7036 sample 3292,4/312,0.344576459903934,0.5734122662892721,0,0,1.3616813294232648,1.4507887596675637,SH3BGRL;PGRMC1;RAP1A;PEG10,Drug_Perturbations_from_GEO_up,Myofibroblasts_UP→UPmatch
Drug_Perturbations_from_GEO_up,ubiquinol 9962735 mouse GSE15129 sample 3451,3/219,0.3453060814693548,0.573525618072664,0,0,1.4552881758764111,1.5474429354394186,LDHB;NRN1;CRYAB,Drug_Perturbations_from_GEO_up,Myofibroblasts_UP→UPmatch
Drug_Perturbations_from_GEO_up,troglitazone DB00197 rat GSE21329 sample 2833,5/408,0.3465571269290687,0.5736947747181272,0,0,1.3015223660384951,1.379233149966419,ACTA1;AZGP1;PGRMC1;CKM;ALDH1A1,Drug_Perturbations_from_GEO_up,Myofibroblasts_UP→UPmatch
Drug_Perturbations_from_GEO_up,streptozocin DB00428 mouse GSE38067 sample 3439,4/313,0.3467313286647043,0.5736947747181272,0,0,1.3572049970421407,1.4375584110653938,PGRMC1;ALDH1A1;HSD17B6;HADH,Drug_Perturbations_from_GEO_up,Myofibroblasts_UP→UPmatch
Drug_Perturbations_from_GEO_up,Etanercept DB00005 human GSE7524 sample 3295,3/221,0.3504927503697676,0.5753370890222881,0,0,1.441789726733062,1.5115943460313652,LGALS1;S100A6;CES1,Drug_Perturbations_from_GEO_up,Myofibroblasts_UP→UPmatch
Drug_Perturbations_from_GEO_up,cisplatin DB00515 human GSE47856 sample 3152,3/221,0.3504927503697676,0.5753370890222881,0,0,1.441789726733062,1.5115943460313652,MFAP4;MCAM;CRYAB,Drug_Perturbations_from_GEO_up,Myofibroblasts_UP→UPmatch
Drug_Perturbations_from_GEO_up,diclofenac DB00586 human GSE28185 sample 3058,3/221,0.3504927503697676,0.5753370890222881,0,0,1.441789726733062,1.5115943460313652,S100A6;ITGA6;CES1,Drug_Perturbations_from_GEO_up,Myofibroblasts_UP→UPmatch
Drug_Perturbations_from_GEO_up,SODIUM ARSENITE 443495 mouse GSE11056 sample 3356,4/315,0.3510418916871861,0.5753370890222881,0,0,1.3483386923901393,1.4115079732925624,AOC3;MPZ;FLNC;FAM83D,Drug_Perturbations_from_GEO_up,Myofibroblasts_UP→UPmatch
Drug_Perturbations_from_GEO_up,PLX4720 CID 24180719 human GSE50791 sample 2507,4/315,0.3510418916871861,0.5753370890222881,0,0,1.3483386923901393,1.4115079732925624,RGCC;ALDH1A1;HADH;SOX4,Drug_Perturbations_from_GEO_up,Myofibroblasts_UP→UPmatch
Drug_Perturbations_from_GEO_up,Lapatinib DB01259 human GSE38376 sample 2583,4/317,0.355353107912563,0.5801127688055197,0,0,1.3395856951458311,1.3859933825934931,NUBPL;S100A6;FBXO32;BCAS1,Drug_Perturbations_from_GEO_up,Myofibroblasts_UP→UPmatch
Drug_Perturbations_from_GEO_up,Lipopolysaccharide 11970143 mouse GSE367 sample 3657,3/223,0.3556751847867763,0.5801127688055197,0,0,1.4285367039377734,1.4767317708583032,PGRMC1;MT3;SCRG1,Drug_Perturbations_from_GEO_up,Myofibroblasts_UP→UPmatch
Drug_Perturbations_from_GEO_up,rosiglitazone DB00412 rat GSE21329 sample 2845,5/413,0.355963083050215,0.5801127688055197,0,0,1.2852411234764176,1.3275618681048589,PLA2G16;ALDH1A1;FN1;HSD17B6;OXR1,Drug_Perturbations_from_GEO_up,Myofibroblasts_UP→UPmatch
Drug_Perturbations_from_GEO_up,lapatinib DB01259 human GSE16179 sample 2580,6/511,0.3580376248499087,0.5816767071608934,0,0,1.246556177356866,1.2803592914739563,PGRMC1;RNF13;SCRN1;DSTN;HADH;BCAS1,Drug_Perturbations_from_GEO_up,Myofibroblasts_UP→UPmatch
Drug_Perturbations_from_GEO_up,EPZ004777 56962336 human GSE29828 sample 2650,3/224,0.3582645462790277,0.5816767071608934,0,0,1.4220001451835362,1.4596598415788065,SH3BGRL;VIM;CES1,Drug_Perturbations_from_GEO_up,Myofibroblasts_UP→UPmatch
Drug_Perturbations_from_GEO_up,Triiodothyronine-[13C6] hydrochloride (T3 thyronine) 53442265 human GSE29159 sample 3043,4/320,0.361819996323387,0.5863512837614515,0,0,1.3266639444671295,1.348697761065928,ACTA1;FN1;SERPINB9;CES1,Drug_Perturbations_from_GEO_up,Myofibroblasts_UP→UPmatch
Drug_Perturbations_from_GEO_up,imatinib DB00619 human GSE1922 sample 2519,3/226,0.3634390319063931,0.5878761952664978,0,0,1.40910289921105,1.4262146520039491,SH3BGRL;RGCC;ALDH1A1,Drug_Perturbations_from_GEO_up,Myofibroblasts_UP→UPmatch
Drug_Perturbations_from_GEO_up,Lipopolysaccharide 11970143 human GSE5504 sample 3484,5/418,0.3653804616238312,0.5899159408340068,0,0,1.2693540998625743,1.2780061540748042,RCAN1;TNFAIP6;ITGB8;PLAT;SERPINB9,Drug_Perturbations_from_GEO_up,Myofibroblasts_UP→UPmatch
Drug_Perturbations_from_GEO_up,quercetin DB04216 human GSE15162 sample 3444,4/323,0.3682853946098411,0.5923996978232509,0,0,1.3139852361209423,1.3125360582935028,CNN1;FMNL2;KCNK12;MYL9,Drug_Perturbations_from_GEO_up,Myofibroblasts_UP→UPmatch
Drug_Perturbations_from_GEO_up,morphine 5288826 mouse GSE7762 sample 3490,4/323,0.3682853946098411,0.5923996978232509,0,0,1.3139852361209423,1.3125360582935028,CYFIP2;NRN1;NOV;STMN1,Drug_Perturbations_from_GEO_up,Myofibroblasts_UP→UPmatch
Drug_Perturbations_from_GEO_up,luteolin 5280445 human GSE53180 sample 3473,3/230,0.3737681779009407,0.6001055745187326,0,0,1.3839902000047115,1.362011769840363,LGALS1;S100A6;VIM,Drug_Perturbations_from_GEO_up,Myofibroblasts_UP→UPmatch
Drug_Perturbations_from_GEO_up,Lapatinib DB01259 human GSE38376 sample 2584,4/326,0.3747475706909817,0.6005658850075437,0,0,1.3015427769985974,1.27746765152246,S100A6;MAL;FBXO32;BCAS1,Drug_Perturbations_from_GEO_up,Myofibroblasts_UP→UPmatch
Drug_Perturbations_from_GEO_up,heroin 5462328 mouse GSE30305 sample 2622,3/233,0.3814945413064952,0.6102504931969214,0,0,1.3657289002557544,1.3160965869163497,ACTA2;EGR2;SPARC,Drug_Perturbations_from_GEO_up,Myofibroblasts_UP→UPmatch
Drug_Perturbations_from_GEO_up,estradiol 5757 human GSE4668 sample 3061,4/331,0.3855061072722929,0.615531850838081,0,0,1.2813126829107888,1.2213449988964855,LGALS1;TPM1;SH3BP5;SOX4,Drug_Perturbations_from_GEO_up,Myofibroblasts_UP→UPmatch
Drug_Perturbations_from_GEO_up,5-Fluorouracil 3385 mouse GSE1559 sample 3638,4/332,0.3876554984412846,0.6178259506407975,0,0,1.2773406766325728,1.2104568507355813,LGALS1;STMN1;S100A6;DYNLRB1,Drug_Perturbations_from_GEO_up,Myofibroblasts_UP→UPmatch
Drug_Perturbations_from_GEO_up,methamphetamine DB01577 rat GSE46717 sample 3303,4/333,0.3898039768125848,0.6179620375477831,0,0,1.2733928162891788,1.1996777485424848,PNCK;SULF1;LEFTY2;AIF1L,Drug_Perturbations_from_GEO_up,Myofibroblasts_UP→UPmatch
Drug_Perturbations_from_GEO_up,PRISTANE 15979 mouse GSE17297 sample 3226,4/333,0.3898039768125848,0.6179620375477831,0,0,1.2733928162891788,1.1996777485424848,SPARC;STMN1;S100A6;FN1,Drug_Perturbations_from_GEO_up,Myofibroblasts_UP→UPmatch
Drug_Perturbations_from_GEO_up,curcumin 969516 human GSE10896 sample 3406,5/431,0.3898791632510235,0.6179620375477831,0,0,1.2297931734551453,1.1583648498602446,RCAN1;PGRMC1;DSTN;GYG1;CES1,Drug_Perturbations_from_GEO_up,Myofibroblasts_UP→UPmatch
Drug_Perturbations_from_GEO_up,Curcumin CID 969516 human GSE10896 sample 3259,2/142,0.3914421375242646,0.6189834895077089,0,0,1.49468085106383,1.4018874337689542,LGALS1;VIM,Drug_Perturbations_from_GEO_up,Myofibroblasts_UP→UPmatch
Drug_Perturbations_from_GEO_up,IFN-gamma1b DB00033 human GSE5542 sample 2476,4/334,0.3919514829754696,0.6189834895077089,0,0,1.269468882372108,1.1890064088461685,CSRP1;S100A6;PMP22;VIM,Drug_Perturbations_from_GEO_up,Myofibroblasts_UP→UPmatch
Drug_Perturbations_from_GEO_up,phenol 996 human GSE6907 sample 3528,4/336,0.3962433427922223,0.6246235967288304,0,0,1.261691929006348,1.1679819745625497,ACTA2;RCAN1;INPP5A;RNF13,Drug_Perturbations_from_GEO_up,Myofibroblasts_UP→UPmatch
Drug_Perturbations_from_GEO_up,morphine 5288826 mouse GSE7762 sample 3488,4/337,0.3983875797314932,0.6268639412471954,0,0,1.2578384836449352,1.1576264025104503,NR4A1;LDHB;SPARCL1;CRYAB,Drug_Perturbations_from_GEO_up,Myofibroblasts_UP→UPmatch
Drug_Perturbations_from_GEO_up,cisplatin DB00515 human GSE42172 sample 3095,4/338,0.4005306109417206,0.6290942747943329,0,0,1.2540081128066447,1.1473736377440698,ACTA2;RAP1A;PLN;HSD17B6,Drug_Perturbations_from_GEO_up,Myofibroblasts_UP→UPmatch
Drug_Perturbations_from_GEO_up,apratoxin A 6326668 human GSE2742 sample 3067,3/245,0.4121705706708153,0.6443083417549665,0,0,1.2972112962390066,1.1497417331105604,S100A6;DSTN;DYNLRB1,Drug_Perturbations_from_GEO_up,Myofibroblasts_UP→UPmatch
Drug_Perturbations_from_GEO_up,isotretinoin 5282379 human GSE10433 sample 2498,3/245,0.4121705706708153,0.6443083417549665,0,0,1.2972112962390066,1.1497417331105604,NR4A2;PLAT;KLK6,Drug_Perturbations_from_GEO_up,Myofibroblasts_UP→UPmatch
Drug_Perturbations_from_GEO_up,d-serine 71077 rat GSE10748 sample 3388,5/443,0.4124465163483349,0.6443083417549665,0,0,1.1953597433049488,1.0586688492508314,CYFIP2;NRN1;NOV;S100B;SNCA,Drug_Perturbations_from_GEO_up,Myofibroblasts_UP→UPmatch
Drug_Perturbations_from_GEO_up,4-Hydroxynonenal 5283344 human GSE2397 sample 3080,3/246,0.4147072535656662,0.645513804024116,0,0,1.2918069584736251,1.1370257758731055,TAGLN;CALD1;TPM1,Drug_Perturbations_from_GEO_up,Myofibroblasts_UP→UPmatch
Drug_Perturbations_from_GEO_up,methylprednisolone 6741 rat GSE490 sample 3664,3/246,0.4147072535656662,0.645513804024116,0,0,1.2918069584736251,1.1370257758731055,NR4A1;PPP1R1A;FN1,Drug_Perturbations_from_GEO_up,Myofibroblasts_UP→UPmatch
Drug_Perturbations_from_GEO_up,Monuron 8800 rat GSE51163 sample 2463,4/346,0.417624672688933,0.6488899484252777,0,0,1.2241715399610136,1.0689125102671913,SEMA3B;ITGA8;NEK1;LPP,Drug_Perturbations_from_GEO_up,Myofibroblasts_UP→UPmatch
Drug_Perturbations_from_GEO_up,Celecoxib DB00482 human GSE54657 sample 2501,4/347,0.4197543275051178,0.6498943529742471,0,0,1.2205398288347598,1.059533139173401,NR4A2;SEMA3C;SYNPO2;ALDH1A1,Drug_Perturbations_from_GEO_up,Myofibroblasts_UP→UPmatch
Drug_Perturbations_from_GEO_up,EPZ004777 56962336 human GSE29828 sample 2649,3/248,0.4197702856581066,0.6498943529742471,0,0,1.2811306340718105,1.1120824442428368,SH3BGRL;VIM;CES1,Drug_Perturbations_from_GEO_up,Myofibroblasts_UP→UPmatch
Drug_Perturbations_from_GEO_up,vitamin c DB00126 mouse GSE19379 sample 3513,4/348,0.4218822235973785,0.6519998001050394,0,0,1.216929232308077,1.0502453339170912,SOX2;INPP5A;LEFTY2;KLK6,Drug_Perturbations_from_GEO_up,Myofibroblasts_UP→UPmatch
Drug_Perturbations_from_GEO_up,4-Hydroxytamoxifen 449459 human GSE26298 sample 3240,4/350,0.4261325287550752,0.6573966235420822,0,0,1.2097706507551744,1.0319402696585858,PGRMC1;LGALS1;TPM1;DSTN,Drug_Perturbations_from_GEO_up,Myofibroblasts_UP→UPmatch
Drug_Perturbations_from_GEO_up,Bisphenol A 6623 human GSE17624 sample 2658,5/453,0.4311661368851289,0.663980534066442,0,0,1.1680743243243243,0.982656302472288,LDHB;PGRMC1;CSRP1;PEG10;CTNNAL1,Drug_Perturbations_from_GEO_up,Myofibroblasts_UP→UPmatch
Drug_Perturbations_from_GEO_up,methamphetamine 10836 mouse GSE30305 sample 2612,3/253,0.4323638977846767,0.6646445024455934,0,0,1.255187165775401,1.0524589863173155,PCP4;EGR2;NRN1,Drug_Perturbations_from_GEO_up,Myofibroblasts_UP→UPmatch
Drug_Perturbations_from_GEO_up,IFN-alphacon1 DB05258 human GSE5542 sample 2473,4/356,0.438835829460073,0.6729309094290695,0,0,1.188782991202346,0.9791172169177916,S100A6;PMP22;FN1;SERPINB9,Drug_Perturbations_from_GEO_up,Myofibroblasts_UP→UPmatch
Drug_Perturbations_from_GEO_up,heroin 5462328 mouse GSE30305 sample 2613,2/157,0.4407526053013611,0.6729309094290695,0,0,1.3490048043925875,1.105201252543582,CRTAC1;FAM83D,Drug_Perturbations_from_GEO_up,Myofibroblasts_UP→UPmatch
Drug_Perturbations_from_GEO_up,estradiol DB00783 human GSE1153 sample 2735,2/157,0.4407526053013611,0.6729309094290695,0,0,1.3490048043925875,1.105201252543582,TPM1;FHL1,Drug_Perturbations_from_GEO_up,Myofibroblasts_UP→UPmatch
Drug_Perturbations_from_GEO_up,coenzyme Q10 5281915 mouse GSE15129 sample 3462,3/257,0.4423679756649992,0.6729309094290695,0,0,1.2351677965388017,1.0074191827025418,AZGP1;HSD17B6;HAGH,Drug_Perturbations_from_GEO_up,Myofibroblasts_UP→UPmatch
Drug_Perturbations_from_GEO_up,vancomycin DB14969 mouse GSE7793 sample 3399,3/257,0.4423679756649992,0.6729309094290695,0,0,1.2351677965388017,1.0074191827025418,SCRN1;LPL;PDLIM7,Drug_Perturbations_from_GEO_up,Myofibroblasts_UP→UPmatch
Drug_Perturbations_from_GEO_up,imatinib (glivec) 123596 human GSE12211 sample 2518,2/158,0.4439636449751185,0.6729309094290695,0,0,1.3402891434806328,1.088331672938897,VIM;SOX4,Drug_Perturbations_from_GEO_up,Myofibroblasts_UP→UPmatch
Drug_Perturbations_from_GEO_up,nitric oxide 145068 human GSE13887 sample 3181,2/158,0.4439636449751185,0.6729309094290695,0,0,1.3402891434806328,1.088331672938897,RGCC;VIM,Drug_Perturbations_from_GEO_up,Myofibroblasts_UP→UPmatch
Drug_Perturbations_from_GEO_up,"2,2',4,4',5,5'-Hexachlorobiphenyl   (PCB-153) 37034 human GSE6878 sample 3350",2/158,0.4439636449751185,0.6729309094290695,0,0,1.3402891434806328,1.088331672938897,FN1;CES1,Drug_Perturbations_from_GEO_up,Myofibroblasts_UP→UPmatch
Drug_Perturbations_from_GEO_up,Retinoic acid 444795 human GSE32161 sample 3237,4/359,0.445158206266656,0.6735639874924796,0,0,1.178555202180827,0.9538348257756633,SLC12A2;RCAN1;AZGP1;KLK6,Drug_Perturbations_from_GEO_up,Myofibroblasts_UP→UPmatch
Drug_Perturbations_from_GEO_up,Argyrin A 24978550 human GSE8565 sample 3054,3/259,0.4473448100841577,0.6756932932804264,0,0,1.2253927139037433,0.9857372624048112,SH3BGRL;LGALS1;SOX4,Drug_Perturbations_from_GEO_up,Myofibroblasts_UP→UPmatch
Drug_Perturbations_from_GEO_up,tamoxifen DB00675 human GSE4025 sample 2820,4/361,0.4493613862715419,0.6759094162618747,0,0,1.1718321737297068,0.9373811863376306,PGRMC1;INPP5A;SEMA3C;TPM1,Drug_Perturbations_from_GEO_up,Myofibroblasts_UP→UPmatch
Drug_Perturbations_from_GEO_up,haloperidol 3559 mouse GSE6467 sample 2466,3/260,0.4498266818720897,0.6759094162618747,0,0,1.2205622255977029,0.9750985226500928,NR4A1;ACTA1;CKM,Drug_Perturbations_from_GEO_up,Myofibroblasts_UP→UPmatch
Drug_Perturbations_from_GEO_up,Retinoic acid 444795 human GSE23702 sample 3233,3/260,0.4498266818720897,0.6759094162618747,0,0,1.2205622255977029,0.9750985226500928,CYFIP2;ITGA6;CES1,Drug_Perturbations_from_GEO_up,Myofibroblasts_UP→UPmatch
Drug_Perturbations_from_GEO_up,PRISTANE 15979 mouse GSE17297 sample 3228,3/261,0.4523040995725686,0.6772843770801675,0,0,1.2157691829374455,0.964591924682802,SPARC;LGALS1;FN1,Drug_Perturbations_from_GEO_up,Myofibroblasts_UP→UPmatch
Drug_Perturbations_from_GEO_up,"cytarabine, EC50, 1 d 6253 human GSE6930 sample 3373",3/261,0.4523040995725686,0.6772843770801675,0,0,1.2157691829374455,0.964591924682802,ACTA2;SERPINE2;TNFAIP6,Drug_Perturbations_from_GEO_up,Myofibroblasts_UP→UPmatch
Drug_Perturbations_from_GEO_up,PD173074 1401 human GSE52452 sample 2578,2/161,0.4535353854181027,0.6779572054439569,0,0,1.314799946473973,1.0395886316717913,ALDH1A1;FBXO32,Drug_Perturbations_from_GEO_up,Myofibroblasts_UP→UPmatch
Drug_Perturbations_from_GEO_up,dexamethasone DB01234 mouse GSE5463 sample 2709,2/162,0.4567051912696279,0.6815204833576031,0,0,1.3065159574468086,1.023939017397336,SH3BGRL;STMN1,Drug_Perturbations_from_GEO_up,Myofibroblasts_UP→UPmatch
Drug_Perturbations_from_GEO_up,Interferon beta-1a DB00060 human GSE26104 sample 3188,4/366,0.4598255064020486,0.6849565445134238,0,0,1.1553496108833838,0.8976005812161841,EGR2;FMNL2;NEXN;SERPINB9,Drug_Perturbations_from_GEO_up,Myofibroblasts_UP→UPmatch
Drug_Perturbations_from_GEO_up,bleomycin DB00290 mouse GSE43695 sample 3106,4/367,0.4619104496913144,0.6849565445134238,0,0,1.1521075861251815,0.8898697406084026,EGR2;TNC;FN1;AURKB,Drug_Perturbations_from_GEO_up,Myofibroblasts_UP→UPmatch
Drug_Perturbations_from_GEO_up,adenosine triphosphate 5957 human GSE30903 sample 3218,4/367,0.4619104496913144,0.6849565445134238,0,0,1.1521075861251815,0.8898697406084026,LGALS1;TNFAIP6;SERPINB9;SOX4,Drug_Perturbations_from_GEO_up,Myofibroblasts_UP→UPmatch
Drug_Perturbations_from_GEO_up,rosiglitazone DB00412 human GSE5679 sample 2809,3/265,0.4621679106578465,0.6849565445134238,0,0,1.1969628934155203,0.923848292239911,FHL1;FN1;LPL,Drug_Perturbations_from_GEO_up,Myofibroblasts_UP→UPmatch
Drug_Perturbations_from_GEO_up,MK-886 CID 3651377 human GSE3202 sample 3193,4/368,0.4639926613861337,0.6864874358733412,0,0,1.1488833746898264,0.882212082738885,SLC12A2;LGALS1;CSRP1;TPM1,Drug_Perturbations_from_GEO_up,Myofibroblasts_UP→UPmatch
Drug_Perturbations_from_GEO_up,ethanol DB00898 rat GSE3311 sample 2737,3/267,0.467071403862836,0.6879405683781002,0,0,1.187773456490034,0.904220021629614,FXYD1;ALDH1A1;LPL,Drug_Perturbations_from_GEO_up,Myofibroblasts_UP→UPmatch
Drug_Perturbations_from_GEO_up,vitamin c DB00126 mouse GSE32994 sample 3511,4/370,0.468148714351879,0.6879405683781002,0,0,1.1424878077442857,0.8671131349508696,SBSPON;STMN1;PMP22;AURKB,Drug_Perturbations_from_GEO_up,Myofibroblasts_UP→UPmatch
Drug_Perturbations_from_GEO_up,Insulin Regular DB00030 mouse GSE39752 sample 3290,4/370,0.468148714351879,0.6879405683781002,0,0,1.1424878077442857,0.8671131349508696,CPM;CSRP1;ALDH1B1;HSD17B6,Drug_Perturbations_from_GEO_up,Myofibroblasts_UP→UPmatch
Drug_Perturbations_from_GEO_up,Interferon-&Icirc;&sup2;-1b (Betaferon) DB00068 human GSE26104 sample 3343,4/370,0.468148714351879,0.6879405683781002,0,0,1.1424878077442857,0.8671131349508696,EGR2;FMNL2;MAP3K7CL;NEXN,Drug_Perturbations_from_GEO_up,Myofibroblasts_UP→UPmatch
Drug_Perturbations_from_GEO_up,tamoxifen DB00675 human GSE28645 sample 2822,3/268,0.4695158298052114,0.6887821056533305,0,0,1.1832307537080011,0.8945854741127062,PCP4;FGFBP2;RERG,Drug_Perturbations_from_GEO_up,Myofibroblasts_UP→UPmatch
Drug_Perturbations_from_GEO_up,Mehp 20393 rat GSE4514 sample 3576,4/372,0.4722933184012822,0.6906677878877218,0,0,1.136161757830762,0.8522974792514418,FYCO1;DYNC1LI2;EFHD1;HAGH,Drug_Perturbations_from_GEO_up,Myofibroblasts_UP→UPmatch
Drug_Perturbations_from_GEO_up,estradiol 5757 mouse GSE2889 sample 3609,2/167,0.4723944616117865,0.6906677878877218,0,0,1.266602192134107,0.9498768115527236,STMN1;LPL,Drug_Perturbations_from_GEO_up,Myofibroblasts_UP→UPmatch
Drug_Perturbations_from_GEO_up,TRICHLOROETHYLENE 6575 mouse GSE24278 sample 3324,3/270,0.474389740008777,0.6924173477905887,0,0,1.1742474313525206,0.8756669090769506,EGR2;CKM;SULF1,Drug_Perturbations_from_GEO_up,Myofibroblasts_UP→UPmatch
Drug_Perturbations_from_GEO_up,cisplatin DB00515 human GSE47856 sample 3156,4/374,0.4764261337522302,0.6936277947579765,0,0,1.129904097646033,0.837759016387668,CYFIP2;S100A6;PLAT;SNCA,Drug_Perturbations_from_GEO_up,Myofibroblasts_UP→UPmatch
Drug_Perturbations_from_GEO_up,temozolomide 5394 human GSE43452 sample 2555,3/271,0.4768191068924499,0.6936277947579765,0,0,1.1698060499640832,0.8663795233931936,CYFIP2;ACTA2;PPP1R14A,Drug_Perturbations_from_GEO_up,Myofibroblasts_UP→UPmatch
Drug_Perturbations_from_GEO_up,Etanercept DB00005 human GSE36177 sample 2596,4/377,0.482602526907274,0.7008649762623226,0,0,1.1206434316353888,0.8164580963179898,RGCC;HAGH;MYL9;SNCA,Drug_Perturbations_from_GEO_up,Myofibroblasts_UP→UPmatch
Drug_Perturbations_from_GEO_up,Caerulein 16132921 rat GSE5509 sample 3566,3/275,0.4864846584219606,0.7044620042191628,0,0,1.152367096571249,0.8303380105369671,AZGP1;FN1;DSTN,Drug_Perturbations_from_GEO_up,Myofibroblasts_UP→UPmatch
Drug_Perturbations_from_GEO_up,HYPOCHLOROUS ACID 24341 human GSE11630 sample 3201,4/379,0.4867044296739083,0.7044620042191628,0,0,1.114551971326165,0.8025869360539228,TPM1;FN1;DSTN;CES1,Drug_Perturbations_from_GEO_up,Myofibroblasts_UP→UPmatch
Drug_Perturbations_from_GEO_up,haloperidol 3559 mouse GSE6511 sample 2471,4/382,0.4928329560512857,0.7113115236706945,0,0,1.1055356431700518,0.7822604313229617,NR4A2;ACTA2;NOV;SERPINB9,Drug_Perturbations_from_GEO_up,Myofibroblasts_UP→UPmatch
Drug_Perturbations_from_GEO_up,formaldehyde 712 rat GSE7002 sample 3542,3/278,0.4936777799312979,0.7113115236706945,0,0,1.139620807000486,0.8044266940201688,ACTA1;CKM;PGAM2,Drug_Perturbations_from_GEO_up,Myofibroblasts_UP→UPmatch
Drug_Perturbations_from_GEO_up,"3H-1,2-Dithiole-3-thione 68296 rat GSE3173 sample 3593",2/174,0.493897966839398,0.7113115236706945,0,0,1.2146214745175656,0.8568259666631545,PGRMC1;ALDH1A1,Drug_Perturbations_from_GEO_up,Myofibroblasts_UP→UPmatch
Drug_Perturbations_from_GEO_up,tretinoin DB00755 mouse GSE31280 sample 2829,4/384,0.4969019741074545,0.714451097099773,0,0,1.0996038483305035,0.7690217046637726,PMP22;NEXN;EFHD1;NCMAP,Drug_Perturbations_from_GEO_up,Myofibroblasts_UP→UPmatch
Drug_Perturbations_from_GEO_up,motexafin gadolinium (12 h) DB05428 human GSE2189 sample 3127,3/280,0.4984457205195464,0.7154841716729251,0,0,1.1312766655726945,0.7876633485864637,SLC12A2;LDHB;CSRP1,Drug_Perturbations_from_GEO_up,Myofibroblasts_UP→UPmatch
Drug_Perturbations_from_GEO_up,ubiquinol 9962735 human GSE21351 sample 3448,3/281,0.5008212977468679,0.7175440510322788,0,0,1.127149617204632,0.779430647281967,SH3BGRL;LGALS1;S100A6,Drug_Perturbations_from_GEO_up,Myofibroblasts_UP→UPmatch
Drug_Perturbations_from_GEO_up,Calcitonin 16132288 mouse GSE60761 sample 3447,2/177,0.5029438228067701,0.7175440510322788,0,0,1.1936170212765955,0.8203452860927304,FN1;ITGA6,Drug_Perturbations_from_GEO_up,Myofibroblasts_UP→UPmatch
Drug_Perturbations_from_GEO_up,PLX4032 DB05238 human GSE24862 sample 2568,3/282,0.5031912145647354,0.7175440510322788,0,0,1.1230521534126847,0.7712954101079377,LMOD1;HSD17B6;FBXO32,Drug_Perturbations_from_GEO_up,Myofibroblasts_UP→UPmatch
Drug_Perturbations_from_GEO_up,sorafenib DB00398 human GSE39192 sample 3055,3/282,0.5031912145647354,0.7175440510322788,0,0,1.1230521534126847,0.7712954101079377,COL4A2;SGCA;ITGA7,Drug_Perturbations_from_GEO_up,Myofibroblasts_UP→UPmatch
Drug_Perturbations_from_GEO_up,N-METHYLFORMAMIDE 31254 rat GSE5509 sample 3570,3/283,0.5055554231976455,0.7185517244464896,0,0,1.1189839572192513,0.7632562785733542,PGRMC1;ALDH1A1;DSTN,Drug_Perturbations_from_GEO_up,Myofibroblasts_UP→UPmatch
Drug_Perturbations_from_GEO_up,rosiglitazone DB00412 mouse GSE10192 sample 2812,3/283,0.5055554231976455,0.7185517244464896,0,0,1.1189839572192513,0.7632562785733542,TNFAIP6;CTNNAL1;RERG,Drug_Perturbations_from_GEO_up,Myofibroblasts_UP→UPmatch
Drug_Perturbations_from_GEO_up,Y15 23627197 human GSE43452 sample 2554,4/390,0.5090257758585799,0.7223000780186396,0,0,1.0821772800713132,0.7307473761911335,C11ORF96;EGR2;NUBPL;CRYAB,Drug_Perturbations_from_GEO_up,Myofibroblasts_UP→UPmatch
Drug_Perturbations_from_GEO_up,diethylstilbestrol DB00255 rat GSE4028 sample 2715,3/285,0.5102665289500176,0.7228775826791916,0,0,1.1109341221982023,0.7474610112732863,LGALS1;MT3;ARHGAP24,Drug_Perturbations_from_GEO_up,Myofibroblasts_UP→UPmatch
Drug_Perturbations_from_GEO_up,progesterone 5994 mouse GSE6440 sample 3686,3/286,0.5126133347626755,0.7244368778210142,0,0,1.106951871657754,0.7397022697506991,NR4A1;ACTA1;MME,Drug_Perturbations_from_GEO_up,Myofibroblasts_UP→UPmatch
Drug_Perturbations_from_GEO_up,Bisphenol A 6623 human GSE17624 sample 2657,4/392,0.5130383425399109,0.7244368778210142,0,0,1.0764881942135018,0.7184532747269193,LDHB;PGRMC1;PEG10;CTNNAL1,Drug_Perturbations_from_GEO_up,Myofibroblasts_UP→UPmatch
Drug_Perturbations_from_GEO_up,HYPOCHLOROUS ACID 24341 mouse GSE15457 sample 3384,3/287,0.5149542495789619,0.725237730509708,0,0,1.1029976651351965,0.7320344218944146,PTPRE;SERPINB9;CTNNAL1,Drug_Perturbations_from_GEO_up,Myofibroblasts_UP→UPmatch
Drug_Perturbations_from_GEO_up,soman 7305 rat GSE13428 sample 2633,5/500,0.5169878001039518,0.725237730509708,0,0,1.054600054600055,0.695757623973361,LGALS1;FXYD1;S100A6;FN1;VIM,Drug_Perturbations_from_GEO_up,Myofibroblasts_UP→UPmatch
Drug_Perturbations_from_GEO_up,bleomycin DB00290 human GSE3598 sample 3588,3/288,0.5172892298648248,0.725237730509708,0,0,1.0990712074303406,0.724456217778204,CPM;WFDC1;VWA1,Drug_Perturbations_from_GEO_up,Myofibroblasts_UP→UPmatch
Drug_Perturbations_from_GEO_up,"3,3',4,4'-Tetrachlorobiphenyl 36187 human GSE6878 sample 3273",3/288,0.5172892298648248,0.725237730509708,0,0,1.0990712074303406,0.724456217778204,LGALS1;FN1;NEDD9,Drug_Perturbations_from_GEO_up,Myofibroblasts_UP→UPmatch
Drug_Perturbations_from_GEO_up,resveratrol DB02709 mouse GSE62194 sample 3467,2/182,0.5177879529244628,0.725237730509708,0,0,1.1601654846335698,0.7636087145168049,INPP5A;KCNK12,Drug_Perturbations_from_GEO_up,Myofibroblasts_UP→UPmatch
Drug_Perturbations_from_GEO_up,Telapristone Acetate 9806190 human GSE67561 sample 3695,3/289,0.5196182327105905,0.7254573393882157,0,0,1.0951722074716728,0.7169664283692461,LGALS1;DSTN;DYNLRB1,Drug_Perturbations_from_GEO_up,Myofibroblasts_UP→UPmatch
Drug_Perturbations_from_GEO_up,TRICHLOROETHYLENE 6575 mouse GSE24278 sample 3320,3/289,0.5196182327105905,0.7254573393882157,0,0,1.0951722074716728,0.7169664283692461,MME;TNC;NCMAP,Drug_Perturbations_from_GEO_up,Myofibroblasts_UP→UPmatch
Drug_Perturbations_from_GEO_up,MT19c compound SID 134222379 human GSE23616 sample 3352,3/291,0.5242581388156886,0.7307585311144726,0,0,1.0874554367201426,0.7022472768645388,LDHB;CKM;SERPINE2,Drug_Perturbations_from_GEO_up,Myofibroblasts_UP→UPmatch
Drug_Perturbations_from_GEO_up,dactinomycin DB00970 mouse GSE5324 sample 2701,1/78,0.5257328697572149,0.7310044421085448,0,0,1.355940355940356,0.8718181874315801,CSRP1,Drug_Perturbations_from_GEO_up,Myofibroblasts_UP→UPmatch
Drug_Perturbations_from_GEO_up,SODIUM ARSENITE 443495 mouse GSE11056 sample 3359,3/292,0.5265689603325692,0.7310044421085448,0,0,1.0836371037877246,0.6950155554561392,NR4A1;EGR2;FXYD6,Drug_Perturbations_from_GEO_up,Myofibroblasts_UP→UPmatch
Drug_Perturbations_from_GEO_up,4-Vinylcyclohexene diepoxide 7833 mouse GSE23725 sample 3234,4/399,0.5269639865257676,0.7310044421085448,0,0,1.0570300803048864,0.6771578546400641,NR4A1;CSRP1;LPL;GPM6B,Drug_Perturbations_from_GEO_up,Myofibroblasts_UP→UPmatch
Drug_Perturbations_from_GEO_up,sunitinib 5329102 rat GSE6929 sample 2491,2/186,0.5294507706053662,0.7332808596083905,0,0,1.1347132284921368,0.7215812666634707,GPM6A;VWA1,Drug_Perturbations_from_GEO_up,Myofibroblasts_UP→UPmatch
Drug_Perturbations_from_GEO_up,d-serine 71077 rat GSE10748 sample 3389,4/401,0.5309078714440797,0.7341261954418136,0,0,1.0515966523116926,0.6658360587349489,CYFIP2;NOV;FXYD6;SNCA,Drug_Perturbations_from_GEO_up,Myofibroblasts_UP→UPmatch
Drug_Perturbations_from_GEO_up,NICKEL CHLORIDE 24385 rat GSE31503 sample 3280,3/295,0.5334644251824676,0.7364867143840755,0,0,1.0723390227822138,0.6738180499978658,SHC4;PLP1;FBXO32,Drug_Perturbations_from_GEO_up,Myofibroblasts_UP→UPmatch
Drug_Perturbations_from_GEO_up,gamma-Tocotrienol 5282349 human GSE21946 sample 3242,4/405,0.5387475571344895,0.7425979841583503,0,0,1.0408923926742284,0.6438004509329665,NR4A2;PTPRE;EGR2;MME,Drug_Perturbations_from_GEO_up,Myofibroblasts_UP→UPmatch
Drug_Perturbations_from_GEO_up,dasatinib DB01254 human GSE59357 sample 3306,3/298,0.5403035975010828,0.7435606651324426,0,0,1.061270733254781,0.6533438185938423,RGCC;SERPINE2;FLNC,Drug_Perturbations_from_GEO_up,Myofibroblasts_UP→UPmatch
Drug_Perturbations_from_GEO_up,cetuximab DB00002 human GSE61495 sample 3136,1/82,0.5435696717676995,0.74686989765863,0,0,1.2887190541511528,0.7855997714822702,AURKB,Drug_Perturbations_from_GEO_up,Myofibroblasts_UP→UPmatch
Drug_Perturbations_from_GEO_up,"doxorubicin, EC50, 1 d 31703 human GSE6930 sample 3260",3/300,0.5448312913653867,0.7474188759711871,0,0,1.0540160967968455,0.6400819354433951,PGRMC1;DSTN;GYG1,Drug_Perturbations_from_GEO_up,Myofibroblasts_UP→UPmatch
Drug_Perturbations_from_GEO_up,Triiodothyronine-[13C6] hydrochloride (T3 thyronine) 53442265 human GSE29159 sample 3047,3/303,0.5515745204354691,0.7540960751247354,0,0,1.0433155080213905,0.6207501146963482,FN1;AURKB;CES1,Drug_Perturbations_from_GEO_up,Myofibroblasts_UP→UPmatch
Drug_Perturbations_from_GEO_up,Caerulein 16132921 mouse GSE3644 sample 3585,4/412,0.5523079673635605,0.7540960751247354,0,0,1.0226649799704828,0.6071045298813662,RCAN1;CSRP1;DSTN;ITGA6,Drug_Perturbations_from_GEO_up,Myofibroblasts_UP→UPmatch
Drug_Perturbations_from_GEO_up,VANADIUM PENTOXIDE 14814 human GSE5339 sample 3555,4/412,0.5523079673635605,0.7540960751247354,0,0,1.0226649799704828,0.6071045298813662,NR4A2;RAB23;NEDD9;ITGA6,Drug_Perturbations_from_GEO_up,Myofibroblasts_UP→UPmatch
Drug_Perturbations_from_GEO_up,genistein 5280961 mouse GSE2889 sample 3605,3/307,0.5604739730018393,0.7640423499883564,0,0,1.0293765831691528,0.5959807058723232,LPL;VIM;DYNLRB1,Drug_Perturbations_from_GEO_up,Myofibroblasts_UP→UPmatch
Drug_Perturbations_from_GEO_up,"puromycin, 2xEC50, 1d 439530 human GSE6930 sample 3371",3/308,0.5626822928118143,0.7658485837799732,0,0,1.025948978697291,0.5899618251525611,INPP5A;GYG1;CES1,Drug_Perturbations_from_GEO_up,Myofibroblasts_UP→UPmatch
Drug_Perturbations_from_GEO_up,rosiglitazone DB00412 mouse GSE35011 sample 2813,3/310,0.5670788821510988,0.7706228696316656,0,0,1.0191607587660472,0.578125934881116,RGCC;HADH;LPIN1,Drug_Perturbations_from_GEO_up,Myofibroblasts_UP→UPmatch
Drug_Perturbations_from_GEO_up,Triiodothyronine-[13C6] hydrochloride (T3 thyronine) 53442265 human GSE29159 sample 3046,3/311,0.5692670976437026,0.7714033038547796,0,0,1.0157997083130772,0.5723071822827497,FN1;AURKB;CES1,Drug_Perturbations_from_GEO_up,Myofibroblasts_UP→UPmatch
Drug_Perturbations_from_GEO_up,creatine 586 mouse GSE5140 sample 3205,4/421,0.5694326579781533,0.7714033038547796,0,0,1.0001289291147728,0.5631873525969888,CYFIP2;PCP4;NRN1;NOV,Drug_Perturbations_from_GEO_up,Myofibroblasts_UP→UPmatch
Drug_Perturbations_from_GEO_up,IFN-alphacon1 DB05258 human GSE5542 sample 2474,3/313,0.5736232404058407,0.775393667399759,0,0,1.0091426599965498,0.5608638039606524,S100A6;FN1;DYNLRB1,Drug_Perturbations_from_GEO_up,Myofibroblasts_UP→UPmatch
Drug_Perturbations_from_GEO_up,Bisphenol A 6623 mouse GSE4650 sample 3574,2/202,0.5741669371057039,0.775393667399759,0,0,1.043085106382979,0.5787402227904371,LGALS1;LPIN1,Drug_Perturbations_from_GEO_up,Myofibroblasts_UP→UPmatch
Drug_Perturbations_from_GEO_up,Cobalt dichloride hexahydrate 24643 rat GSE51207 sample 3115,2/203,0.5768574650920962,0.7778155866793894,0,0,1.0378427013866836,0.570979613825491,BAG2;ALDH1A1,Drug_Perturbations_from_GEO_up,Myofibroblasts_UP→UPmatch
Drug_Perturbations_from_GEO_up,PBDE 47 CID 95170 rat GSE19868 sample 3392,3/315,0.5779521665298314,0.7780815658095711,0,0,1.0025709584533111,0.5496737350071619,STMN1;NEDD9;HSD17B6,Drug_Perturbations_from_GEO_up,Myofibroblasts_UP→UPmatch
Drug_Perturbations_from_GEO_up,1-(4-Methoxyphenyl)piperazine 269722 rat GSE68785 sample 3689,2/205,0.5822014396264135,0.7817768447008645,0,0,1.0275128393250184,0.5558215365380611,GYG1;WFDC2,Drug_Perturbations_from_GEO_up,Myofibroblasts_UP→UPmatch
Drug_Perturbations_from_GEO_up,Lipopolysaccharide 11970143 human GSE5504 sample 3485,4/428,0.5825003940908402,0.7817768447008645,0,0,0.983262325015216,0.531379952008588,TNFAIP6;ITGB8;PLAT;SERPINB9,Drug_Perturbations_from_GEO_up,Myofibroblasts_UP→UPmatch
Drug_Perturbations_from_GEO_up,permethrin DB04930 rat GSE7955 sample 2792,3/318,0.5843941126559542,0.7831061756919818,0,0,0.9928698752228164,0.5333495152262211,EGR2;BAG2;VWA1,Drug_Perturbations_from_GEO_up,Myofibroblasts_UP→UPmatch
Drug_Perturbations_from_GEO_up,sulforaphane 5350 human GSE28813 sample 3445,3/320,0.5886541899503047,0.7875975041464726,0,0,0.9865044956898732,0.5227648927741642,ACTC1;TPM2;DSTN,Drug_Perturbations_from_GEO_up,Myofibroblasts_UP→UPmatch
Drug_Perturbations_from_GEO_up,Androstanolone 10635 human GSE7868 sample 3410,3/322,0.59288643118517,0.7920378056048419,0,0,0.9802189328281896,0.5124118134176332,MME;SEMA3C;SOX4,Drug_Perturbations_from_GEO_up,Myofibroblasts_UP→UPmatch
Drug_Perturbations_from_GEO_up,acetaminophen DB00316 mouse GSE37874 sample 3301,3/323,0.5949920644862493,0.7936278767839664,0,0,0.977105614973262,0.5073202807369661,RCAN1;FN1;OXR1,Drug_Perturbations_from_GEO_up,Myofibroblasts_UP→UPmatch
Drug_Perturbations_from_GEO_up,quercetin DB04216 mouse GSE4262 sample 3434,3/324,0.5970906814850203,0.7952037186597736,0,0,0.974011694737368,0.5022844693274637,LPL;VWA1;NCMAP,Drug_Perturbations_from_GEO_up,Myofibroblasts_UP→UPmatch
Drug_Perturbations_from_GEO_up,estradiol 5757 human GSE4668 sample 3062,3/325,0.5991822642857636,0.79554521154021,0,0,0.9709369913973496,0.4973036799249535,LGALS1;TPM1;SH3BP5,Drug_Perturbations_from_GEO_up,Myofibroblasts_UP→UPmatch
Drug_Perturbations_from_GEO_up,Bisphenol A 6623 human GSE17624 sample 2660,3/325,0.5991822642857636,0.79554521154021,0,0,0.9709369913973496,0.4973036799249535,DYNC1LI2;PGRMC1;S100A6,Drug_Perturbations_from_GEO_up,Myofibroblasts_UP→UPmatch
Drug_Perturbations_from_GEO_up,Bisphenol A 6623 human GSE17624 sample 2656,2/212,0.6005152918648046,0.7960959603161858,0,0,0.9929078014184396,0.5063503841080931,LDHB;PGRMC1,Drug_Perturbations_from_GEO_up,Myofibroblasts_UP→UPmatch
Drug_Perturbations_from_GEO_up,deferasirox DB01609 human GSE11670 sample 2571,2/216,0.6107076888753621,0.8083718568777694,0,0,0.9741499304036588,0.4803892267104795,LGALS1;VIM,Drug_Perturbations_from_GEO_up,Myofibroblasts_UP→UPmatch
Drug_Perturbations_from_GEO_up,levofloxacin 149096 human GSE9166 sample 2628,2/217,0.61322481855702,0.8087530256497425,0,0,0.9695695200395844,0.4741424343119004,NCOA6;VIM,Drug_Perturbations_from_GEO_up,Myofibroblasts_UP→UPmatch
Drug_Perturbations_from_GEO_up,Triiodothyronine-[13C6] hydrochloride (T3 thyronine) 53442265 human GSE29159 sample 3045,3/332,0.6136250075657931,0.8087530256497425,0,0,0.9499374217772216,0.4639221491541389,LPIN1;FAM83D;AURKB,Drug_Perturbations_from_GEO_up,Myofibroblasts_UP→UPmatch
Drug_Perturbations_from_GEO_up,Interferon beta-1b DB00068 human GSE26104 sample 3185,3/333,0.6156597427091465,0.8087530256497425,0,0,0.9470102090422946,0.4593575616063354,FMNL2;MAP3K7CL;NEXN,Drug_Perturbations_from_GEO_up,Myofibroblasts_UP→UPmatch
Drug_Perturbations_from_GEO_up,cisplatin DB00515 human GSE47856 sample 3145,3/333,0.6156597427091465,0.8087530256497425,0,0,0.9470102090422946,0.4593575616063354,CYFIP2;ACTA2;LMOD1,Drug_Perturbations_from_GEO_up,Myofibroblasts_UP→UPmatch
Drug_Perturbations_from_GEO_up,estradiol 5757 mouse GSE52711 sample 3118,3/333,0.6156597427091465,0.8087530256497425,0,0,0.9470102090422946,0.4593575616063354,FMNL2;ANXA6;NEDD9,Drug_Perturbations_from_GEO_up,Myofibroblasts_UP→UPmatch
Drug_Perturbations_from_GEO_up,R1881 13766 human GSE22606 sample 3048,3/336,0.6217208837202435,0.8154795857571121,0,0,0.9383340559811147,0.4459564220760016,AZGP1;SH3BGRL;LPIN1,Drug_Perturbations_from_GEO_up,Myofibroblasts_UP→UPmatch
Drug_Perturbations_from_GEO_up,imatinib DB00619 mouse GSE30883 sample 2523,2/222,0.6256249469327829,0.8157956853209121,0,0,0.9472920696324952,0.4442839722957494,NR4A1;RAMP1,Drug_Perturbations_from_GEO_up,Myofibroblasts_UP→UPmatch
Drug_Perturbations_from_GEO_up,diethylstilbestrol DB00255 rat GSE4028 sample 2717,2/222,0.6256249469327829,0.8157956853209121,0,0,0.9472920696324952,0.4442839722957494,NR4A1;ARHGAP24,Drug_Perturbations_from_GEO_up,Myofibroblasts_UP→UPmatch
Drug_Perturbations_from_GEO_up,TRICHLOROETHYLENE 6575 mouse GSE24278 sample 3310,3/338,0.6257256409900883,0.8157956853209121,0,0,0.932636283821534,0.437260251677766,FGF7;ALDH1B1;LMOD1,Drug_Perturbations_from_GEO_up,Myofibroblasts_UP→UPmatch
Drug_Perturbations_from_GEO_up,ANGIOTENSIN II 172198 mouse GSE17901 sample 3679,3/338,0.6257256409900883,0.8157956853209121,0,0,0.932636283821534,0.437260251677766,SPARC;CKM;AURKB,Drug_Perturbations_from_GEO_up,Myofibroblasts_UP→UPmatch
Drug_Perturbations_from_GEO_up,TRICHLOROETHYLENE 6575 mouse GSE24278 sample 3316,3/341,0.6316785627534807,0.8223202911520536,0,0,0.9242160554377749,0.424561396913367,NEXN;SULF1;AURKB,Drug_Perturbations_from_GEO_up,Myofibroblasts_UP→UPmatch
Drug_Perturbations_from_GEO_up,imatinib DB00619 human GSE28698 sample 2524,2/225,0.6329169368492201,0.8226971278085066,0,0,0.934405114015838,0.4274119307908716,LGALS1;RNF13,Drug_Perturbations_from_GEO_up,Myofibroblasts_UP→UPmatch
Drug_Perturbations_from_GEO_up,grepafloxacin 72474 human GSE9166 sample 2627,1/105,0.6339164281335867,0.8227627892093109,0,0,1.0025437525437526,0.4569976895112561,AZGP1,Drug_Perturbations_from_GEO_up,Myofibroblasts_UP→UPmatch
Drug_Perturbations_from_GEO_up,quercetin DB04216 mouse GSE38067 sample 3440,2/227,0.6377167548923589,0.8264580366093799,0,0,0.9260047281323875,0.4165734612145944,FN1;HSD17B6,Drug_Perturbations_from_GEO_up,Myofibroblasts_UP→UPmatch
Drug_Perturbations_from_GEO_up,"2,3-dimethoxy-1,4-naphtoquinone (DMNQ) 3136 human GSE39843 sample 3682",3/346,0.6414549394565542,0.8300618395654216,0,0,0.910509658408818,0.4042811659356036,BAG2;SH3BP5;CES1,Drug_Perturbations_from_GEO_up,Myofibroblasts_UP→UPmatch
Drug_Perturbations_from_GEO_up,quercetin DB04216 mouse GSE4262 sample 3429,2/229,0.6424674994767076,0.8301331178037339,0,0,0.917752366669791,0.4060494833763198,RCAN1;ALDH1B1,Drug_Perturbations_from_GEO_up,Myofibroblasts_UP→UPmatch
Drug_Perturbations_from_GEO_up,HYPOCHLOROUS ACID 24341 mouse GSE15457 sample 3381,3/350,0.6491448837299415,0.8359910237491025,0,0,0.8998289386490776,0.3888154956305764,PTPRE;SERPINB9;CTNNAL1,Drug_Perturbations_from_GEO_up,Myofibroblasts_UP→UPmatch
Drug_Perturbations_from_GEO_up,atorvastatin DB01076 human GSE2450 sample 2484,3/350,0.6491448837299415,0.8359910237491025,0,0,0.8998289386490776,0.3888154956305764,S100A6;CCSER2;PLAT,Drug_Perturbations_from_GEO_up,Myofibroblasts_UP→UPmatch
Drug_Perturbations_from_GEO_up,etanercept DB00005 human GSE47751 sample 2592,3/351,0.6510491067301583,0.8359910237491025,0,0,0.8971971233634519,0.3850502750220386,AZGP1;FAM83D;KLK6,Drug_Perturbations_from_GEO_up,Myofibroblasts_UP→UPmatch
Drug_Perturbations_from_GEO_up,Fasudil 3547 mouse GSE25829 sample 3275,1/110,0.6510680875199168,0.8359910237491025,0,0,0.9563128003494976,0.4103930822525253,LPIN1,Drug_Perturbations_from_GEO_up,Myofibroblasts_UP→UPmatch
Drug_Perturbations_from_GEO_up,VX 39793 human GSE33606 sample 3376,2/233,0.651822297640592,0.8359910237491025,0,0,0.9016763378465508,0.385902418061301,NR4A2;SPARCL1,Drug_Perturbations_from_GEO_up,Myofibroblasts_UP→UPmatch
Drug_Perturbations_from_GEO_up,formaldehyde 712 rat GSE7002 sample 3551,3/354,0.6567178781680634,0.8410257021738715,0,0,0.8893916540975364,0.3739898681764763,NR4A2;EGR2;PLAT,Drug_Perturbations_from_GEO_up,Myofibroblasts_UP→UPmatch
Drug_Perturbations_from_GEO_up,Retinoic acid 444795 human GSE23702 sample 3232,2/237,0.6609825131389813,0.8452387004299363,0,0,0.8861475780896333,0.3668898160974824,ITGA6;CES1,Drug_Perturbations_from_GEO_up,Myofibroblasts_UP→UPmatch
Drug_Perturbations_from_GEO_up,quercetin DB04216 mouse GSE38067 sample 3441,1/114,0.6642119281928285,0.8481174399752316,0,0,0.922273727583462,0.3773519953087949,HAGH,Drug_Perturbations_from_GEO_up,Myofibroblasts_UP→UPmatch
Drug_Perturbations_from_GEO_up,bexarotene 82146 rat GSE3952 sample 3560,2/239,0.6654900728350204,0.848499842864651,0,0,0.8785797647903761,0.3577854065396678,ALDH1A1;DYNLRB1,Drug_Perturbations_from_GEO_up,Myofibroblasts_UP→UPmatch
Drug_Perturbations_from_GEO_up,morphine DB00295 mouse GSE15774 sample 2787,2/240,0.6677257959243001,0.849021375016027,0,0,0.8748435544430538,0.3533297806354563,RGCC;NEDD9,Drug_Perturbations_from_GEO_up,Myofibroblasts_UP→UPmatch
Drug_Perturbations_from_GEO_up,quercetin DB04216 mouse GSE4262 sample 3428,3/360,0.667857644476275,0.849021375016027,0,0,0.8741742686379365,0.3528868743935676,ACTA1;VIM;MYL9,Drug_Perturbations_from_GEO_up,Myofibroblasts_UP→UPmatch
Drug_Perturbations_from_GEO_up,curcumin 969516 mouse GSE23639 sample 3442,1/116,0.6705979566302526,0.8512568497780805,0,0,0.9061421670117322,0.3620812636558898,LGALS1,Drug_Perturbations_from_GEO_up,Myofibroblasts_UP→UPmatch
Drug_Perturbations_from_GEO_up,decitabine DB01262 human GSE29077 sample 2546,2/243,0.6743610322938869,0.8547821856707601,0,0,0.863820958771078,0.340336521752605,SCRN1;FHL1,Drug_Perturbations_from_GEO_up,Myofibroblasts_UP→UPmatch
Drug_Perturbations_from_GEO_up,Y15 23627197 human GSE43452 sample 2553,3/365,0.6769392044391135,0.8567975040127174,0,0,0.861878453038674,0.3362824010904235,ACTA2;DUSP3;FLNC,Drug_Perturbations_from_GEO_up,Myofibroblasts_UP→UPmatch
Drug_Perturbations_from_GEO_up,CONCANAVALIN A 596316 mouse GSE17184 sample 3366,2/245,0.6787248365400214,0.85780529632682,0,0,0.8566237632431486,0.3319755291838252,RCAN1;FN1,Drug_Perturbations_from_GEO_up,Myofibroblasts_UP→UPmatch
Drug_Perturbations_from_GEO_up,apratoxin A 6326668 human GSE2742 sample 3070,2/246,0.6808889130239748,0.8592877548643175,0,0,0.8530694105336589,0.3278824397247944,SLC12A2;DSTN,Drug_Perturbations_from_GEO_up,Myofibroblasts_UP→UPmatch
Drug_Perturbations_from_GEO_up,nicotine 942 human GSE6264 sample 3064,3/370,0.6858376157068722,0.8642750186306077,0,0,0.849917673286803,0.3205161858249862,LGALS1;ANXA6;VIM,Drug_Perturbations_from_GEO_up,Myofibroblasts_UP→UPmatch
Drug_Perturbations_from_GEO_up,ANGIOTENSIN II 172198 mouse GSE17901 sample 3678,3/372,0.6893457675723338,0.8674350950438512,0,0,0.8452241206904048,0.3144337641838481,TNFAIP6;AURKB;IL17B,Drug_Perturbations_from_GEO_up,Myofibroblasts_UP→UPmatch
Drug_Perturbations_from_GEO_up,tretinoin DB00755 human GSE23702 sample 2828,2/252,0.6936256034406661,0.8705832011207862,0,0,0.8323404255319149,0.3044892218446777,ITGA6;CES1,Drug_Perturbations_from_GEO_up,Myofibroblasts_UP→UPmatch
Drug_Perturbations_from_GEO_up,vemurafenib DB08881 human GSE37441 sample 2562,2/253,0.6957073679231836,0.8705832011207862,0,0,0.8289819445621768,0.3007763318806001,PART1;SOX4,Drug_Perturbations_from_GEO_up,Myofibroblasts_UP→UPmatch
Drug_Perturbations_from_GEO_up,Retinoic acid 444795 mouse GSE1588 sample 3631,2/253,0.6957073679231836,0.8705832011207862,0,0,0.8289819445621768,0.3007763318806001,SOX2;LGALS1,Drug_Perturbations_from_GEO_up,Myofibroblasts_UP→UPmatch
Drug_Perturbations_from_GEO_up,quercetin DB04216 mouse GSE4262 sample 3432,2/254,0.6977774953727869,0.8705832011207862,0,0,0.8256501182033097,0.297114324587873,S100A6;VWA1,Drug_Perturbations_from_GEO_up,Myofibroblasts_UP→UPmatch
Drug_Perturbations_from_GEO_up,Bisphenol A 6623 human GSE17624 sample 2655,2/254,0.6977774953727869,0.8705832011207862,0,0,0.8256501182033097,0.297114324587873,LDHB;PEG10,Drug_Perturbations_from_GEO_up,Myofibroblasts_UP→UPmatch
Drug_Perturbations_from_GEO_up,estradiol 5757 mouse GSE2889 sample 3607,1/125,0.6978723469192,0.8705832011207862,0,0,0.8399897593445981,0.3021603409334987,STMN1,Drug_Perturbations_from_GEO_up,Myofibroblasts_UP→UPmatch
Drug_Perturbations_from_GEO_up,imatinib DB00619 human GSE19567 sample 2527,2/256,0.7018829672672681,0.873073934893431,0,0,0.8190651700452337,0.2899397346132631,SH3BGRL;SPARC,Drug_Perturbations_from_GEO_up,Myofibroblasts_UP→UPmatch
Drug_Perturbations_from_GEO_up,heroin 5462328 mouse GSE30305 sample 2617,2/256,0.7018829672672681,0.873073934893431,0,0,0.8190651700452337,0.2899397346132631,PGAM2;WFDC2,Drug_Perturbations_from_GEO_up,Myofibroblasts_UP→UPmatch
Drug_Perturbations_from_GEO_up,TRICHLOROETHYLENE 6575 mouse GSE24278 sample 3321,2/257,0.7039183768454778,0.8743513362822769,0,0,0.8158114309553609,0.2864255779184573,PDE4D;LPIN1,Drug_Perturbations_from_GEO_up,Myofibroblasts_UP→UPmatch
Drug_Perturbations_from_GEO_up,HYPOCHLOROUS ACID 24341 human GSE11630 sample 3197,3/385,0.7114384421453271,0.8805371783655727,0,0,0.8159139905367192,0.2777912856977271,DSTN;CTNNAL1;CES1,Drug_Perturbations_from_GEO_up,Myofibroblasts_UP→UPmatch
Drug_Perturbations_from_GEO_up,cisplatin DB00515 human GSE42172 sample 3096,2/261,0.7119452849299497,0.8805371783655727,0,0,0.8030477285796435,0.2728388526640585,SHC4;RAP1A,Drug_Perturbations_from_GEO_up,Myofibroblasts_UP→UPmatch
Drug_Perturbations_from_GEO_up,Curcumin CID 969516 human GSE10896 sample 3258,2/261,0.7119452849299497,0.8805371783655727,0,0,0.8030477285796435,0.2728388526640585,LDHB;SH3BGRL,Drug_Perturbations_from_GEO_up,Myofibroblasts_UP→UPmatch
Drug_Perturbations_from_GEO_up,decitabine DB01262 human GSE29077 sample 2538,2/263,0.7158903809089014,0.884155214028515,0,0,0.7968125866144942,0.2663172549133973,SYNM;SPARC,Drug_Perturbations_from_GEO_up,Myofibroblasts_UP→UPmatch
Drug_Perturbations_from_GEO_up,4-Hydroxynonenal 5283344 human GSE2397 sample 3079,3/390,0.7196097738841661,0.8874846002241423,0,0,0.8051651950420761,0.2649365434635174,PGRMC1;FAM83D;CTNNAL1,Drug_Perturbations_from_GEO_up,Myofibroblasts_UP→UPmatch
Drug_Perturbations_from_GEO_up,1-Benzylpiperazine 75994 rat GSE68785 sample 3687,2/266,0.721723369866814,0.8888269341967723,0,0,0.7876370083816893,0.2568589494809665,GYG1;WFDC2,Drug_Perturbations_from_GEO_up,Myofibroblasts_UP→UPmatch
Drug_Perturbations_from_GEO_up,captopril DB01197 mouse GSE19286 sample 2689,1/134,0.722899312937102,0.8890123465481808,0,0,0.7827903091060986,0.2540039713031877,ACTA1,Drug_Perturbations_from_GEO_up,Myofibroblasts_UP→UPmatch
Drug_Perturbations_from_GEO_up,cisplatin DB00515 human GSE47856 sample 3154,3/394,0.7260176062656981,0.8915825278078758,0,0,0.7967640904304061,0.2551087339121172,SHC4;NEXN;PLAT,Drug_Perturbations_from_GEO_up,Myofibroblasts_UP→UPmatch
Drug_Perturbations_from_GEO_up,vancomycin DB14969 mouse GSE7793 sample 3400,2/270,0.7293441927367708,0.8944008700180768,0,0,0.7757224515719277,0.2448253865029833,MAL;CRYAB,Drug_Perturbations_from_GEO_up,Myofibroblasts_UP→UPmatch
Drug_Perturbations_from_GEO_up,vemurafenib DB08881 human GSE37441 sample 2559,2/271,0.7312217004914838,0.8954367433984697,0,0,0.7727991774104247,0.2419159581785522,MIA;AURKB,Drug_Perturbations_from_GEO_up,Myofibroblasts_UP→UPmatch
Drug_Perturbations_from_GEO_up,dexamethasone DB01234 human GSE54608 sample 3093,2/278,0.7440583192124535,0.9098710335080356,0,0,0.7529293863706444,0.2225929275495423,FHL1;FAM83D,Drug_Perturbations_from_GEO_up,Myofibroblasts_UP→UPmatch
Drug_Perturbations_from_GEO_up,"puromycin, 2xEC50, 3 d 439530 human GSE6930 sample 3372",2/279,0.7458488858514287,0.9107760338495616,0,0,0.7501728243336662,0.2199748765561534,RAP1A;CES1,Drug_Perturbations_from_GEO_up,Myofibroblasts_UP→UPmatch
Drug_Perturbations_from_GEO_up,Cadmium Chloride 24947 rat GSE9480 sample 3414,2/281,0.7493979893409282,0.91296270847249,0,0,0.7447189811637307,0.2148403116200017,PSMF1;MT3,Drug_Perturbations_from_GEO_up,Myofibroblasts_UP→UPmatch
Drug_Perturbations_from_GEO_up,ubiquinol 9962735 human GSE19627 sample 3449,2/282,0.75115660688969,0.91296270847249,0,0,0.7420212765957447,0.2123227975260408,TNFAIP6;CES1,Drug_Perturbations_from_GEO_up,Myofibroblasts_UP→UPmatch
Drug_Perturbations_from_GEO_up,motexafin gadolinium DB05428 human GSE2964 sample 3591,2/282,0.75115660688969,0.91296270847249,0,0,0.7420212765957447,0.2123227975260408,PGRMC1;RNF13,Drug_Perturbations_from_GEO_up,Myofibroblasts_UP→UPmatch
Drug_Perturbations_from_GEO_up,Cobalt dichloride hexahydrate 24643 rat GSE51207 sample 3116,2/283,0.7529046557760443,0.91296270847249,0,0,0.7393427727720149,0.2098378099335186,VWA1;S100B,Drug_Perturbations_from_GEO_up,Myofibroblasts_UP→UPmatch
Drug_Perturbations_from_GEO_up,Mepenzolate DB04843 mouse GSE50836 sample 2530,2/283,0.7529046557760443,0.91296270847249,0,0,0.7393427727720149,0.2098378099335186,SLC12A2;SCRG1,Drug_Perturbations_from_GEO_up,Myofibroblasts_UP→UPmatch
Drug_Perturbations_from_GEO_up,bexarotene DB00307 human GSE6914 sample 2680,1/147,0.7554518330106615,0.9133316236758688,0,0,0.7126186852214249,0.1998462527669255,PEG10,Drug_Perturbations_from_GEO_up,Myofibroblasts_UP→UPmatch
Drug_Perturbations_from_GEO_up,folic acid DB00158 human GSE17635 sample 2748,2/285,0.7563692108411462,0.9133316236758688,0,0,0.7340425531914894,0.204963507493676,LDHB;RERG,Drug_Perturbations_from_GEO_up,Myofibroblasts_UP→UPmatch
Drug_Perturbations_from_GEO_up,"2,3,7,8-tetrachlorodibenzo-p-dioxin 15625 mouse GSE4873 sample 2595",2/285,0.7563692108411462,0.9133316236758688,0,0,0.7340425531914894,0.204963507493676,RGCC;SEMA3C,Drug_Perturbations_from_GEO_up,Myofibroblasts_UP→UPmatch
Drug_Perturbations_from_GEO_up,trovafloxacin DB00685 human GSE9166 sample 3036,1/149,0.7601103418474335,0.915686444465528,0,0,0.7029172029172029,0.1928043331779911,AZGP1,Drug_Perturbations_from_GEO_up,Myofibroblasts_UP→UPmatch
Drug_Perturbations_from_GEO_up,quercetin DB04216 mouse GSE4262 sample 3430,2/288,0.7614878044517253,0.915686444465528,0,0,0.7262312155929177,0.1978842964128491,MME;ITGA7,Drug_Perturbations_from_GEO_up,Myofibroblasts_UP→UPmatch
Drug_Perturbations_from_GEO_up,NICKEL 935 human GSE6907 sample 3531,2/288,0.7614878044517253,0.915686444465528,0,0,0.7262312155929177,0.1978842964128491,RCAN1;LGALS1,Drug_Perturbations_from_GEO_up,Myofibroblasts_UP→UPmatch
Drug_Perturbations_from_GEO_up,azacitidine DB00928 human GSE29077 sample 2545,2/290,0.7648485249427338,0.917910513062762,0,0,0.7211140661938534,0.1933144354362483,FLNC;DYNLRB1,Drug_Perturbations_from_GEO_up,Myofibroblasts_UP→UPmatch
Drug_Perturbations_from_GEO_up,HYPOCHLOROUS ACID 24341 mouse GSE15457 sample 3383,2/291,0.7665135080247286,0.917910513062762,0,0,0.7185820510932783,0.1910730928305272,PTPRE;SERPINB9,Drug_Perturbations_from_GEO_up,Myofibroblasts_UP→UPmatch
Drug_Perturbations_from_GEO_up,colistin DB00803 mouse GSE46410 sample 2480,2/291,0.7665135080247286,0.917910513062762,0,0,0.7185820510932783,0.1910730928305272,WFDC2;AIF1L,Drug_Perturbations_from_GEO_up,Myofibroblasts_UP→UPmatch
Drug_Perturbations_from_GEO_up,Ascorbic acid 54670067 mouse GSE37676 sample 3132,2/294,0.7714474538609317,0.9225447482723144,0,0,0.7110900612066453,0.1845184265813736,MLIP;NRN1,Drug_Perturbations_from_GEO_up,Myofibroblasts_UP→UPmatch
Drug_Perturbations_from_GEO_up,neocarzinostatin 5282473 human GSE1676 sample 3113,2/299,0.7794698984609912,0.9308545481620928,0,0,0.6989397521312415,0.1741346939560521,MCAM;VIM,Drug_Perturbations_from_GEO_up,Myofibroblasts_UP→UPmatch
Drug_Perturbations_from_GEO_up,Triiodothyronine-[13C6] hydrochloride (T3 thyronine) 53442265 human GSE29159 sample 3044,2/300,0.7810446518625108,0.9313299354332384,0,0,0.6965586177352563,0.172135626103025,AURKB;CES1,Drug_Perturbations_from_GEO_up,Myofibroblasts_UP→UPmatch
Drug_Perturbations_from_GEO_up,acetaminophen DB00316 mouse GSE37874 sample 2482,2/301,0.7826095936717129,0.9313299354332384,0,0,0.6941934106596457,0.1701615986059467,RCAN1;FN1,Drug_Perturbations_from_GEO_up,Myofibroblasts_UP→UPmatch
Drug_Perturbations_from_GEO_up,coenzyme Q10 5281915 mouse GSE15129 sample 3464,2/302,0.7841647668584361,0.9313299354332384,0,0,0.6918439716312057,0.1682122581491245,VIM;HSD17B6,Drug_Perturbations_from_GEO_up,Myofibroblasts_UP→UPmatch
Drug_Perturbations_from_GEO_up,Hodgkin lymphoma CID 148177 human GSE31059 sample 2494,2/302,0.7841647668584361,0.9313299354332384,0,0,0.6918439716312057,0.1682122581491245,CD151;CSRP1,Drug_Perturbations_from_GEO_up,Myofibroblasts_UP→UPmatch
Drug_Perturbations_from_GEO_up,genistein 5280961 mouse GSE2889 sample 3604,1/163,0.790338990443491,0.9359195562261756,0,0,0.6417140244300739,0.1509910256934147,LPL,Drug_Perturbations_from_GEO_up,Myofibroblasts_UP→UPmatch
Drug_Perturbations_from_GEO_up,quercetin 5280343 human GSE13899 sample 3182,2/307,0.7917956174154293,0.9359195562261756,0,0,0.680327868852459,0.1588238875494276,SH3BGRL;NEXN,Drug_Perturbations_from_GEO_up,Myofibroblasts_UP→UPmatch
Drug_Perturbations_from_GEO_up,HYPOCHLOROUS ACID 24341 mouse GSE15457 sample 3382,2/307,0.7917956174154293,0.9359195562261756,0,0,0.680327868852459,0.1588238875494276,PTPRE;SERPINB9,Drug_Perturbations_from_GEO_up,Myofibroblasts_UP→UPmatch
Drug_Perturbations_from_GEO_up,alpha-Tocopherol 14985 mouse GSE8146 sample 3478,1/164,0.7923471214187,0.9359195562261756,0,0,0.637744668419515,0.1484387058052299,LPL,Drug_Perturbations_from_GEO_up,Myofibroblasts_UP→UPmatch
Drug_Perturbations_from_GEO_up,TRICHLOROETHYLENE 6575 mouse GSE24278 sample 3313,2/312,0.7991887523439174,0.941864723033398,0,0,0.6691832532601235,0.1500028635935556,FGF7;FBXO32,Drug_Perturbations_from_GEO_up,Myofibroblasts_UP→UPmatch
Drug_Perturbations_from_GEO_up,CADMIUM 23973 human GSE9951 sample 3404,2/313,0.8006393320364639,0.941864723033398,0,0,0.6669973318738455,0.1483033252787424,PLAT;MT3,Drug_Perturbations_from_GEO_up,Myofibroblasts_UP→UPmatch
Drug_Perturbations_from_GEO_up,Bisphenol A 6623 human GSE17624 sample 2662,2/313,0.8006393320364639,0.941864723033398,0,0,0.6669973318738455,0.1483033252787424,SH3BGRL;SEMA3C,Drug_Perturbations_from_GEO_up,Myofibroblasts_UP→UPmatch
Drug_Perturbations_from_GEO_up,metformin DB00331 mouse GSE35961 sample 3308,2/314,0.8020806643933296,0.942281756136879,0,0,0.6648254228041462,0.1466246522717935,CALD1;FN1,Drug_Perturbations_from_GEO_up,Myofibroblasts_UP→UPmatch
Drug_Perturbations_from_GEO_up,PBDE 47 95170 human GSE8588 sample 3050,2/316,0.8049357615588026,0.9430801422587592,0,0,0.6605231061119393,0.1433287609373855,NR4A1;CTNNAL1,Drug_Perturbations_from_GEO_up,Myofibroblasts_UP→UPmatch
Drug_Perturbations_from_GEO_up,decitabine DB01262 human GSE29077 sample 2548,2/316,0.8049357615588026,0.9430801422587592,0,0,0.6605231061119393,0.1433287609373855,PGRMC1;FLNC,Drug_Perturbations_from_GEO_up,Myofibroblasts_UP→UPmatch
Drug_Perturbations_from_GEO_up,PLX4032 DB05238 human GSE24862 sample 2566,2/317,0.8063496135866065,0.9434616936296732,0,0,0.6583924349881797,0.1417109832035163,TNFAIP6;PDE4D,Drug_Perturbations_from_GEO_up,Myofibroblasts_UP→UPmatch
Drug_Perturbations_from_GEO_up,Perfluorooctanoic Acid 9554 mouse GSE13044 sample 3516,2/319,0.8091501429870824,0.943605993566864,0,0,0.6541714209007315,0.1385343974917682,ALDH1A1;ACTG2,Drug_Perturbations_from_GEO_up,Myofibroblasts_UP→UPmatch
Drug_Perturbations_from_GEO_up,trastuzumab DB00072 human GSE31432 sample 3123,2/320,0.8105369075996731,0.943605993566864,0,0,0.6520808243008163,0.1369750559369024,PNCK;SOX4,Drug_Perturbations_from_GEO_up,Myofibroblasts_UP→UPmatch
Drug_Perturbations_from_GEO_up,doxorubicin 31703 human GSE13477 sample 2641,2/320,0.8105369075996731,0.943605993566864,0,0,0.6520808243008163,0.1369750559369024,ACTA2;GYG1,Drug_Perturbations_from_GEO_up,Myofibroblasts_UP→UPmatch
Drug_Perturbations_from_GEO_up,CasIIgly 144221079 human GSE41827 sample 3130,1/174,0.8114054394929647,0.943605993566864,0,0,0.6005749762975197,0.1255126174529425,C11ORF96,Drug_Perturbations_from_GEO_up,Myofibroblasts_UP→UPmatch
Drug_Perturbations_from_GEO_up,cetuximab DB00002 human GSE61495 sample 3133,2/321,0.8119147303355024,0.943605993566864,0,0,0.6500033348896151,0.1354346664112998,FBXO32;WFDC2,Drug_Perturbations_from_GEO_up,Myofibroblasts_UP→UPmatch
Drug_Perturbations_from_GEO_up,TRICHLOROETHYLENE 6575 mouse GSE24278 sample 3311,2/322,0.8132836548385939,0.9439316315194926,0,0,0.647938829787234,0.1339129723375347,PDE4D;LPL,Drug_Perturbations_from_GEO_up,Myofibroblasts_UP→UPmatch
Drug_Perturbations_from_GEO_up,quercetin DB04216 mouse GSE4262 sample 3433,2/323,0.8146437246418883,0.9442461353803706,0,0,0.6458871876449924,0.1324097211817932,S100A6;TNC,Drug_Perturbations_from_GEO_up,Myofibroblasts_UP→UPmatch
Drug_Perturbations_from_GEO_up,MLN4924 73014187 human GSE30531 sample 2643,2/324,0.8159949834215343,0.9445496003023632,0,0,0.6438482886216467,0.1309246641776503,RCAN1;SERPINE2,Drug_Perturbations_from_GEO_up,Myofibroblasts_UP→UPmatch
Drug_Perturbations_from_GEO_up,MLN4924 73014187 human GSE30531 sample 2644,2/325,0.8173374746266953,0.9448421206684596,0,0,0.6418220143600554,0.1294575565476353,PGRMC1;DSTN,Drug_Perturbations_from_GEO_up,Myofibroblasts_UP→UPmatch
Drug_Perturbations_from_GEO_up,rosiglitazone DB00412 mouse GSE35011 sample 3267,2/329,0.8226206344083831,0.9484203324894523,0,0,0.6338408484611882,0.1237638522527445,RGCC;HADH,Drug_Perturbations_from_GEO_up,Myofibroblasts_UP→UPmatch
Drug_Perturbations_from_GEO_up,TRICHLOROETHYLENE 6575 mouse GSE24278 sample 3314,2/329,0.8226206344083831,0.9484203324894523,0,0,0.6338408484611882,0.1237638522527445,NCMAP;AURKB,Drug_Perturbations_from_GEO_up,Myofibroblasts_UP→UPmatch
Drug_Perturbations_from_GEO_up,MK-886 CID 3651377 human GSE3202 sample 3192,1/182,0.8253908893084626,0.949755314907574,0,0,0.5737963693764798,0.1101104902406347,SCRN1,Drug_Perturbations_from_GEO_up,Myofibroblasts_UP→UPmatch
Drug_Perturbations_from_GEO_up,Androstanolone 10635 human GSE7868 sample 3411,2/332,0.8264930746259195,0.949755314907574,0,0,0.6279819471308833,0.1196705890718166,SH3BGRL;MME,Drug_Perturbations_from_GEO_up,Myofibroblasts_UP→UPmatch
Drug_Perturbations_from_GEO_up,apratoxin A 6326668 human GSE2742 sample 3069,1/183,0.8270648936046349,0.949755314907574,0,0,0.5706145706145707,0.1083437972836016,LDHB,Drug_Perturbations_from_GEO_up,Myofibroblasts_UP→UPmatch
Drug_Perturbations_from_GEO_up,gatifloxacin 5379 human GSE9166 sample 2626,2/334,0.8290325274958001,0.9507555573265326,0,0,0.6241348372212253,0.1170227152800664,AZGP1;CES1,Drug_Perturbations_from_GEO_up,Myofibroblasts_UP→UPmatch
Drug_Perturbations_from_GEO_up,Bisphenol A 6623 human GSE17624 sample 2664,2/337,0.8327793091040877,0.953790833544576,0,0,0.618450301683074,0.1131681222820222,SH3BGRL;SEMA3C,Drug_Perturbations_from_GEO_up,Myofibroblasts_UP→UPmatch
Drug_Perturbations_from_GEO_up,mycophenolic acid DB01024 human GSE14630 sample 3302,2/339,0.8352360668251426,0.9553425724767792,0,0,0.6147168381842288,0.1106741600837519,LGALS1;RNF13,Drug_Perturbations_from_GEO_up,Myofibroblasts_UP→UPmatch
Drug_Perturbations_from_GEO_up,carbidopa DB00190 mouse GSE47099 sample 3293,2/341,0.837660347195112,0.9568531238710964,0,0,0.6110274273520366,0.1082389714316123,AZGP1;NRN1,Drug_Perturbations_from_GEO_up,Myofibroblasts_UP→UPmatch
Drug_Perturbations_from_GEO_up,4-Hydroxynonenal 5283344 human GSE2397 sample 3081,2/346,0.8435811987694605,0.9623485517541084,0,0,0.6019915883226126,0.1023982379328885,TAGLN;LGALS1,Drug_Perturbations_from_GEO_up,Myofibroblasts_UP→UPmatch
Drug_Perturbations_from_GEO_up,pioglitazone DB01132 rat GSE21329 sample 2842,2/349,0.847039509121781,0.962525279430934,0,0,0.5966950763382182,0.0990561201120901,SH3BP5;FN1,Drug_Perturbations_from_GEO_up,Myofibroblasts_UP→UPmatch
Drug_Perturbations_from_GEO_up,HYPOCHLOROUS ACID 24341 human GSE11630 sample 3198,1/196,0.8474278220453858,0.962525279430934,0,0,0.5322208655541989,0.0881089562380456,WFDC2,Drug_Perturbations_from_GEO_up,Myofibroblasts_UP→UPmatch
Drug_Perturbations_from_GEO_up,PBDE 85 177368 human GSE8588 sample 3051,2/350,0.8481768321628991,0.962525279430934,0,0,0.5949498654927855,0.0979680957233945,NR4A1;NOV,Drug_Perturbations_from_GEO_up,Myofibroblasts_UP→UPmatch
Drug_Perturbations_from_GEO_up,nicotinamide riboside 439924 mouse GSE62194 sample 3470,2/350,0.8481768321628991,0.962525279430934,0,0,0.5949498654927855,0.0979680957233945,NR4A2;SPARCL1,Drug_Perturbations_from_GEO_up,Myofibroblasts_UP→UPmatch
Drug_Perturbations_from_GEO_up,estradiol 5757 human GSE53394 sample 2652,2/351,0.8493065015157709,0.9625473683845404,0,0,0.5932146558556362,0.0968928006908304,PGRMC1;SEMA3C,Drug_Perturbations_from_GEO_up,Myofibroblasts_UP→UPmatch
Drug_Perturbations_from_GEO_up,genistein 5280961 mouse GSE2889 sample 3606,2/353,0.8515430463694456,0.9638222208907432,0,0,0.5897738982845366,0.0947797479558431,TNC;LPL,Drug_Perturbations_from_GEO_up,Myofibroblasts_UP→UPmatch
Drug_Perturbations_from_GEO_up,Fasudil 3547 mouse GSE25829 sample 3276,1/202,0.8560034884184023,0.9676075938184548,0,0,0.5161757350812077,0.0802554304741382,ALDH1A1,Drug_Perturbations_from_GEO_up,Myofibroblasts_UP→UPmatch
Drug_Perturbations_from_GEO_up,bleomycin DB00290 human GSE3598 sample 3587,2/359,0.858073318938716,0.9686227431298864,0,0,0.5796829370045891,0.0887295918264161,SBSPON;LEFTY2,Drug_Perturbations_from_GEO_up,Myofibroblasts_UP→UPmatch
Drug_Perturbations_from_GEO_up,vitamin C DB00126 mouse GSE32994 sample 3507,2/360,0.8591359740102453,0.9686227431298864,0,0,0.5780339950077261,0.0877617894105425,SERPINB9;WFDC2,Drug_Perturbations_from_GEO_up,Myofibroblasts_UP→UPmatch
Drug_Perturbations_from_GEO_up,bortezomib DB00188 human GSE30931 sample 2686,2/364,0.8633145968850963,0.9691776072267256,0,0,0.5715293287880568,0.0840011607206682,SLMAP;LPIN1,Drug_Perturbations_from_GEO_up,Myofibroblasts_UP→UPmatch
Drug_Perturbations_from_GEO_up,"2,2',4,4',5,5'-Hexachlorobiphenyl   (PCB-153) 37034 human GSE6878 sample 3348",2/364,0.8633145968850963,0.9691776072267256,0,0,0.5715293287880568,0.0840011607206682,ALDH1A1;GYG1,Drug_Perturbations_from_GEO_up,Myofibroblasts_UP→UPmatch
Drug_Perturbations_from_GEO_up,azacitidine DB00928 human GSE29077 sample 2544,1/208,0.8640995275504715,0.9691776072267256,0,0,0.5010607570994045,0.0731886033938623,FHL1,Drug_Perturbations_from_GEO_up,Myofibroblasts_UP→UPmatch
Drug_Perturbations_from_GEO_up,azacitidine DB00928 human GSE29077 sample 2542,1/208,0.8640995275504715,0.9691776072267256,0,0,0.5010607570994045,0.0731886033938623,FHL1,Drug_Perturbations_from_GEO_up,Myofibroblasts_UP→UPmatch
Drug_Perturbations_from_GEO_up,doxycycline DB00254 human GSE2624 sample 3077,1/209,0.8654041331280826,0.9693868002868832,0,0,0.4986263736263736,0.0720807680054426,LGALS1,Drug_Perturbations_from_GEO_up,Myofibroblasts_UP→UPmatch
Drug_Perturbations_from_GEO_up,l-arginine 6322 mouse GSE34874 sample 3214,1/210,0.866696280002783,0.969581515822468,0,0,0.4962152856889699,0.0709918710029561,MAL,Drug_Perturbations_from_GEO_up,Myofibroblasts_UP→UPmatch
Drug_Perturbations_from_GEO_up,apratoxin A 6326668 human GSE2742 sample 3071,1/211,0.8679760864402736,0.96976194193778,0,0,0.4938271604938271,0.0699215382149712,SLC12A2,Drug_Perturbations_from_GEO_up,Myofibroblasts_UP→UPmatch
Drug_Perturbations_from_GEO_up,Lapatinib DB01259 human GSE16179 sample 2581,1/214,0.8717426301864734,0.9698663766768912,0,0,0.486797327172914,0.0668183110513037,SOX4,Drug_Perturbations_from_GEO_up,Myofibroblasts_UP→UPmatch
Drug_Perturbations_from_GEO_up,PRISTANE 15979 mouse GSE17297 sample 3227,2/374,0.8732712738616485,0.9698663766768912,0,0,0.5558796614047129,0.0753267158725953,S100A6;FN1,Drug_Perturbations_from_GEO_up,Myofibroblasts_UP→UPmatch
Drug_Perturbations_from_GEO_up,ZINC ACETATE 11192 human GSE2964 sample 3590,1/217,0.8754022650198356,0.9698663766768912,0,0,0.479962766999804,0.0638694934112359,RNF13,Drug_Perturbations_from_GEO_up,Myofibroblasts_UP→UPmatch
Drug_Perturbations_from_GEO_up,rosiglitazone DB00412 mouse GSE2431 sample 2808,1/218,0.8765989099656535,0.9698663766768912,0,0,0.477726574500768,0.0629193293742581,ACTA1,Drug_Perturbations_from_GEO_up,Myofibroblasts_UP→UPmatch
Drug_Perturbations_from_GEO_up,trovafloxacin 62959 human GSE9166 sample 2623,1/219,0.877784121986258,0.9698663766768912,0,0,0.4755108975292461,0.0619850282354038,TAGLN,Drug_Perturbations_from_GEO_up,Myofibroblasts_UP→UPmatch
Drug_Perturbations_from_GEO_up,Retinoic acid 444795 human GSE23702 sample 3231,1/220,0.8789580097078815,0.9698663766768912,0,0,0.4733154550506148,0.0610662857798224,CES1,Drug_Perturbations_from_GEO_up,Myofibroblasts_UP→UPmatch
Drug_Perturbations_from_GEO_up,Calcitonin 16132288 mouse GSE60761 sample 3446,1/220,0.8789580097078815,0.9698663766768912,0,0,0.4733154550506148,0.0610662857798224,FN1,Drug_Perturbations_from_GEO_up,Myofibroblasts_UP→UPmatch
Drug_Perturbations_from_GEO_up,nilotinib DB04868 human GSE19567 sample 2528,1/223,0.8824127982465021,0.9698663766768912,0,0,0.4668478001811335,0.0584004689990029,SH3BGRL,Drug_Perturbations_from_GEO_up,Myofibroblasts_UP→UPmatch
Drug_Perturbations_from_GEO_up,SODIUM ARSENITE 443495 mouse GSE11056 sample 3360,1/224,0.8835424549850992,0.9698663766768912,0,0,0.464730585806819,0.0575410520959764,EGR2,Drug_Perturbations_from_GEO_up,Myofibroblasts_UP→UPmatch
Drug_Perturbations_from_GEO_up,tamoxifen DB00675 human GSE28645 sample 2496,2/386,0.8843406240879029,0.9698663766768912,0,0,0.538175975177305,0.0661488070586191,SPARCL1;BCAS1,Drug_Perturbations_from_GEO_up,Myofibroblasts_UP→UPmatch
Drug_Perturbations_from_GEO_up,Rapamycin DB00877 human GSE5824 sample 2459,2/387,0.8852217232315897,0.9698663766768912,0,0,0.5367504835589942,0.0654390788186132,DSTN;VIM,Drug_Perturbations_from_GEO_up,Myofibroblasts_UP→UPmatch
Drug_Perturbations_from_GEO_up,ubiquinol 9962735 mouse GSE15129 sample 3465,2/387,0.8852217232315897,0.9698663766768912,0,0,0.5367504835589942,0.0654390788186132,HSD17B6;HADH,Drug_Perturbations_from_GEO_up,Myofibroblasts_UP→UPmatch
Drug_Perturbations_from_GEO_up,diethylstilbestrol DB00255 rat GSE4028 sample 2716,1/226,0.8857694824470731,0.9698663766768912,0,0,0.4605526161081716,0.0558643599520416,ARHGAP24,Drug_Perturbations_from_GEO_up,Myofibroblasts_UP→UPmatch
Drug_Perturbations_from_GEO_up,Cisplatin DB00515 human GSE28274 sample 3253,1/226,0.8857694824470731,0.9698663766768912,0,0,0.4605526161081716,0.0558643599520416,CSRP1,Drug_Perturbations_from_GEO_up,Myofibroblasts_UP→UPmatch
Drug_Perturbations_from_GEO_up,apratoxin A 6326668 human GSE2742 sample 3068,2/389,0.8869654035285043,0.9698663766768912,0,0,0.5339216009676178,0.0640435230101264,PGRMC1;CSRP1,Drug_Perturbations_from_GEO_up,Myofibroblasts_UP→UPmatch
Drug_Perturbations_from_GEO_up,formaldehyde 712 rat GSE7002 sample 3537,1/228,0.8879541413171321,0.9698663766768912,0,0,0.4564482670209542,0.0542421119649945,PGAM2,Drug_Perturbations_from_GEO_up,Myofibroblasts_UP→UPmatch
Drug_Perturbations_from_GEO_up,Aplidin 56928089 human GSE5681 sample 2598,1/230,0.8900972334821728,0.9698663766768912,0,0,0.4524156096208498,0.0526722933180346,LDHB,Drug_Perturbations_from_GEO_up,Myofibroblasts_UP→UPmatch
Drug_Perturbations_from_GEO_up,HYPOCHLOROUS ACID 24341 human GSE11630 sample 3199,2/396,0.8928777213292898,0.9698663766768912,0,0,0.5242466789070094,0.0594001042571715,RGCC;DSTN,Drug_Perturbations_from_GEO_up,Myofibroblasts_UP→UPmatch
Drug_Perturbations_from_GEO_up,CONCANAVALIN A 596316 mouse GSE17184 sample 3367,1/233,0.893235651124901,0.9698663766768912,0,0,0.4464969896004379,0.0504116737966031,FN1,Drug_Perturbations_from_GEO_up,Myofibroblasts_UP→UPmatch
Drug_Perturbations_from_GEO_up,methotrexate DB00563 human GSE11440 sample 2543,1/236,0.8962849035431261,0.9698663766768912,0,0,0.4407294832826747,0.048258531482029,DSTN,Drug_Perturbations_from_GEO_up,Myofibroblasts_UP→UPmatch
Drug_Perturbations_from_GEO_up,4-Hydroxytamoxifen 449459 human GSE26298 sample 3239,2/401,0.8969244055898467,0.9698663766768912,0,0,0.5175438596491229,0.0563003334700378,TPM1;DSTN,Drug_Perturbations_from_GEO_up,Myofibroblasts_UP→UPmatch
Drug_Perturbations_from_GEO_up,mesalazine DB00244 human GSE38713 sample 3289,1/237,0.8972819442688129,0.9698663766768912,0,0,0.43883956595821,0.0475636909408354,FAM83D,Drug_Perturbations_from_GEO_up,Myofibroblasts_UP→UPmatch
Drug_Perturbations_from_GEO_up,EPZ004777 56962336 human GSE29828 sample 2651,1/238,0.898269449797068,0.9698663766768912,0,0,0.43696559730315,0.0468799416021544,CES1,Drug_Perturbations_from_GEO_up,Myofibroblasts_UP→UPmatch
Drug_Perturbations_from_GEO_up,cisplatin DB00515 human GSE28274 sample 2531,1/239,0.8992475109924342,0.9698663766768912,0,0,0.4351073762838469,0.0462070824975087,PGRMC1,Drug_Perturbations_from_GEO_up,Myofibroblasts_UP→UPmatch
Drug_Perturbations_from_GEO_up,resveratrol DB02709 human GSE32357 sample 3499,1/240,0.9002162177257782,0.9698663766768912,0,0,0.4332647052312324,0.0455449169171048,MBP,Drug_Perturbations_from_GEO_up,Myofibroblasts_UP→UPmatch
Drug_Perturbations_from_GEO_up,paclitaxel DB01229 human GSE19136 sample 2576,1/240,0.9002162177257782,0.9698663766768912,0,0,0.4332647052312324,0.0455449169171048,LDHB,Drug_Perturbations_from_GEO_up,Myofibroblasts_UP→UPmatch
Drug_Perturbations_from_GEO_up,doxycycline DB00254 human GSE2624 sample 3075,1/242,0.9021259228375388,0.9698663766768912,0,0,0.4296252387538694,0.0442518999463058,LDHB,Drug_Perturbations_from_GEO_up,Myofibroblasts_UP→UPmatch
Drug_Perturbations_from_GEO_up,4-Hydroxynonenal 5283344 human GSE2397 sample 3078,1/244,0.9039992670393556,0.9698663766768912,0,0,0.4260456811897141,0.0429993971721313,CALD1,Drug_Perturbations_from_GEO_up,Myofibroblasts_UP→UPmatch
Drug_Perturbations_from_GEO_up,Streptozotocin effect on pancreas of offspring of protein-restricted dams 29327 mouse GSE38215 sample 3248,1/244,0.9039992670393556,0.9698663766768912,0,0,0.4260456811897141,0.0429993971721313,FXYD1,Drug_Perturbations_from_GEO_up,Myofibroblasts_UP→UPmatch
Drug_Perturbations_from_GEO_up,ZINC ACETATE 11192 human GSE2964 sample 3589,2/411,0.9045962769306592,0.9698663766768912,0,0,0.5046298704676689,0.0505974899089508,LDHB;TRBC2,Drug_Perturbations_from_GEO_up,Myofibroblasts_UP→UPmatch
Drug_Perturbations_from_GEO_up,lung cancer DB00928 human GSE29077 sample 2535,1/245,0.9049225195077596,0.9698663766768912,0,0,0.4242779078844653,0.0423878886183401,CTNNAL1,Drug_Perturbations_from_GEO_up,Myofibroblasts_UP→UPmatch
Drug_Perturbations_from_GEO_up,clozapine 2818 mouse GSE6467 sample 2464,1/246,0.9058369390382404,0.9698663766768912,0,0,0.4225245653817082,0.0417859759495155,FXYD1,Drug_Perturbations_from_GEO_up,Myofibroblasts_UP→UPmatch
Drug_Perturbations_from_GEO_up,formaldehyde 712 rat GSE7002 sample 3552,2/414,0.906792287870034,0.9698663766768912,0,0,0.5008779177855814,0.0490068296935607,NR4A2;EGR2,Drug_Perturbations_from_GEO_up,Myofibroblasts_UP→UPmatch
Drug_Perturbations_from_GEO_up,lubiprostone DB01046 mouse GSE18327 sample 2778,1/253,0.911997514342044,0.9698663766768912,0,0,0.4106407995296884,0.0378274150899145,S100A6,Drug_Perturbations_from_GEO_up,Myofibroblasts_UP→UPmatch
Drug_Perturbations_from_GEO_up,MLN4924 73014187 human GSE30531 sample 2645,1/253,0.911997514342044,0.9698663766768912,0,0,0.4106407995296884,0.0378274150899145,LDHB,Drug_Perturbations_from_GEO_up,Myofibroblasts_UP→UPmatch
Drug_Perturbations_from_GEO_up,phorbol ester 12-O-tetradecanoylphorbol-13-acetate (TPA) 27924 mouse GSE40849 sample 3257,1/255,0.9136828420897128,0.9698663766768912,0,0,0.4073657459484231,0.0367736259661038,KLK6,Drug_Perturbations_from_GEO_up,Myofibroblasts_UP→UPmatch
Drug_Perturbations_from_GEO_up,lung cancer DB00928 human GSE29077 sample 2534,1/256,0.9145134264919078,0.9698663766768912,0,0,0.4057474841788567,0.0362588649626327,SYNM,Drug_Perturbations_from_GEO_up,Myofibroblasts_UP→UPmatch
Drug_Perturbations_from_GEO_up,MLN4924 73014187 human GSE30531 sample 2646,1/257,0.9153360600880088,0.9698663766768912,0,0,0.404141865079365,0.0357520069030234,CTNNAL1,Drug_Perturbations_from_GEO_up,Myofibroblasts_UP→UPmatch
Drug_Perturbations_from_GEO_up,Lipopolysaccharide 11970143 mouse GSE2002 sample 3603,1/257,0.9153360600880088,0.9698663766768912,0,0,0.404141865079365,0.0357520069030234,LGALS1,Drug_Perturbations_from_GEO_up,Myofibroblasts_UP→UPmatch
Drug_Perturbations_from_GEO_up,lipopolysaccharide (LPS) 11970143 mouse GSE23639 sample 3443,1/261,0.9185485896510732,0.9698663766768912,0,0,0.3978428978428978,0.0338009214314016,PMP22,Drug_Perturbations_from_GEO_up,Myofibroblasts_UP→UPmatch
Drug_Perturbations_from_GEO_up,4-Hydroxynonenal 5283344 human GSE2397 sample 3083,1/263,0.9201090841610792,0.9698663766768912,0,0,0.3947655398037077,0.032869381389733,CSRP1,Drug_Perturbations_from_GEO_up,Myofibroblasts_UP→UPmatch
Drug_Perturbations_from_GEO_up,Perfluorooctanoic Acid 9554 mouse GSE13044 sample 3521,1/265,0.921639835241527,0.9698663766768912,0,0,0.391734808401475,0.0319658604231602,ALDH1A1,Drug_Perturbations_from_GEO_up,Myofibroblasts_UP→UPmatch
Drug_Perturbations_from_GEO_up,cisplatin DB00515 human GSE47856 sample 3151,1/267,0.9231414068981266,0.9698663766768912,0,0,0.3887496519075466,0.0310894186260422,HSD17B6,Drug_Perturbations_from_GEO_up,Myofibroblasts_UP→UPmatch
Drug_Perturbations_from_GEO_up,SODIUM ARSENITE 443495 mouse GSE11056 sample 3354,1/268,0.9238814237758406,0.9698663766768912,0,0,0.3872738442026831,0.0306610685147897,SCRG1,Drug_Perturbations_from_GEO_up,Myofibroblasts_UP→UPmatch
Drug_Perturbations_from_GEO_up,nicotinamide riboside 439924 mouse GSE62194 sample 3468,1/269,0.9246143525268586,0.9698663766768912,0,0,0.3858090499881544,0.0302391518279569,RAB23,Drug_Perturbations_from_GEO_up,Myofibroblasts_UP→UPmatch
Drug_Perturbations_from_GEO_up,dexamethasone DB01234 human GSE22152 sample 2488,2/442,0.9251335338833426,0.9698663766768912,0,0,0.4683268858800773,0.0364438826979557,CKM;ITGA6,Drug_Perturbations_from_GEO_up,Myofibroblasts_UP→UPmatch
Drug_Perturbations_from_GEO_up,sangivamycin (NSC 65346) 14978 human GSE13477 sample 2504,1/270,0.9253402605837248,0.9698663766768912,0,0,0.3843551464369308,0.0298235609220396,SOX4,Drug_Perturbations_from_GEO_up,Myofibroblasts_UP→UPmatch
Drug_Perturbations_from_GEO_up,doxycycline DB00254 human GSE2624 sample 3076,1/272,0.9267712817794176,0.9698663766768912,0,0,0.3814795290810051,0.0290109357936571,VIM,Drug_Perturbations_from_GEO_up,Myofibroblasts_UP→UPmatch
Drug_Perturbations_from_GEO_up,"2,3-dimethoxy-1,4-naphtoquinone (DMNQ) 3136 human GSE39843 sample 3681",1/277,0.930230579467516,0.9698663766768912,0,0,0.374472816501802,0.0270829183646434,SH3BP5,Drug_Perturbations_from_GEO_up,Myofibroblasts_UP→UPmatch
Drug_Perturbations_from_GEO_up,vancomycin DB14969 mouse GSE7793 sample 3397,1/279,0.9315683360953138,0.9698663766768912,0,0,0.3717407026759545,0.0263511111853533,MAL,Drug_Perturbations_from_GEO_up,Myofibroblasts_UP→UPmatch
Drug_Perturbations_from_GEO_up,ethanol DB00898 mouse GSE52644 sample 3475,1/279,0.9315683360953138,0.9698663766768912,0,0,0.3717407026759545,0.0263511111853533,LGALS1,Drug_Perturbations_from_GEO_up,Myofibroblasts_UP→UPmatch
Drug_Perturbations_from_GEO_up,lung cancer DB00928 human GSE29077 sample 2536,1/280,0.9322276144250012,0.9698663766768912,0,0,0.3703893345470406,0.0259932836982367,GYG1,Drug_Perturbations_from_GEO_up,Myofibroblasts_UP→UPmatch
Drug_Perturbations_from_GEO_up,Bisphenol A 6623 human GSE17624 sample 2661,1/282,0.9335272753504932,0.9698663766768912,0,0,0.3677154531247057,0.025293343499507,PEG10,Drug_Perturbations_from_GEO_up,Myofibroblasts_UP→UPmatch
Drug_Perturbations_from_GEO_up,resveratrol DB02709 human GSE36930 sample 3497,1/285,0.9354304223390492,0.9698663766768912,0,0,0.3637752440569342,0.0242814558328769,VIM,Drug_Perturbations_from_GEO_up,Myofibroblasts_UP→UPmatch
Drug_Perturbations_from_GEO_up,Perfluorooctanoic Acid 9554 mouse GSE13044 sample 3520,1/286,0.936052680970009,0.9698663766768912,0,0,0.3624802747609765,0.0239539728495289,ALDH1A1,Drug_Perturbations_from_GEO_up,Myofibroblasts_UP→UPmatch
Drug_Perturbations_from_GEO_up,ethanol DB00898 mouse GSE52644 sample 3476,1/286,0.936052680970009,0.9698663766768912,0,0,0.3624802747609765,0.0239539728495289,WFDC2,Drug_Perturbations_from_GEO_up,Myofibroblasts_UP→UPmatch
Drug_Perturbations_from_GEO_up,RPI-1 1749978 human GSE49414 sample 3173,1/286,0.936052680970009,0.9698663766768912,0,0,0.3624802747609765,0.0239539728495289,ACTA2,Drug_Perturbations_from_GEO_up,Myofibroblasts_UP→UPmatch
Drug_Perturbations_from_GEO_up,rituximab DB00073 human GSE15490 sample 2577,1/287,0.9366689738268268,0.9698663766768912,0,0,0.3611943611943612,0.023631264669273,VIM,Drug_Perturbations_from_GEO_up,Myofibroblasts_UP→UPmatch
Drug_Perturbations_from_GEO_up,imatinib DB00619 mouse GSE51698 sample 2522,1/288,0.9372793579267348,0.9698663766768912,0,0,0.3599174086978965,0.0233132543767121,NR4A1,Drug_Perturbations_from_GEO_up,Myofibroblasts_UP→UPmatch
Drug_Perturbations_from_GEO_up,"3,3',4,4'-Tetrachlorobiphenyl 36187 human GSE6878 sample 3272",1/290,0.9384826246479208,0.9698663766768912,0,0,0.3573900148294612,0.0226910269472804,NEDD9,Drug_Perturbations_from_GEO_up,Myofibroblasts_UP→UPmatch
Drug_Perturbations_from_GEO_up,Cigarette Smoke 57288536 human GSE8823 sample 2478,1/291,0.9390756183787924,0.9698663766768912,0,0,0.3561393906221492,0.0223866629181494,RNF13,Drug_Perturbations_from_GEO_up,Myofibroblasts_UP→UPmatch
Drug_Perturbations_from_GEO_up,ursodeoxycholic acid 31401 mouse GSE21266 sample 2492,1/291,0.9390756183787924,0.9698663766768912,0,0,0.3561393906221492,0.0223866629181494,DSTN,Drug_Perturbations_from_GEO_up,Myofibroblasts_UP→UPmatch
Drug_Perturbations_from_GEO_up,PRISTANE 15979 mouse GSE17297 sample 3229,1/291,0.9390756183787924,0.9698663766768912,0,0,0.3561393906221492,0.0223866629181494,FN1,Drug_Perturbations_from_GEO_up,Myofibroblasts_UP→UPmatch
Drug_Perturbations_from_GEO_up,doxycycline DB00254 human GSE41035 sample 3041,1/292,0.939662925500102,0.9698663766768912,0,0,0.354897361770214,0.0220867029681783,COL9A3,Drug_Perturbations_from_GEO_up,Myofibroblasts_UP→UPmatch
Drug_Perturbations_from_GEO_up,bicalutamide DB01128 human GSE7708 sample 3088,1/298,0.9430703526740616,0.9698673351353806,0,0,0.3476208291023105,0.0203755842266886,LDHB,Drug_Perturbations_from_GEO_up,Myofibroblasts_UP→UPmatch
Drug_Perturbations_from_GEO_up,rosiglitazone 77999 mouse GSE1458 sample 2588,1/299,0.943619344325584,0.9698673351353806,0,0,0.3464365612016619,0.0201045558690632,HADH,Drug_Perturbations_from_GEO_up,Myofibroblasts_UP→UPmatch
Drug_Perturbations_from_GEO_up,TRICHLOROETHYLENE 6575 mouse GSE24278 sample 3322,1/301,0.9447015776080324,0.9698673351353806,0,0,0.3440917107583774,0.0195740672104547,SEMA3C,Drug_Perturbations_from_GEO_up,Myofibroblasts_UP→UPmatch
Drug_Perturbations_from_GEO_up,methylphenidate DB00422 human GSE52889 sample 3307,1/303,0.945763143594762,0.9698673351353806,0,0,0.3417779179368583,0.0190586023777806,NR4A2,Drug_Perturbations_from_GEO_up,Myofibroblasts_UP→UPmatch
Drug_Perturbations_from_GEO_up,HYPOCHLOROUS ACID 24341 human GSE11630 sample 3200,1/306,0.947317598337158,0.9698673351353806,0,0,0.3383641252493711,0.0183125604661131,DSTN,Drug_Perturbations_from_GEO_up,Myofibroblasts_UP→UPmatch
Drug_Perturbations_from_GEO_up,TRICHLOROETHYLENE 6575 mouse GSE24278 sample 3323,1/307,0.9478258370084782,0.9698673351353806,0,0,0.337241069267213,0.0180708973948683,NCMAP,Drug_Perturbations_from_GEO_up,Myofibroblasts_UP→UPmatch
Drug_Perturbations_from_GEO_up,Perfluorooctanoic Acid 9554 mouse GSE13044 sample 3517,1/308,0.948329197801586,0.9698673351353806,0,0,0.3361253296106716,0.017832652717025,ALDH1A1,Drug_Perturbations_from_GEO_up,Myofibroblasts_UP→UPmatch
Drug_Perturbations_from_GEO_up,TRICHLOROETHYLENE 6575 mouse GSE24278 sample 3318,1/310,0.9493214720601136,0.9698673351353806,0,0,0.3339155151452886,0.0173662078275141,CPM,Drug_Perturbations_from_GEO_up,Myofibroblasts_UP→UPmatch
Drug_Perturbations_from_GEO_up,HYPOCHLOROUS ACID 24341 human GSE11630 sample 3202,1/311,0.949810477272443,0.9698673351353806,0,0,0.332821300563236,0.0171379046254838,DSTN,Drug_Perturbations_from_GEO_up,Myofibroblasts_UP→UPmatch
Drug_Perturbations_from_GEO_up,Atarax DB00557 human GSE31773 sample 2485,1/314,0.95124950702434,0.9698673351353806,0,0,0.3295806075358791,0.0164720722862437,GYG1,Drug_Perturbations_from_GEO_up,Myofibroblasts_UP→UPmatch
Drug_Perturbations_from_GEO_up,carboplatin (24 h) 10339178 human GSE13525 sample 3030,1/317,0.9526474859015158,0.9698673351353806,0,0,0.3264014466546112,0.0158338461741686,RCAN1,Drug_Perturbations_from_GEO_up,Myofibroblasts_UP→UPmatch
Drug_Perturbations_from_GEO_up,pioglitazone 4829 mouse GSE1458 sample 2587,1/318,0.953104558769742,0.9698673351353806,0,0,0.3253550982257607,0.0156270220389886,HADH,Drug_Perturbations_from_GEO_up,Myofibroblasts_UP→UPmatch
Drug_Perturbations_from_GEO_up,"Dmnq   (2,3-Dimethoxy-1,4-naphthoquinone) 3136 human GSE6907 sample 3527",1/321,0.9544496097386812,0.9698673351353806,0,0,0.322255291005291,0.015023680082207,LGALS1,Drug_Perturbations_from_GEO_up,Myofibroblasts_UP→UPmatch
Drug_Perturbations_from_GEO_up,Bisphenol A 6623 human GSE17624 sample 2663,1/323,0.9553249183455768,0.9698673351353806,0,0,0.3202208419599724,0.0146352989838623,PEG10,Drug_Perturbations_from_GEO_up,Myofibroblasts_UP→UPmatch
Drug_Perturbations_from_GEO_up,cetuximab DB00002 human GSE61495 sample 3135,1/327,0.9570256511343176,0.9704575900976062,0,0,0.3162268315642548,0.0138902902012645,WFDC2,Drug_Perturbations_from_GEO_up,Myofibroblasts_UP→UPmatch
Drug_Perturbations_from_GEO_up,"3,3',4,4'-Tetrachlorobiphenyl 36187 human GSE6878 sample 3271",1/341,0.9624866098179302,0.9732451183273212,0,0,0.3029878618113912,0.0115847787075602,COL9A3,Drug_Perturbations_from_GEO_up,Myofibroblasts_UP→UPmatch
Drug_Perturbations_from_GEO_up,cisplatin DB00515 human GSE47856 sample 3159,1/343,0.9632081985032852,0.9732451183273212,0,0,0.3011850614189795,0.0112901306668165,CYFIP2,Drug_Perturbations_from_GEO_up,Myofibroblasts_UP→UPmatch
Drug_Perturbations_from_GEO_up,cyclophosphamide 2907 mouse GSE2254 sample 3628,1/344,0.9635637977598972,0.9732451183273212,0,0,0.3002915451895043,0.0111457947781631,SERPINB9,Drug_Perturbations_from_GEO_up,Myofibroblasts_UP→UPmatch
Drug_Perturbations_from_GEO_up,ubiquinol 9962735 mouse GSE15129 sample 3463,1/346,0.9642647712147278,0.9732451183273212,0,0,0.2985200521432405,0.0108629545841054,HADH,Drug_Perturbations_from_GEO_up,Myofibroblasts_UP→UPmatch
Drug_Perturbations_from_GEO_up,Carboplatin DB00958 human GSE13525 sample 3089,1/357,0.967887035248276,0.9757651855351804,0,0,0.289132631829261,0.0094372595070348,RCAN1,Drug_Perturbations_from_GEO_up,Myofibroblasts_UP→UPmatch
Drug_Perturbations_from_GEO_up,chlorambucil DB00291 human GSE8832 sample 2691,1/361,0.9691115996852284,0.9758649906238012,0,0,0.2858612580834803,0.0089690409804449,LGALS1,Drug_Perturbations_from_GEO_up,Myofibroblasts_UP→UPmatch
Drug_Perturbations_from_GEO_up,TRICHLOROETHYLENE 6575 mouse GSE24278 sample 3309,1/369,0.97142309136074,0.9770577960670088,0,0,0.2795318610536002,0.0081045170420639,AURKB,Drug_Perturbations_from_GEO_up,Myofibroblasts_UP→UPmatch
Drug_Perturbations_from_GEO_up,Bisphenol A 6623 human GSE17624 sample 2659,1/375,0.9730430224765974,0.9775530712482156,0,0,0.2749625102566279,0.0075138954190111,PEG10,Drug_Perturbations_from_GEO_up,Myofibroblasts_UP→UPmatch
Drug_Perturbations_from_GEO_up,cyclophosphamide 2907 mouse GSE2254 sample 3627,1/384,0.9753031939390852,0.9786896633624848,0,0,0.2683769185074668,0.0067112715918023,SERPINB9,Drug_Perturbations_from_GEO_up,Myofibroblasts_UP→UPmatch
Drug_Perturbations_from_GEO_up,estradiol DB00783 human GSE11352 sample 2729,1/390,0.9767041993304566,0.9789624749358452,0,0,0.2641558194257423,0.0062265322634197,SEMA3C,Drug_Perturbations_from_GEO_up,Myofibroblasts_UP→UPmatch
Drug_Perturbations_from_GEO_up,carboplatin (30 h) 10339178 human GSE13525 sample 3031,1/423,0.9831094374436627,0.9837556172342582,0,0,0.2430853331327265,0.0041409185352718,RCAN1,Drug_Perturbations_from_GEO_up,Myofibroblasts_UP→UPmatch
Drug_Perturbations_from_GEO_up,imatinib DB00619 human GSE20876 sample 2510,1/427,0.9837556172342582,0.9837556172342582,0,0,0.2407531609409543,0.0039429997148251,LGALS1,Drug_Perturbations_from_GEO_up,Myofibroblasts_UP→UPmatch
