Gene_set,term,Overlap,P-value,Adjusted_P_value,Old P-value,Old Adjusted P-value,Odds Ratio,Combined Score,Genes,library,tag
Drug_Perturbations_from_GEO_down,acrylamide 6579 rat GSE29004 sample 3110,37/274,5.444306176279165e-32,4.731102067186594e-29,0,0,19.971898182620446,1437.740055111718,SHC4;GPM6A;SPARC;SERPINE2;SEMA3B;LGALS1;MPZ;PRX;MBP;CTNNAL1;GPM6B;SNCA;BCAS1;SLC12A2;MLIP;EGR2;CKM;MYOC;PLLP;TPM1;OXR1;AIF1L;ACTA1;PLA2G16;COL4A2;SFRP5;S100A6;PMP22;MAL;VWA1;COL9A3;FXYD6;PMP2;ITGA6;VIM;HAGH;CRYAB,Drug_Perturbations_from_GEO_down,Myofibroblasts_UP→DOWNmatch
Drug_Perturbations_from_GEO_down,paclitaxel DB01229 human GSE19136 sample 2576,33/360,4.574508357125242e-23,1.9876238811709172e-20,0,0,12.523403260679016,644.190813201417,C11ORF96;TAGLN;SPARC;TNFAIP6;FHL1;LMOD1;PLAT;LTBP1;ACTG2;CNN1;FGF7;PDLIM3;SH3BGRL;PLN;MYH11;FILIP1L;CTNNAL1;AOC3;TPM2;FN1;DSTN;SULF1;ACTA2;MFAP4;DYNC1LI2;ACTC1;COL4A2;ALDH1A1;CASQ2;ITGA8;SPARCL1;MYL9;SCRG1,Drug_Perturbations_from_GEO_down,Myofibroblasts_UP→DOWNmatch
Drug_Perturbations_from_GEO_down,acrylamide 6579 rat GSE29004 sample 3109,23/212,6.074128529147319e-18,1.7594725639430068e-15,0,0,14.297848746950544,566.8023709670953,MLIP;SPARC;SERPINE2;PLLP;SEMA3B;LPL;S100B;MT3;LDHB;PLA2G16;LGALS1;COL4A2;MPZ;PRX;PMP22;MAL;COL9A3;MYH11;MBP;VIM;CRYAB;CTNNAL1;BCAS1,Drug_Perturbations_from_GEO_down,Myofibroblasts_UP→DOWNmatch
Drug_Perturbations_from_GEO_down,cisplatin DB00515 mouse GSE6206 sample 2692,23/307,2.0810644783331744e-14,4.521112579178821e-12,0,0,9.469047819853252,298.30636564034126,TAGLN;SPARC;TPM2;TGFB1I1;TPM1;FHL1;TNC;FN1;LPP;ACTG2;ACTA2;CNN1;ACTA1;INPP5A;BAG2;CSRP1;COL4A2;CALD1;ANXA6;FXYD6;FLNC;MYL9;PDLIM7,Drug_Perturbations_from_GEO_down,Myofibroblasts_UP→DOWNmatch
Drug_Perturbations_from_GEO_down,rosiglitazone DB00412 mouse GSE11343 sample 2815,21/248,2.7109815805038372e-14,4.711685986915669e-12,0,0,10.719782081693298,334.87399171239383,GPM6A;MLIP;EGR2;CD151;LDHB;DYNC1LI2;PCP4;FMNL2;CSRP1;COL4A2;MPZ;STMN1;PRX;ALDH1A1;S100A6;PMP22;CASQ2;PLP1;EFHD1;MBP;FXYD6,Drug_Perturbations_from_GEO_down,Myofibroblasts_UP→DOWNmatch
Drug_Perturbations_from_GEO_down,ascorbic acid 54670067 human GSE11919 sample 3190,21/287,4.781666605301766e-13,6.004392085739488e-11,0,0,9.129866085331672,259.00350076611795,C11ORF96;TAGLN;CD151;SERPINE2;TPM2;SYNPO2;TPM1;FHL1;LMOD1;SULF1;ACTG2;MYLK;ACTA2;CNN1;ACTC1;CSRP1;COL4A2;EFHD1;FLNC;MYL9;CRYAB,Drug_Perturbations_from_GEO_down,Myofibroblasts_UP→DOWNmatch
Drug_Perturbations_from_GEO_down,cisplatin DB00515 mouse GSE6206 sample 3412,22/321,4.836679470676227e-13,6.004392085739488e-11,0,0,8.545190316929448,242.31919004837712,TAGLN;SPARC;TPM2;TGFB1I1;TPM1;FHL1;TNC;FN1;DSTN;LPP;ACTG2;ACTA2;CNN1;ACTA1;INPP5A;BAG2;CSRP1;COL4A2;CALD1;ANXA6;FLNC;MYL9,Drug_Perturbations_from_GEO_down,Myofibroblasts_UP→DOWNmatch
Drug_Perturbations_from_GEO_down,rosiglitazone DB00412 mouse GSE35011 sample 3267,20/271,1.5122722985006785e-12,1.642705784246362e-10,0,0,9.16756503398172,249.51735572172836,TAGLN;SPARC;SERPINE2;TPM2;TPM1;TNC;FN1;DSTN;ACTA2;CNN1;ACTA1;FGF7;LGALS1;CSRP1;COL4A2;CALD1;S100A6;PMP22;VIM;MYL9,Drug_Perturbations_from_GEO_down,Myofibroblasts_UP→DOWNmatch
Drug_Perturbations_from_GEO_down,Ascorbyl-2-phosphate 54679073 human GSE11919 sample 3191,20/296,7.657451140793129e-12,7.393694490388033e-10,0,0,8.326513213981245,213.11995285307592,C11ORF96;TAGLN;SERPINE2;TPM2;SYNPO2;TPM1;FHL1;DSTN;SULF1;ACTG2;MYLK;ACTA2;CNN1;SH3BGRL;ACTC1;CSRP1;COL4A2;FLNC;MYL9;CRYAB,Drug_Perturbations_from_GEO_down,Myofibroblasts_UP→DOWNmatch
Drug_Perturbations_from_GEO_down,DAPT 5311272 rat GSE31668 sample 2648,20/315,2.3680023572076483e-11,2.0577940484134463e-09,0,0,7.782652043868395,190.4133947732156,TAGLN;MIA;TNFAIP6;MME;WFDC1;NEDD9;PLAT;S100B;ARHGAP24;ASPN;ACTA2;MFAP4;NOV;ALDH1A1;VWA1;COL9A3;FAM83D;MYL9;SCRG1;IL17B,Drug_Perturbations_from_GEO_down,Myofibroblasts_UP→DOWNmatch
Drug_Perturbations_from_GEO_down,carbidopa DB00190 mouse GSE47099 sample 3293,18/259,5.6542455529591583e-11,4.466853986837735e-09,0,0,8.497587571166651,200.509325603025,TAGLN;SYNM;TPM2;TNC;LPL;HSD17B6;ACTG2;ASPN;ACTA2;CNN1;PCP4;PDLIM3;DES;PLN;ITGA8;VWA1;MYH11;MYL9,Drug_Perturbations_from_GEO_down,Myofibroblasts_UP→DOWNmatch
Drug_Perturbations_from_GEO_down,PRISTANE 15979 mouse GSE17297 sample 3230,18/275,1.5114004055362946e-10,1.0945057936758669e-08,0,0,7.962039634422224,180.04412360702608,AOC3;TAGLN;TPM2;FHL1;DSTN;LPL;ACTG2;MYLK;CNN1;PLA2G16;PGRMC1;LGALS1;COL4A2;SPARCL1;MYH11;HADH;LPIN1;MYL9,Drug_Perturbations_from_GEO_down,Myofibroblasts_UP→DOWNmatch
Drug_Perturbations_from_GEO_down,dexamethasone DB01234 mouse GSE484 sample 2711,17/242,1.6741446517709247e-10,1.1191013095299488e-08,0,0,8.553500321130379,192.54398425767465,TAGLN;MCAM;TGFB1I1;TPM1;FHL1;TNC;ACTG2;MYLK;ACTA2;RCAN1;ACTA1;PDLIM3;LGALS1;ACTC1;CSRP1;ANXA6;SOX4,Drug_Perturbations_from_GEO_down,Myofibroblasts_UP→DOWNmatch
Drug_Perturbations_from_GEO_down,tretinoin DB00755 mouse GSE484 sample 2826,18/286,2.8598427450843406e-10,1.7751452467702093e-08,0,0,7.630944116626171,167.6906401816766,SPARC;FHL1;TNC;ACTG2;MYLK;ACTA2;RCAN1;CNN1;ACTA1;MFAP4;LGALS1;ACTC1;CSRP1;COL4A2;STMN1;ANXA6;SPARCL1;MYH11,Drug_Perturbations_from_GEO_down,Myofibroblasts_UP→DOWNmatch
Drug_Perturbations_from_GEO_down,vitamin c DB00126 mouse GSE19379 sample 3513,17/252,3.141045928031941e-10,1.8197126076398376e-08,0,0,8.185340056573606,179.1058411684863,TGFB2;TAGLN;EGR2;RNF13;TPM2;TPM1;SULF1;LTBP1;ACTG2;ASPN;ACTA2;CNN1;CALD1;EFHD1;VIM;MYL9;SOX4,Drug_Perturbations_from_GEO_down,Myofibroblasts_UP→DOWNmatch
Drug_Perturbations_from_GEO_down,estradiol 5757 mouse GSE2195 sample 3619,19/329,3.83997567268382e-10,2.016991626643788e-08,0,0,6.989247311827957,151.52957187193184,TAGLN;TGFB1I1;DSTN;PLAT;WFDC2;ACTG2;CNN1;PCP4;SMTN;LGALS1;COL4A2;SLMAP;FXYD1;S100A6;ANXA6;MYH11;HADH;RAMP1;SOX4,Drug_Perturbations_from_GEO_down,Myofibroblasts_UP→DOWNmatch
Drug_Perturbations_from_GEO_down,candesartan DB00796 rat GSE2739 sample 2687,20/369,3.9457833892916444e-10,2.016991626643788e-08,0,0,6.560256194168212,142.0505618438249,CD151;NRN1;SERPINE2;PLLP;WFDC1;S100B;MT3;KLK6;NR4A1;RGCC;CSRP1;REEP2;STMN1;FXYD1;PMP22;PLP1;SPARCL1;MAL;MBP;CRYAB,Drug_Perturbations_from_GEO_down,Myofibroblasts_UP→DOWNmatch
Drug_Perturbations_from_GEO_down,Retinoic acid 444795 mouse GSE1588 sample 3633,18/294,4.466632764096822e-10,2.1563910400000773e-08,0,0,7.406723963599595,159.4609608187762,TAGLN;SERPINE2;MCAM;TNC;FN1;DSTN;LPP;ACTG2;SOX2;ACTA2;CNN1;ACTA1;SH3BGRL;PGRMC1;LGALS1;ACTC1;STMN1;S100A6,Drug_Perturbations_from_GEO_down,Myofibroblasts_UP→DOWNmatch
Drug_Perturbations_from_GEO_down,VX 39793 human GSE33606 sample 3345,20/380,6.588019440458964e-10,2.846216510081881e-08,0,0,6.356209150326797,134.37406351081518,C11ORF96;SPARC;SEMA3C;TGFB1I1;NEXN;PLAT;LTBP1;ASPN;LGALS1;FMNL2;COL4A2;NOV;MPZ;PLP1;SPARCL1;ITGB8;CNTN4;CRYAB;GPM6B;CDH19,Drug_Perturbations_from_GEO_down,Myofibroblasts_UP→DOWNmatch
Drug_Perturbations_from_GEO_down,captopril DB01197 mouse GSE19286 sample 2689,22/466,6.803316898441058e-10,2.846216510081881e-08,0,0,5.711765336765337,120.56645966068508,AOC3;TAGLN;SPARC;CD151;SERPINE2;TPM1;PGAM2;FHL1;FN1;DSTN;LDHB;LGALS1;ACTC1;PLN;STMN1;FXYD1;CASQ2;VIM;HADH;LPIN1;MYL9;CRYAB,Drug_Perturbations_from_GEO_down,Myofibroblasts_UP→DOWNmatch
Drug_Perturbations_from_GEO_down,methylprednisolone 6741 rat GSE490 sample 3668,18/302,6.878083626204775e-10,2.846216510081881e-08,0,0,7.195135931870292,151.79945845819933,CKM;MYOC;TPM1;NEXN;SERPINB9;UACA;LTBP1;ACTA1;LDHB;LGALS1;CSRP1;FXYD1;ANXA6;SPARCL1;VIM;DYNLRB1;MYL9;CRYAB,Drug_Perturbations_from_GEO_down,Myofibroblasts_UP→DOWNmatch
Drug_Perturbations_from_GEO_down,estradiol 5757 mouse GSE2195 sample 3621,17/266,7.227710198673408e-10,2.8549455284759962e-08,0,0,7.719595143580101,162.48148780653327,AOC3;SPARC;MCAM;LPP;WFDC2;MYLK;ACTA1;PCP4;SMTN;SH3BGRL;PGRMC1;FXYD1;S100A6;SPARCL1;MYH11;HADH;RAMP1,Drug_Perturbations_from_GEO_down,Myofibroblasts_UP→DOWNmatch
Drug_Perturbations_from_GEO_down,l-arginine 6322 mouse GSE34874 sample 3214,20/390,1.0338698713982914e-09,3.9062300793265895e-08,0,0,6.1812400635930045,127.88959061859248,AOC3;CPM;TAGLN;NRN1;FHL1;LPL;SORBS2;WFDC2;ACTG2;ASPN;ACTA2;CNN1;PCP4;PDLIM3;DES;PLN;NOV;FXYD1;SPARCL1;MYL9,Drug_Perturbations_from_GEO_down,Myofibroblasts_UP→DOWNmatch
Drug_Perturbations_from_GEO_down,isoflurane DB00753 rat GSE1779 sample 2771,16/238,1.1219133152849839e-09,4.062261129094379e-08,0,0,8.113492803147976,167.2047281592294,SPARC;NRN1;RNF13;PLLP;MT3;OXR1;RGCC;CSRP1;FXYD1;PLP1;SPARCL1;MAL;MBP;VIM;CRYAB;GPM6B,Drug_Perturbations_from_GEO_down,Myofibroblasts_UP→DOWNmatch
Drug_Perturbations_from_GEO_down,Phosgene 6371 mouse GSE2565 sample 3617,18/324,2.1083975745505555e-09,7.328789969137732e-08,0,0,6.6703146374829005,133.25512755344587,SPARC;CKM;SEMA3C;MCAM;TGFB1I1;DSTN;ACTA1;MFAP4;PGRMC1;ACTC1;COL4A2;FXYD1;PRX;ALDH1A1;PMP22;ITGA8;SPARCL1;VIM,Drug_Perturbations_from_GEO_down,Myofibroblasts_UP→DOWNmatch
Drug_Perturbations_from_GEO_down,estradiol 5757 mouse GSE2195 sample 3620,15/220,3.124190702374844e-09,1.0442006616783613e-07,0,0,8.197212543554008,160.53495281333394,SPARC;MCAM;TPM1;PLAT;WFDC2;MYLK;PCP4;PGRMC1;COL4A2;S100A6;SPARCL1;MYH11;HADH;RAMP1;SOX4,Drug_Perturbations_from_GEO_down,Myofibroblasts_UP→DOWNmatch
Drug_Perturbations_from_GEO_down,Phosgene 6371 mouse GSE2565 sample 3615,16/258,3.602862344642285e-09,1.1595879175904245e-07,0,0,7.435356701814382,144.5547640003757,SPARC;SEMA3C;TGFB1I1;FHL1;FN1;MFAP4;LDHB;ACTC1;CSRP1;COL4A2;ALDH1A1;PMP22;ITGA8;VIM;GPM6B;SOX4,Drug_Perturbations_from_GEO_down,Myofibroblasts_UP→DOWNmatch
Drug_Perturbations_from_GEO_down,methylprednisolone 6741 rat GSE490 sample 3667,18/348,6.476041044483262e-09,2.0098855955914126e-07,0,0,6.177589852008457,116.47942322518004,SPARC;CD151;TPM1;PGAM2;NEXN;LTBP1;OXR1;ACTA2;LDHB;LGALS1;PPP1R1A;FXYD1;ANXA6;SPARCL1;DYNLRB1;MYL9;CRYAB;GYG1,Drug_Perturbations_from_GEO_down,Myofibroblasts_UP→DOWNmatch
Drug_Perturbations_from_GEO_down,estradiol 5757 mouse GSE2195 sample 3622,16/272,7.663840336519945e-09,2.2965093973916665e-07,0,0,7.023706896551724,131.25027331735996,SPARC;WFDC2;MYLK;ACTA2;PCP4;SMTN;SH3BGRL;PGRMC1;STMN1;FXYD1;ANXA6;SPARCL1;MYH11;HADH;RAMP1;SOX4,Drug_Perturbations_from_GEO_down,Myofibroblasts_UP→DOWNmatch
Drug_Perturbations_from_GEO_down,d-serine 71077 rat GSE10748 sample 3391,15/243,1.2035146395829556e-08,3.486180739325295e-07,0,0,7.361654135338346,134.242962544647,ARPP21;PLLP;SORBS2;MT3;OXR1;LDHB;PCP4;CSRP1;STMN1;ANXA6;PLP1;SPARCL1;MBP;VIM;BCAS1,Drug_Perturbations_from_GEO_down,Myofibroblasts_UP→DOWNmatch
Drug_Perturbations_from_GEO_down,methylprednisolone 6741 rat GSE490 sample 3660,17/322,1.2853973104004097e-08,3.603258912057922e-07,0,0,6.28418459205913,114.18120131939403,SPARC;CD151;CKM;TPM2;TPM1;NEXN;UACA;ACTA1;LDHB;PDLIM3;DES;LGALS1;ACTC1;FXYD1;ANXA6;FLNC;CRYAB,Drug_Perturbations_from_GEO_down,Myofibroblasts_UP→DOWNmatch
Drug_Perturbations_from_GEO_down,methylprednisolone 6741 rat GSE490 sample 3665,17/326,1.5423301720414335e-08,4.1883903734500177e-07,0,0,6.201563873767701,111.5499255104476,SPARC;SERPINE2;MYOC;TPM2;TPM1;NEXN;LTBP1;OXR1;ACTA2;LDHB;LGALS1;ACTC1;CSRP1;FXYD1;ANXA6;MYL9;CRYAB,Drug_Perturbations_from_GEO_down,Myofibroblasts_UP→DOWNmatch
Drug_Perturbations_from_GEO_down,methylprednisolone 6741 rat GSE490 sample 3666,16/293,2.1885373733206635e-08,5.763148416411081e-07,0,0,6.484252458608241,114.36566094927817,CKM;SERPINE2;MYOC;TPM2;TPM1;SERPINB9;UACA;ACTA2;ACTA1;LDHB;PDLIM3;DES;LGALS1;CSRP1;FXYD1;CRYAB,Drug_Perturbations_from_GEO_down,Myofibroblasts_UP→DOWNmatch
Drug_Perturbations_from_GEO_down,celecoxib DB00482 human GSE11237 sample 3296,18/379,2.4182537703114893e-08,6.1807721364726e-07,0,0,5.63811763190105,98.87924937901523,TAGLN;SYNM;PDE4D;FHL1;NEDD9;WFDC2;ACTG2;MYLK;NR4A2;CNN1;DES;CSRP1;MYH11;HADH;LPIN1;MYL9;CRYAB;BCAS1,Drug_Perturbations_from_GEO_down,Myofibroblasts_UP→DOWNmatch
Drug_Perturbations_from_GEO_down,Phosgene 6371 mouse GSE2565 sample 3613,15/259,2.8216302549169013e-08,7.00570483292225e-07,0,0,6.873302107728337,119.4811256273837,SPARC;TGFB1I1;FHL1;FN1;WFDC2;ACTA2;LDHB;SH3BGRL;FXYD1;PMP22;ITGA8;SPARCL1;VIM;HADH;SOX4,Drug_Perturbations_from_GEO_down,Myofibroblasts_UP→DOWNmatch
Drug_Perturbations_from_GEO_down,amoxicillin DB01060 rat GSE2354 sample 2678,19/431,3.1859139618679226e-08,7.690442313508958e-07,0,0,5.231391585760518,90.3039757152212,SLC12A2;TAGLN;SPARC;CD151;TPM2;TPM1;TNC;FN1;ACTA2;CNN1;PLA2G16;DES;LGALS1;CSRP1;SLMAP;PMP22;SPARCL1;MYH11;VIM,Drug_Perturbations_from_GEO_down,Myofibroblasts_UP→DOWNmatch
Drug_Perturbations_from_GEO_down,vitamin e DB00163 mouse GSE42813 sample 3515,16/302,3.33877064867628e-08,7.841599172161318e-07,0,0,6.277308897998553,108.0643627735123,AOC3;SERPINE2;DSTN;LPL;ACTA2;LDHB;PLA2G16;PGRMC1;LGALS1;CALD1;ALDH1A1;S100A6;PMP22;HADH;LPIN1;MYL9,Drug_Perturbations_from_GEO_down,Myofibroblasts_UP→DOWNmatch
Drug_Perturbations_from_GEO_down,methylprednisolone 6741 rat GSE490 sample 3672,15/263,3.4575372461794346e-08,7.906841755078758e-07,0,0,6.761059907834102,116.15584885151326,SPARC;CD151;CKM;SERPINE2;FN1;LTBP1;ACTA1;LDHB;PDLIM3;LGALS1;ACTC1;STMN1;FXYD1;VIM;FLNC,Drug_Perturbations_from_GEO_down,Myofibroblasts_UP→DOWNmatch
Drug_Perturbations_from_GEO_down,PRISTANE 15979 mouse GSE17297 sample 3229,16/309,4.589257111730029e-08,1.0225806231008705e-06,0,0,6.12514220705347,103.49629868369708,AOC3;TAGLN;DSTN;LPL;ACTG2;MYLK;CNN1;PLA2G16;PGRMC1;CSRP1;COL4A2;FXYD1;SPARCL1;HADH;LPIN1;MYL9,Drug_Perturbations_from_GEO_down,Myofibroblasts_UP→DOWNmatch
Drug_Perturbations_from_GEO_down,troglitazone DB00197 rat GSE21329 sample 2832,17/355,5.353934059729572e-08,1.1631421744762496e-06,0,0,5.661045934945446,94.78203792190943,AOC3;SPARC;CD151;FHL1;FN1;DSTN;S100B;MYLK;PLA2G16;CSRP1;ALDH1A1;PMP22;ANXA6;SPARCL1;DYNLRB1;CRYAB;RAMP1,Drug_Perturbations_from_GEO_down,Myofibroblasts_UP→DOWNmatch
Drug_Perturbations_from_GEO_down,estradiol 5757 mouse GSE2195 sample 3623,14/234,5.5485887245332894e-08,1.1736998044932444e-06,0,0,7.083161157024794,118.33934478128474,MCAM;TGFB1I1;PLAT;WFDC2;MYLK;ACTA2;SMTN;SH3BGRL;PGRMC1;FXYD1;SPARCL1;MYH11;HADH;RAMP1,Drug_Perturbations_from_GEO_down,Myofibroblasts_UP→DOWNmatch
Drug_Perturbations_from_GEO_down,simvastatin 54454 mouse GSE1871 sample 3618,13/198,5.672657282936279e-08,1.1736998044932444e-06,0,0,7.7912658421133,129.9974503933654,PPP1R14A;TAGLN;FHL1;WFDC2;ACTA2;MFAP4;LDHB;RGCC;ACTC1;FXYD1;ALDH1A1;PMP22;MYL9,Drug_Perturbations_from_GEO_down,Myofibroblasts_UP→DOWNmatch
Drug_Perturbations_from_GEO_down,troglitazone DB00197 rat GSE21329 sample 2834,18/402,5.9155572596604056e-08,1.1887993670519349e-06,0,0,5.294149709302325,88.11103676626524,MLIP;SYNM;SPARC;DUSP3;SYNPO2;TPM1;PGAM2;FN1;NEXN;OXR1;FYCO1;PDLIM3;PPP1R1A;SGCA;ALDH1A1;SH3BP5;SPARCL1;GYG1,Drug_Perturbations_from_GEO_down,Myofibroblasts_UP→DOWNmatch
Drug_Perturbations_from_GEO_down,d-serine 71077 rat GSE10748 sample 3389,13/199,6.019237301528785e-08,1.1887993670519349e-06,0,0,7.74898244335095,128.83241383523944,SLC12A2;GPM6A;SERPINE2;ARPP21;SORBS2;MT3;LDHB;PCP4;PLP1;SPARCL1;MBP;VIM;GPM6B,Drug_Perturbations_from_GEO_down,Myofibroblasts_UP→DOWNmatch
Drug_Perturbations_from_GEO_down,methylprednisolone 6741 rat GSE490 sample 3659,16/316,6.25384702529011e-08,1.20768734777269e-06,0,0,5.98007662835249,99.1944250657456,SPARC;CD151;TPM2;OXR1;ACTA2;NR4A1;LDHB;PDLIM3;RGCC;LGALS1;ACTC1;STMN1;FXYD1;VIM;MYL9;CRYAB,Drug_Perturbations_from_GEO_down,Myofibroblasts_UP→DOWNmatch
Drug_Perturbations_from_GEO_down,estradiol 5757 mouse GSE2195 sample 3625,14/237,6.502746030957334e-08,1.2284535436743309e-06,0,0,6.98680187525479,115.62078474060807,SPARC;TPM1;AURKB;ACTG2;MYLK;ACTA2;CNN1;ACTA1;LGALS1;ACTC1;STMN1;S100A6;MYH11;HADH,Drug_Perturbations_from_GEO_down,Myofibroblasts_UP→DOWNmatch
Drug_Perturbations_from_GEO_down,methylprednisolone 6741 rat GSE490 sample 3663,17/363,7.384046489219409e-08,1.365263063645035e-06,0,0,5.5278826556182965,90.77534532598564,CKM;MYOC;NEXN;UACA;LTBP1;ACTA2;ACTA1;LDHB;PDLIM3;DES;LGALS1;CSRP1;FXYD1;VIM;FLNC;DYNLRB1;CRYAB,Drug_Perturbations_from_GEO_down,Myofibroblasts_UP→DOWNmatch
Drug_Perturbations_from_GEO_down,pioglitazone DB01132 rat GSE21329 sample 2841,16/321,7.761541473314357e-08,1.405162404231287e-06,0,0,5.880535142264933,96.27317982324932,AOC3;SLC12A2;SPARC;CD151;FHL1;FN1;S100B;MYLK;PLA2G16;CSRP1;ALDH1A1;PMP22;ANXA6;SPARCL1;CRYAB;RAMP1,Drug_Perturbations_from_GEO_down,Myofibroblasts_UP→DOWNmatch
Drug_Perturbations_from_GEO_down,methylprednisolone 6741 rat GSE490 sample 3661,16/323,8.452196926034087e-08,1.4989712507599229e-06,0,0,5.841626418061328,95.1382136337688,CD151;CKM;PGAM2;NEXN;LPL;ACTA1;LDHB;PDLIM3;DES;LGALS1;ACTC1;FXYD1;VIM;FLNC;DYNLRB1;CRYAB,Drug_Perturbations_from_GEO_down,Myofibroblasts_UP→DOWNmatch
Drug_Perturbations_from_GEO_down,formaldehyde 712 rat GSE7002 sample 3538,15/282,8.651558050570915e-08,1.5036407891892248e-06,0,0,6.273836276083467,102.03103119527482,SBSPON;CPM;PNCK;CKM;TPM2;TPM1;PGAM2;TNC;LPL;PLAT;MT3;ACTA1;PCP4;DES;BCAS1,Drug_Perturbations_from_GEO_down,Myofibroblasts_UP→DOWNmatch
Drug_Perturbations_from_GEO_down,resveratrol DB02709 mouse GSE11291 sample 3504,15/286,1.0395222989140547e-07,1.7712644661888495e-06,0,0,6.179968371112283,99.369777843146,HHATL;SPARC;CKM;TPM2;SYNPO2;PGAM2;NEXN;ACTA1;LDHB;FYCO1;PDLIM3;DES;ACTC1;SPARCL1;LPIN1,Drug_Perturbations_from_GEO_down,Myofibroblasts_UP→DOWNmatch
Drug_Perturbations_from_GEO_down,Cobalt dichloride hexahydrate 24643 rat GSE51207 sample 3114,16/329,1.087354627255684e-07,1.7828512661984706e-06,0,0,5.727883662002864,91.84287909234033,CPM;MIA;TNFAIP6;FN1;NEDD9;PLAT;SERPINB9;LTBP1;MYLK;PTPRE;PLA2G16;AZGP1;INPP5A;FILIP1L;CRYAB;BCAS1,Drug_Perturbations_from_GEO_down,Myofibroblasts_UP→DOWNmatch
Drug_Perturbations_from_GEO_down,testosterone 6013 human GSE5106 sample 3206,16/329,1.087354627255684e-07,1.7828512661984706e-06,0,0,5.727883662002864,91.84287909234033,SPARC;TPM1;FN1;ASPN;ACTA2;ACTA1;LDHB;PDLIM3;DES;ACTC1;FXYD1;S100A6;CASQ2;VIM;CRYAB;PDLIM7,Drug_Perturbations_from_GEO_down,Myofibroblasts_UP→DOWNmatch
Drug_Perturbations_from_GEO_down,methylprednisolone 6741 rat GSE490 sample 3670,16/330,1.1333571309595387e-07,1.8238654570441465e-06,0,0,5.709349147082509,91.3091156908075,SPARC;SERPINE2;TPM2;FN1;UACA;OXR1;NR4A1;LGALS1;ACTC1;CSRP1;STMN1;FXYD1;ANXA6;SPARCL1;VIM;MYL9,Drug_Perturbations_from_GEO_down,Myofibroblasts_UP→DOWNmatch
Drug_Perturbations_from_GEO_down,cocaine 446220 human GSE54839 sample 2472,15/294,1.4870626968791932e-07,2.349559061069125e-06,0,0,6.000307219662059,94.3325868164723,CYFIP2;PPP1R14A;SPARC;PLLP;MT3;PCP4;RGCC;SCRN1;ALDH1A1;MAL;EFHD1;MBP;PMP2;CRYAB;BCAS1,Drug_Perturbations_from_GEO_down,Myofibroblasts_UP→DOWNmatch
Drug_Perturbations_from_GEO_down,amoxicillin DB01060 rat GSE2354 sample 2677,16/339,1.6344288941135365e-07,2.5362834089011843e-06,0,0,5.547702928721398,86.69285637512272,CD151;MME;RNF13;TGFB1I1;FHL1;FN1;DSTN;MFAP4;LGALS1;CSRP1;STMN1;S100A6;PMP22;SH3BP5;SPARCL1;DYNLRB1,Drug_Perturbations_from_GEO_down,Myofibroblasts_UP→DOWNmatch
Drug_Perturbations_from_GEO_down,Heregulin 56310950 human GSE22288 sample 3215,15/300,1.9302331494134413e-07,2.942758959368913e-06,0,0,5.87218045112782,90.78658075058678,TGFB2;EGR2;SERPINE2;LAMA4;NEDD9;PLAT;LTBP1;RERG;MYLK;KLK6;NR4A2;NR4A1;TSPAN15;PEG10;SOX4,Drug_Perturbations_from_GEO_down,Myofibroblasts_UP→DOWNmatch
Drug_Perturbations_from_GEO_down,rosiglitazone DB00412 rat GSE21329 sample 2844,16/347,2.240703305341393e-07,3.357191676451156e-06,0,0,5.411397020522971,82.85555490447773,AOC3;SPARC;CD151;SEMA3C;FHL1;FN1;S100B;MYLK;PLA2G16;RGCC;FXYD1;PMP22;SH3BP5;SPARCL1;CRYAB;RAMP1,Drug_Perturbations_from_GEO_down,Myofibroblasts_UP→DOWNmatch
Drug_Perturbations_from_GEO_down,methylprednisolone 6741 rat GSE490 sample 3658,15/307,2.59610244224226e-07,3.823750885268685e-06,0,0,5.7293542074364,86.88041070934446,SPARC;CKM;NEXN;NR4A1;ACTA1;LDHB;PDLIM3;DES;LGALS1;ACTC1;FXYD1;SPARCL1;VIM;FLNC;CRYAB,Drug_Perturbations_from_GEO_down,Myofibroblasts_UP→DOWNmatch
Drug_Perturbations_from_GEO_down,d-serine 71077 rat GSE10748 sample 3387,12/189,2.681022289423273e-07,3.883013949181373e-06,0,0,7.47781374976195,113.15351102017088,SLC12A2;GPM6A;PCP4;CSRP1;PLP1;SPARCL1;MAL;MBP;VIM;OXR1;GPM6B;BCAS1,Drug_Perturbations_from_GEO_down,Myofibroblasts_UP→DOWNmatch
Drug_Perturbations_from_GEO_down,doxycycline DB00254 human GSE2624 sample 3075,16/358,3.408103061599477e-07,4.855150099229419e-06,0,0,5.234388653626403,77.95020072677251,CYFIP2;TAGLN;CD151;SERPINE2;TPM2;TPM1;FHL1;DSTN;AURKB;LGALS1;CSRP1;COL4A2;PEG10;PMP22;MYL9;SOX4,Drug_Perturbations_from_GEO_down,Myofibroblasts_UP→DOWNmatch
Drug_Perturbations_from_GEO_down,Phosgene 6371 mouse GSE2565 sample 3614,13/236,4.339446030542849e-07,6.07770664663866e-06,0,0,6.451090674165843,94.51072950865128,SPARC;SEMA3C;MFAP4;ACTC1;COL4A2;FXYD1;PRX;ALDH1A1;PMP22;ITGA8;SPARCL1;VIM;SOX4,Drug_Perturbations_from_GEO_down,Myofibroblasts_UP→DOWNmatch
Drug_Perturbations_from_GEO_down,alitretinoin DB00523 rat GSE3952 sample 2675,15/320,4.406162471095921e-07,6.07770664663866e-06,0,0,5.481498829039813,80.22223707522859,CD151;LPL;SERPINB9;ACTA2;CNN1;LDHB;PLA2G16;DYNC1LI2;PCP4;PGRMC1;RGCC;PMP22;SPARCL1;ITGA7;VIM,Drug_Perturbations_from_GEO_down,Myofibroblasts_UP→DOWNmatch
Drug_Perturbations_from_GEO_down,VX 39793 human GSE33606 sample 3376,16/367,4.746895781881205e-07,6.445394428835573e-06,0,0,5.097815764482431,74.22728051729149,C11ORF96;TGFB2;TAGLN;SEMA3C;MCAM;TGFB1I1;NEXN;PLAT;LTBP1;MBNL1-AS1;LGALS1;FMNL2;FLNC;FILIP1L;CTNNAL1;SOX4,Drug_Perturbations_from_GEO_down,Myofibroblasts_UP→DOWNmatch
Drug_Perturbations_from_GEO_down,permethrin DB04930 rat GSE7955 sample 2792,14/282,5.447901682085343e-07,7.283425479587943e-06,0,0,5.800288331071913,83.65677630767188,SLC12A2;SHC4;PPP1R14A;MLIP;SPARC;PLLP;MCAM;SEMA3B;MAP3K7CL;SERPINB9;KLK6;MFAP4;CTNNAL1;BCAS1,Drug_Perturbations_from_GEO_down,Myofibroblasts_UP→DOWNmatch
Drug_Perturbations_from_GEO_down,doxycycline DB00254 human GSE2624 sample 3076,15/328,6.022616713924732e-07,7.92977867333423e-06,0,0,5.339205842081242,76.47116979198485,CYFIP2;TAGLN;CD151;SERPINE2;TPM2;TPM1;DSTN;AURKB;PGRMC1;LGALS1;COL4A2;PEG10;PMP22;SH3BP5;SOX4,Drug_Perturbations_from_GEO_down,Myofibroblasts_UP→DOWNmatch
Drug_Perturbations_from_GEO_down,nicotinamide riboside 439924 mouse GSE62194 sample 3468,15/331,6.75502608024617e-07,8.761369647364062e-06,0,0,5.287703435804701,75.1266795057554,PPP1R14A;S100B;UACA;MT3;RERG;AIF1L;ACTA2;PPP1R1A;COL4A2;CRTAC1;SFRP5;STMN1;ALDH1A1;S100A6;SPARCL1,Drug_Perturbations_from_GEO_down,Myofibroblasts_UP→DOWNmatch
Drug_Perturbations_from_GEO_down,cisplatin DB00515 human GSE47856 sample 3152,16/379,7.269861650639182e-07,9.290455550596248e-06,0,0,4.926253126880086,69.62942721403542,GPM6A;SEMA3C;FAM13C;NUBPL;LAMA4;TNC;FN1;SEMA3E;LPP;LTBP1;ARHGAP24;MYLK;ACTA2;PCP4;CNTN4;GPM6B,Drug_Perturbations_from_GEO_down,Myofibroblasts_UP→DOWNmatch
Drug_Perturbations_from_GEO_down,rosiglitazone DB00412 mouse GSE35011 sample 2813,14/290,7.61384170020314e-07,9.589026720980476e-06,0,0,5.62985836627141,79.3141640689313,TAGLN;SPARC;SERPINE2;TPM2;TPM1;FN1;DSTN;ACTA2;ACTA1;SH3BGRL;CSRP1;COL4A2;CALD1;MYL9,Drug_Perturbations_from_GEO_down,Myofibroblasts_UP→DOWNmatch
Drug_Perturbations_from_GEO_down,methylprednisolone 6741 rat GSE490 sample 3662,15/338,8.785544888543659e-07,1.0906626440206342e-05,0,0,5.17125165855816,72.11304183936768,CD151;TPM2;PGAM2;NEXN;ACTA2;ACTA1;LDHB;PDLIM3;DES;LGALS1;ACTC1;FXYD1;VIM;MYL9;CRYAB,Drug_Perturbations_from_GEO_down,Myofibroblasts_UP→DOWNmatch
Drug_Perturbations_from_GEO_down,hydrocortisone DB00741 human GSE7890 sample 2751,14/295,9.332221822810868e-07,1.142211375214457e-05,0,0,5.528267550954384,76.75790817302207,TAGLN;SPARC;CD151;SERPINE2;TPM2;TPM1;TNC;SULF1;RCAN1;FGF7;ACTC1;COL4A2;VIM;MYL9,Drug_Perturbations_from_GEO_down,Myofibroblasts_UP→DOWNmatch
Drug_Perturbations_from_GEO_down,bleomycin DB00290 mouse GSE25640 sample 3122,14/296,9.714937117062945e-07,1.1725389381566248e-05,0,0,5.508381689232753,76.2604104436352,AOC3;SBSPON;NRN1;PGAM2;LMOD1;ACTG2;ACTA2;CNN1;ACTC1;PLN;CASQ2;EFHD1;MYH11;MYL9,Drug_Perturbations_from_GEO_down,Myofibroblasts_UP→DOWNmatch
Drug_Perturbations_from_GEO_down,Retinoic acid 444795 mouse GSE1588 sample 3634,13/259,1.239471301835806e-06,1.4754802209524869e-05,0,0,5.8410729870010565,79.44341523944846,TAGLN;MCAM;DSTN;ACTG2;SOX2;ACTA2;ACTA1;LGALS1;ACTC1;COL4A2;STMN1;S100A6;SOX4,Drug_Perturbations_from_GEO_down,Myofibroblasts_UP→DOWNmatch
Drug_Perturbations_from_GEO_down,Ascorbic acid 54670067 mouse GSE37676 sample 3132,14/306,1.4390583015737682e-06,1.6673888854234727e-05,0,0,5.317014321295143,71.52193307303794,TAGLN;TPM2;TNC;FN1;DSTN;SORBS2;ACTG2;PGRMC1;CSRP1;COL4A2;NOV;CALD1;STMN1;MYL9,Drug_Perturbations_from_GEO_down,Myofibroblasts_UP→DOWNmatch
Drug_Perturbations_from_GEO_down,Phosgene 6371 mouse GSE2565 sample 3616,14/306,1.4390583015737682e-06,1.6673888854234727e-05,0,0,5.317014321295143,71.52193307303794,SPARC;CKM;FHL1;MYLK;ACTA1;MFAP4;ACTC1;COL4A2;FXYD1;PRX;ALDH1A1;PMP22;SPARCL1;SOX4,Drug_Perturbations_from_GEO_down,Myofibroblasts_UP→DOWNmatch
Drug_Perturbations_from_GEO_down,Leptin DB05098 mouse GSE3293 sample 3592,15/353,1.5090100161797467e-06,1.725433821131842e-05,0,0,4.937954353338969,66.18862033451595,TAGLN;TPM1;DSTN;LPL;WFDC2;ACTG2;CNN1;AZGP1;PGRMC1;LGALS1;CSRP1;ALDH1A1;S100A6;HADH;MYL9,Drug_Perturbations_from_GEO_down,Myofibroblasts_UP→DOWNmatch
Drug_Perturbations_from_GEO_down,methylprednisolone 6741 rat GSE490 sample 3669,15/359,1.8585293016768091e-06,2.0974830690352564e-05,0,0,4.850332225913621,64.00365060481133,CD151;SERPINE2;NEXN;OXR1;NR4A1;LDHB;LGALS1;ACTC1;PPP1R1A;FXYD1;ANXA6;VIM;DYNLRB1;MYL9;CRYAB,Drug_Perturbations_from_GEO_down,Myofibroblasts_UP→DOWNmatch
Drug_Perturbations_from_GEO_down,palmitic acid 985 mouse GSE6766 sample 3553,14/314,1.948422007783758e-06,2.1707419548257508e-05,0,0,5.17310606060606,68.0185371337109,TAGLN;SPARC;TPM2;TPM1;FN1;ACTA2;SH3BGRL;LGALS1;CALD1;STMN1;S100A6;PMP22;VIM;MYL9,Drug_Perturbations_from_GEO_down,Myofibroblasts_UP→DOWNmatch
Drug_Perturbations_from_GEO_down,rituximab DB00073 human GSE24742 sample 2514,14/323,2.7091099073271814e-06,2.9800208980599e-05,0,0,5.020116210650191,64.35231962260153,MLIP;EGR2;FGFBP2;TNFAIP6;TGFB1I1;FHL1;ASPN;LDHB;LGALS1;COL4A2;NOV;PMP22;ANXA6;SCRG1,Drug_Perturbations_from_GEO_down,Myofibroblasts_UP→DOWNmatch
Drug_Perturbations_from_GEO_down,formaldehyde 712 rat GSE7002 sample 3537,15/372,2.876008207394101e-06,3.124063915281843e-05,0,0,4.670588235294118,59.59253628175863,PPP1R14A;NRN1;MIA;MCAM;S100B;NR4A2;NR4A1;AZGP1;CSRP1;SFRP5;PLP1;MAL;COL9A3;FILIP1L;CRYAB,Drug_Perturbations_from_GEO_down,Myofibroblasts_UP→DOWNmatch
Drug_Perturbations_from_GEO_down,etanercept DB00005 human GSE47751 sample 2592,12/249,4.87993289133037e-06,5.235384793291471e-05,0,0,5.567629071255867,68.09421417379873,CNN1;HHATL;ACTA1;PCP4;DES;ACTC1;COL4A2;P2RX1;TNC;NEXN;ITGA7;ACTG2,Drug_Perturbations_from_GEO_down,Myofibroblasts_UP→DOWNmatch
Drug_Perturbations_from_GEO_down,phenytoin DB00252 rat GSE2880 sample 3291,15/393,5.595910807545783e-06,5.930300599704007e-05,0,0,4.406349206349207,53.288071500243454,SLC12A2;PPP1R14A;DUSP3;RNF13;PLLP;FN1;DSTN;S100B;KLK6;DYNC1LI2;CSRP1;PMP22;MAL;DYNLRB1;CRYAB,Drug_Perturbations_from_GEO_down,Myofibroblasts_UP→DOWNmatch
Drug_Perturbations_from_GEO_down,Phosgene 6371 mouse GSE2565 sample 3612,13/301,6.457122764338946e-06,6.760529737603065e-05,0,0,4.9785389202762085,59.495166744799576,SPARC;SEMA3C;MCAM;TGFB1I1;WFDC2;CSRP1;COL4A2;PRX;PMP22;SH3BP5;ITGA8;VIM;SOX4,Drug_Perturbations_from_GEO_down,Myofibroblasts_UP→DOWNmatch
Drug_Perturbations_from_GEO_down,"2,3,7,8-tetrachlorodibenzo-p-dioxin 10852289 mouse GSE2812 sample 3602",15/400,6.915700173409602e-06,7.15445648892017e-05,0,0,4.324675324675325,51.38456548632281,TGFB1I1;LAMA4;PGAM2;DSTN;ACTA2;RCAN1;ACTA1;SLMAP;STMN1;FXYD1;ANXA6;SPARCL1;DYNLRB1;HADH;SOX4,Drug_Perturbations_from_GEO_down,Myofibroblasts_UP→DOWNmatch
Drug_Perturbations_from_GEO_down,methylprednisolone 6741 rat GSE490 sample 3664,14/354,7.759804229643098e-06,7.933258677129237e-05,0,0,4.555147058823529,53.59838135039782,MYOC;TPM2;PGAM2;NEXN;LTBP1;OXR1;LDHB;PDLIM3;LGALS1;CSRP1;FXYD1;SPARCL1;MYL9;CRYAB,Drug_Perturbations_from_GEO_down,Myofibroblasts_UP→DOWNmatch
Drug_Perturbations_from_GEO_down,Phosgene 6371 mouse GSE2565 sample 3611,14/357,8.538135925628207e-06,8.627488510896409e-05,0,0,4.5146103896103895,52.68987271096045,SPARC;CKM;FHL1;FN1;ACTA1;MFAP4;SH3BGRL;COL4A2;STMN1;PRX;PMP22;VIM;HADH;SOX4,Drug_Perturbations_from_GEO_down,Myofibroblasts_UP→DOWNmatch
Drug_Perturbations_from_GEO_down,deltamethrin 40585 rat GSE7955 sample 3421,12/270,1.1080138080577207e-05,0.00011067402289679993,0,0,5.1089626339169065,58.29508456174712,SHC4;NR4A1;PPP1R14A;MLIP;EGR2;SPARC;PLLP;MCAM;SEMA3B;TNC;SERPINB9;BCAS1,Drug_Perturbations_from_GEO_down,Myofibroblasts_UP→DOWNmatch
Drug_Perturbations_from_GEO_down,formaldehyde 712 rat GSE7002 sample 3547,12/272,1.193060610933127e-05,0.00011781473532964627,0,0,5.06914433880726,57.46586571402544,NR4A2;RCAN1;ACTA1;PPP1R14A;PCP4;AZGP1;CKM;MIA;MBP;CRYAB;CTNNAL1;BCAS1,Drug_Perturbations_from_GEO_down,Myofibroblasts_UP→DOWNmatch
Drug_Perturbations_from_GEO_down,BPDE 41322 human GSE19510 sample 3377,12/274,1.2837677925655748e-05,0.00012404884914987485,0,0,5.029933956600051,56.65278054338975,LDHB;SPARC;COL4A2;S100A6;TNC;ANXA6;FN1;ITGA6;VIM;FAM83D;CTNNAL1;ACTG2,Drug_Perturbations_from_GEO_down,Myofibroblasts_UP→DOWNmatch
Drug_Perturbations_from_GEO_down,methylprednisolone 6741 rat GSE490 sample 3673,13/321,1.2847406701367936e-05,0.00012404884914987485,0,0,4.650487930148947,52.37550914670504,SPARC;NEXN;LPL;UACA;OXR1;LDHB;PPP1R1A;CSRP1;FXYD1;PMP22;SPARCL1;VIM;GYG1,Drug_Perturbations_from_GEO_down,Myofibroblasts_UP→DOWNmatch
Drug_Perturbations_from_GEO_down,rosiglitazone 77999 mouse GSE11343 sample 2672,13/327,1.5626912770111372e-05,0.00014922843073875584,0,0,4.560221670445141,50.46576586313198,SLC12A2;EGR2;SERPINE2;SEMA3C;FN1;ASPN;DYNC1LI2;NOV;SFRP5;CASQ2;EFHD1;ITGB8;FXYD6,Drug_Perturbations_from_GEO_down,Myofibroblasts_UP→DOWNmatch
Drug_Perturbations_from_GEO_down,alpha-Tocopherol 14985 mouse GSE8146 sample 3478,15/436,1.9127077325460517e-05,0.00018066771951983897,0,0,3.9475398710553113,42.887674146411335,PGAM2;DSTN;ACTA2;ACTA1;LDHB;SMTN;INPP5A;LGALS1;ACTC1;COL4A2;SLMAP;FXYD1;S100A6;SPARCL1;HADH,Drug_Perturbations_from_GEO_down,Myofibroblasts_UP→DOWNmatch
Drug_Perturbations_from_GEO_down,d-serine 71077 rat GSE10748 sample 3388,9/157,1.969771256551233e-05,0.00018405712063903457,0,0,6.605868299238465,71.5746361492033,SLC12A2;GPM6A;PCP4;PLP1;MAL;MBP;MT3;GPM6B;BCAS1,Drug_Perturbations_from_GEO_down,Myofibroblasts_UP→DOWNmatch
Drug_Perturbations_from_GEO_down,Phosgene 6371 mouse GSE2565 sample 3610,13/339,2.28110442570912e-05,0.00021088082403630053,0,0,4.389657204256352,46.91782271557643,SPARC;TGFB1I1;OTUD7B;SEMA3E;ACTA1;MFAP4;SH3BGRL;LGALS1;CSRP1;COL4A2;PRX;ITGA8;VIM,Drug_Perturbations_from_GEO_down,Myofibroblasts_UP→DOWNmatch
Drug_Perturbations_from_GEO_down,MLN4924 73014187 human GSE30531 sample 2646,13/343,2.5777893541089065e-05,0.0002357998893390147,0,0,4.335558979626776,45.80948701267755,SPARC;MIA;TNC;DSTN;RCAN1;LGALS1;CSRP1;S100A6;PMP22;PLP1;ITGB8;ITGA6;FAM83D,Drug_Perturbations_from_GEO_down,Myofibroblasts_UP→DOWNmatch
Drug_Perturbations_from_GEO_down,coenzyme Q10 5281915 mouse GSE15129 sample 3456,10/204,2.643787379722195e-05,0.00023890046775832703,0,0,5.617411225658648,59.21151932118263,MLIP;ACTC1;PLN;CKM;BAG2;SLMAP;FXYD1;FHL1;LPL;CRYAB,Drug_Perturbations_from_GEO_down,Myofibroblasts_UP→DOWNmatch
Drug_Perturbations_from_GEO_down,carboplatin DB00958 human GSE49577 sample 3178,12/295,2.666668052077989e-05,0.00023890046775832703,0,0,4.651685393258427,48.99199569287381,PLA2G16;PCP4;TAGLN;RGCC;CD151;CSRP1;CRTAC1;NEDD9;MYL9;CRYAB;SOX4;KLK6,Drug_Perturbations_from_GEO_down,Myofibroblasts_UP→DOWNmatch
Drug_Perturbations_from_GEO_down,halothane 3562 rat GSE6433 sample 3652,11/250,2.8418587846443423e-05,0.000251997477944483,0,0,5.03216381103761,52.67904142474296,NR4A1;NRN1;CSRP1;PLLP;PLP1;MAL;MBP;DYNLRB1;HAGH;MT3;KLK6,Drug_Perturbations_from_GEO_down,Myofibroblasts_UP→DOWNmatch
Drug_Perturbations_from_GEO_down,cediranib 9933475 human GSE32569 sample 2642,12/301,3.246838067746101e-05,0.00028500023039104667,0,0,4.553710975467517,47.06371332854639,CPM;RGCC;INPP5A;FGFBP2;SEMA3C;CASQ2;ITGA8;SPARCL1;FILIP1;ITGA6;GPM6B;RERG,Drug_Perturbations_from_GEO_down,Myofibroblasts_UP→DOWNmatch
Drug_Perturbations_from_GEO_down,phenytoin 1775 rat GSE2880 sample 3033,10/211,3.525366519880314e-05,0.0003063543505775993,0,0,5.419845218352681,55.56935356096751,GPM6A;PGRMC1;NRN1;NOV;PLP1;MBP;DYNLRB1;S100B;GPM6B;SNCA,Drug_Perturbations_from_GEO_down,Myofibroblasts_UP→DOWNmatch
Drug_Perturbations_from_GEO_down,tibolone 444008 human GSE12446 sample 3204,12/313,4.743384674754002e-05,0.0004081189388476464,0,0,4.369480010452051,43.5033055355904,NR4A2;C11ORF96;NR4A1;MFAP4;TAGLN;EGR2;CSRP1;TPM1;DSTN;EFHD1;FILIP1L;ASPN,Drug_Perturbations_from_GEO_down,Myofibroblasts_UP→DOWNmatch
Drug_Perturbations_from_GEO_down,etanercept DB00005 human GSE11903 sample 2606,10/220,5.018869565926796e-05,0.000427588005175528,0,0,5.185185185185185,51.331885332493314,NR4A2;NR4A1;TNFAIP6;TNC;WFDC1;ITGA7;FILIP1L;SCRG1;AURKB;ASPN,Drug_Perturbations_from_GEO_down,Myofibroblasts_UP→DOWNmatch
Drug_Perturbations_from_GEO_down,ubiquinol 9962735 mouse GSE15129 sample 3457,11/267,5.171530204754365e-05,0.0004322991499187546,0,0,4.693915851955308,46.32780809811413,DES;SPARC;CKM;COL4A2;FXYD1;FHL1;SPARCL1;LPL;VIM;FLNC;CRYAB,Drug_Perturbations_from_GEO_down,Myofibroblasts_UP→DOWNmatch
Drug_Perturbations_from_GEO_down,heroin 5462328 mouse GSE30305 sample 2622,13/367,5.1736607124914254e-05,0.0004322991499187546,0,0,4.036643365571835,39.83902585060796,CYFIP2;MLIP;NRN1;S100B;WFDC2;KLK6;NR4A2;PGRMC1;LGALS1;CRTAC1;STMN1;SPARCL1;GPM6B,Drug_Perturbations_from_GEO_down,Myofibroblasts_UP→DOWNmatch
Drug_Perturbations_from_GEO_down,pioglitazone DB01132 human GSE8157 sample 2796,11/269,5.5314059451612144e-05,0.00045778969203286624,0,0,4.657052531289247,45.65068032703694,HHATL;ACTA1;MFAP4;DES;SPARC;ACTC1;TPM2;SYNPO2;PGAM2;FHL1;GYG1,Drug_Perturbations_from_GEO_down,Myofibroblasts_UP→DOWNmatch
Drug_Perturbations_from_GEO_down,dexamethasone DB01234 human GSE54608 sample 3093,12/322,6.227590016195283e-05,0.0005105448796295944,0,0,4.240666908300109,41.06634711664492,SLC12A2;SPARC;SEMA3C;SCRN1;NUBPL;LAMA4;TNC;NEXN;MAL;ITGB8;VIM;SOX4,Drug_Perturbations_from_GEO_down,Myofibroblasts_UP→DOWNmatch
Drug_Perturbations_from_GEO_down,decitabine 451668 mouse GSE4768 sample 3108,10/226,6.289678360711073e-05,0.000510815934154946,0,0,5.039609053497943,48.753256251628,ACTA2;ACTA1;TAGLN;SPARC;LGALS1;STMN1;S100A6;TNC;VIM;SOX4,Drug_Perturbations_from_GEO_down,Myofibroblasts_UP→DOWNmatch
Drug_Perturbations_from_GEO_down,valproic acid DB00313 mouse GSE9247 sample 2838,11/276,6.965683219654964e-05,0.00056047951091483,0,0,4.532412775376831,43.38393677127212,ACTA2;TAGLN;FGF7;SPARC;LGALS1;CALD1;TGFB1I1;TPM1;VIM;DYNLRB1;MYL9,Drug_Perturbations_from_GEO_down,Myofibroblasts_UP→DOWNmatch
Drug_Perturbations_from_GEO_down,metoprolol DB00264 human GSE11223 sample 3287,13/379,7.169722831931913e-05,0.0005698980027286359,0,0,3.9018863264487047,37.23592934777604,SLC12A2;C11ORF96;EGR2;FGFBP2;TNFAIP6;PLAT;S100B;NR4A2;NR4A1;MFAP4;NOV;PLP1;SPARCL1,Drug_Perturbations_from_GEO_down,Myofibroblasts_UP→DOWNmatch
Drug_Perturbations_from_GEO_down,MLN4924 73014187 human GSE30531 sample 2647,12/327,7.213898768716909e-05,0.0005698980027286359,0,0,4.1722846441947565,39.79072782597442,SPARC;LGALS1;SERPINE2;MIA;S100A6;TNC;PLP1;DSTN;ITGB8;ITGA6;VIM;FAM83D,Drug_Perturbations_from_GEO_down,Myofibroblasts_UP→DOWNmatch
Drug_Perturbations_from_GEO_down,TRICHLOROETHYLENE 6575 mouse GSE24278 sample 3309,10/231,7.548745932524486e-05,0.0005909783977805206,0,0,4.924333836098542,46.739531360510256,ACTA1;SYNM;DES;CKM;CASQ2;NEXN;FLNC;LPIN1;SULF1;CDH7,Drug_Perturbations_from_GEO_down,Myofibroblasts_UP→DOWNmatch
Drug_Perturbations_from_GEO_down,ciprofloxacin 2764 human GSE9166 sample 2624,12/332,8.332231942935399e-05,0.0006464919248581126,0,0,4.106039325842697,38.5671819720156,TAGLN;CD151;LGALS1;BAG2;CSRP1;TPM1;ALDH1A1;S100A6;ANXA6;FN1;DSTN;FILIP1L,Drug_Perturbations_from_GEO_down,Myofibroblasts_UP→DOWNmatch
Drug_Perturbations_from_GEO_down,pioglitazone 4829 mouse GSE1458 sample 2587,11/282,8.438162650015649e-05,0.0006489171099879291,0,0,4.430703580778824,41.56071237961291,AOC3;SPARC;CD151;LGALS1;FXYD1;S100A6;ANXA6;FN1;SPARCL1;DSTN;LPL,Drug_Perturbations_from_GEO_down,Myofibroblasts_UP→DOWNmatch
Drug_Perturbations_from_GEO_down,doxorubicin DB00997 human GSE12972 sample 2720,10/239,0.00010007151129247298,0.0007628258185364827,0,0,4.750363901018923,43.74907258656728,LDHB;PLA2G16;MLIP;SPARC;MME;COL4A2;SEMA3C;ANXA6;SPARCL1;LPL,Drug_Perturbations_from_GEO_down,Myofibroblasts_UP→DOWNmatch
Drug_Perturbations_from_GEO_down,PRISTANE 15979 mouse GSE17297 sample 3228,12/339,0.00010147225004603102,0.0007667772633913127,0,0,4.016699309349551,36.93646304142746,AOC3;PLA2G16;CSRP1;TPM2;FXYD1;PMP22;SPARCL1;LPL;MYH11;DYNLRB1;HADH;LPIN1,Drug_Perturbations_from_GEO_down,Myofibroblasts_UP→DOWNmatch
Drug_Perturbations_from_GEO_down,methamphetamine 10836 mouse GSE30305 sample 2621,11/290,0.0001081006596815414,0.0008098230453729264,0,0,4.301896237560321,39.28684253295573,CYFIP2;SOX2;EGR2;PGRMC1;NRN1;STMN1;MYH11;S100B;MYL9;WFDC2;KLK6,Drug_Perturbations_from_GEO_down,Myofibroblasts_UP→DOWNmatch
Drug_Perturbations_from_GEO_down,estradiol DB00783 human GSE24592 sample 2732,10/242,0.00011089291739427064,0.0008236405573984717,0,0,4.688218390804598,42.69534951987425,SOX2;TGFB2;RGCC;CALD1;CCSER2;NEDD9;ITGB8;FILIP1L;ACTG2;SOX4,Drug_Perturbations_from_GEO_down,Myofibroblasts_UP→DOWNmatch
Drug_Perturbations_from_GEO_down,heroin 5462328 mouse GSE30305 sample 2617,12/344,0.00011643164490585208,0.0008574499951117411,0,0,3.955191552727765,35.8269406299293,CYFIP2;NR4A2;GPM6A;FYCO1;PCP4;EGR2;PGRMC1;STMN1;SPARCL1;S100B;CRYAB;PDLIM7,Drug_Perturbations_from_GEO_down,Myofibroblasts_UP→DOWNmatch
Drug_Perturbations_from_GEO_down,troglitazone 5591 mouse GSE1458 sample 2589,11/295,0.00012564471357373564,0.0009175231604670276,0,0,4.225076717286962,37.94986033134343,AOC3;SPARC;CD151;LGALS1;S100A6;PMP22;ANXA6;FN1;SPARCL1;DSTN;LPL,Drug_Perturbations_from_GEO_down,Myofibroblasts_UP→DOWNmatch
Drug_Perturbations_from_GEO_down,pioglitazone DB01132 rat GSE21329 sample 2843,9/200,0.00012917615782696268,0.000935450676263588,0,0,5.107488935813254,45.73415938398404,RCAN1;ACTA1;PDLIM3;SGCA;SYNPO2;TPM1;SH3BP5;SPARCL1;NEXN,Drug_Perturbations_from_GEO_down,Myofibroblasts_UP→DOWNmatch
Drug_Perturbations_from_GEO_down,levetiracetam 5284583 rat GSE2880 sample 2671,11/297,0.00013331252341792856,0.0009574263045469414,0,0,4.195100988397078,37.43210745028932,LDHB;SERPINE2;STMN1;MAL;MBP;FXYD6;DYNLRB1;S100B;MT3;SNCA;BCAS1,Drug_Perturbations_from_GEO_down,Myofibroblasts_UP→DOWNmatch
Drug_Perturbations_from_GEO_down,permethrin DB04930 rat GSE7955 sample 3418,11/298,0.000137293586444045,0.0009779354640973368,0,0,4.180269791524731,37.1767652065332,NR4A1;CNN1;MFAP4;CADM3;SH3BGRL;SPARC;SEMA3C;NEXN;FILIP1L;CRYAB;BCAS1,Drug_Perturbations_from_GEO_down,Myofibroblasts_UP→DOWNmatch
Drug_Perturbations_from_GEO_down,Colorectal Adenocarcinoma DB00482 human GSE11237 sample 2458,11/299,0.00014137545642042905,0.0009988233465801045,0,0,4.165541589075109,36.92374135563166,SLC12A2;NR4A2;PCP4;AZGP1;CD151;ALDH1A1;NEDD9;MYH11;HADH;CES1;BCAS1,Drug_Perturbations_from_GEO_down,Myofibroblasts_UP→DOWNmatch
Drug_Perturbations_from_GEO_down,ethanol 702 human GSE44456 sample 3038,11/300,0.00014556019801269365,0.0010143022035566,0,0,4.150915311901954,36.673008131395264,SLC12A2;NR4A2;ACTA2;NR4A1;HHATL;PCP4;CRTAC1;MYH11;SEMA3E;OXR1;KLK6,Drug_Perturbations_from_GEO_down,Myofibroblasts_UP→DOWNmatch
Drug_Perturbations_from_GEO_down,alitretinoin DB00523 rat GSE3952 sample 2674,13/407,0.00014590077726648966,0.0010143022035566,0,0,3.619375376408844,31.96843622551228,CD151;LPL;PLAT;SERPINB9;PGRMC1;RGCC;STMN1;ALDH1A1;PMP22;SPARCL1;VIM;DYNLRB1;CRYAB,Drug_Perturbations_from_GEO_down,Myofibroblasts_UP→DOWNmatch
Drug_Perturbations_from_GEO_down,acrylamide 6579 rat GSE29004 sample 3131,10/252,0.00015440019871765823,0.0010648712117908,0,0,4.492194674012856,39.42333260083909,CYFIP2;NR4A2;GPM6A;NR4A1;PCP4;NRN1;PLP1;MBP;MT3;OXR1,Drug_Perturbations_from_GEO_down,Myofibroblasts_UP→DOWNmatch
Drug_Perturbations_from_GEO_down,Celecoxib DB00482 human GSE54657 sample 2501,10/253,0.00015944957786240193,0.0010910368752947,0,0,4.473479652491998,39.11513449516756,CPM;TAGLN;CSRP1;NEDD9;FILIP1;PLAT;LPIN1;FILIP1L;MYL9;ACTG2,Drug_Perturbations_from_GEO_down,Myofibroblasts_UP→DOWNmatch
Drug_Perturbations_from_GEO_down,"puromycin, EC50, 3 d 439530 human GSE6930 sample 3269",12/358,0.00016879646871678687,0.0011449710479455,0,0,3.792427096187569,32.94411977580367,PGRMC1;LGALS1;NRN1;SERPINE2;TNFAIP6;CSRP1;PEG10;TNC;FN1;DSTN;VIM;DYNLRB1,Drug_Perturbations_from_GEO_down,Myofibroblasts_UP→DOWNmatch
Drug_Perturbations_from_GEO_down,vitamin c DB00126 mouse GSE19379 sample 3512,10/255,0.00016996693346947082,0.0011449710479455,0,0,4.436507936507937,38.50847473571093,NR4A2;GPM6A;NR4A1;NRN1;TNFAIP6;NOV;SEMA3C;TNC;EFHD1;ASPN,Drug_Perturbations_from_GEO_down,Myofibroblasts_UP→DOWNmatch
Drug_Perturbations_from_GEO_down,sunitinib 5329102 rat GSE6929 sample 2491,13/414,0.0001724821114929412,0.0011529765760566,0,0,3.5549121546416447,30.804085336726235,TAGLN;SPARC;PLAT;NR4A2;ACTA2;NR4A1;PDLIM3;COL4A2;ALDH1B1;STMN1;NEK1;VIM;MYL9,Drug_Perturbations_from_GEO_down,Myofibroblasts_UP→DOWNmatch
Drug_Perturbations_from_GEO_down,SODIUM ARSENITE 443495 mouse GSE11056 sample 3359,11/308,0.000182999660111158,0.001213944310203,0,0,4.037450858679909,34.746408123112865,AOC3;MLIP;AZGP1;ACTC1;PLN;MPZ;PGAM2;CASQ2;ITGA8;PLP1;MBP,Drug_Perturbations_from_GEO_down,Myofibroblasts_UP→DOWNmatch
Drug_Perturbations_from_GEO_down,TRICHLOROETHYLENE 6575 mouse GSE24278 sample 3320,11/311,0.0001990040494594848,0.0013101099922749,0,0,3.996461824953445,34.05858855394752,AOC3;HHATL;ACTA1;CKM;SERPINE2;PGAM2;FHL1;NEXN;LPL;FBXO32;AIF1L,Drug_Perturbations_from_GEO_down,Myofibroblasts_UP→DOWNmatch
Drug_Perturbations_from_GEO_down,methylprednisolone 6741 rat GSE490 sample 3671,13/425,0.0002226567827731752,0.0014439458524618,0,0,3.458038505841698,29.08168562871788,SPARC;SERPINE2;TPM2;FN1;NEXN;LDHB;LGALS1;FXYD1;ALDH1A1;ANXA6;SPARCL1;VIM;DYNLRB1,Drug_Perturbations_from_GEO_down,Myofibroblasts_UP→DOWNmatch
Drug_Perturbations_from_GEO_down,doxycycline DB00254 human GSE2624 sample 3074,13/425,0.0002226567827731752,0.0014439458524618,0,0,3.458038505841698,29.08168562871788,CYFIP2;CD151;SERPINE2;TPM1;DSTN;NR4A1;LDHB;PGRMC1;LGALS1;CSRP1;COL4A2;PMP22;VIM,Drug_Perturbations_from_GEO_down,Myofibroblasts_UP→DOWNmatch
Drug_Perturbations_from_GEO_down,ethinyl estradiol DB00977 mouse GSE280 sample 2739,9/216,0.0002299691791131976,0.0014803201233286,0,0,4.708863800144127,39.448813794993136,CNN1;ACTA1;TAGLN;CSRP1;TPM1;S100A6;MYH11;PLAT;WFDC2,Drug_Perturbations_from_GEO_down,Myofibroblasts_UP→DOWNmatch
Drug_Perturbations_from_GEO_down,Cobalt dichloride hexahydrate 24643 rat GSE51207 sample 3116,11/317,0.00023459559561394305,0.0014989968572685,0,0,3.9168948771314858,32.73602627004924,PLA2G16;AZGP1;LGALS1;CKM;MIA;SEMA3C;EFHD1;NEDD9;PLAT;FILIP1L;CRYAB,Drug_Perturbations_from_GEO_down,Myofibroblasts_UP→DOWNmatch
Drug_Perturbations_from_GEO_down,Coenzyme Q10 5281915 mouse GSE15129 sample 3452,12/372,0.00024013029196407644,0.0015121248095419,0,0,3.642322097378277,30.35631031472236,CYFIP2;NR4A2;NR4A1;PCP4;EGR2;PGRMC1;NRN1;SERPINE2;ARPP21;DSTN;CRYAB;MT3,Drug_Perturbations_from_GEO_down,Myofibroblasts_UP→DOWNmatch
Drug_Perturbations_from_GEO_down,"puromycin, EC50, 5 d 439530 human GSE6930 sample 3270",12/372,0.00024013029196407644,0.0015121248095419,0,0,3.642322097378277,30.35631031472236,ACTA2;PGRMC1;SPARC;LGALS1;TNFAIP6;COL4A2;PEG10;ANXA6;FN1;DSTN;VIM;DYNLRB1,Drug_Perturbations_from_GEO_down,Myofibroblasts_UP→DOWNmatch
Drug_Perturbations_from_GEO_down,anastrozole DB01217 human GSE33658 sample 3087,13/433,0.0002665838078463478,0.0016649865458412,0,0,3.390772128060264,27.90545067613492,SLC12A2;EGR2;FGFBP2;MIA;NEXN;LPL;FBXO32;RERG;AZGP1;PEG10;FAM83D;CRYAB;CES1,Drug_Perturbations_from_GEO_down,Myofibroblasts_UP→DOWNmatch
Drug_Perturbations_from_GEO_down,formaldehyde 712 rat GSE7002 sample 3542,11/322,0.0002682371880526743,0.0016649865458412,0,0,3.852934308142773,31.685140605136425,NR4A2;SBSPON;RCAN1;PPP1R14A;PCP4;AZGP1;SGCA;COL9A3;MBP;CRYAB;BCAS1,Drug_Perturbations_from_GEO_down,Myofibroblasts_UP→DOWNmatch
Drug_Perturbations_from_GEO_down,Chromium(III) nicotinate 56843898 mouse GSE4420 sample 2590,11/323,0.0002754326197307878,0.001696034897268,0,0,3.840388196533448,31.480305441676077,AOC3;SH3BGRL;RGCC;SFRP5;MCAM;ALDH1A1;ANXA6;VIM;DYNLRB1;HADH;CRYAB,Drug_Perturbations_from_GEO_down,Myofibroblasts_UP→DOWNmatch
Drug_Perturbations_from_GEO_down,bleomycin DB00290 mouse GSE2640 sample 2851,10/271,0.00027714264144081623,0.001696034897268,0,0,4.161132396764581,34.083744887648514,NR4A1;LDHB;PGRMC1;ACTC1;CSRP1;FXYD1;ALDH1A1;FHL1;PMP22;WFDC2,Drug_Perturbations_from_GEO_down,Myofibroblasts_UP→DOWNmatch
Drug_Perturbations_from_GEO_down,Fasudil 3547 mouse GSE25829 sample 3277,12/379,0.0002845158279798609,0.0017289808008006,0,0,3.571564155160273,29.160827259039014,ACTA2;TAGLN;EGR2;LGALS1;TPM2;TPM1;SEMA3B;LMOD1;PLP1;WFDC1;SULF1;UACA,Drug_Perturbations_from_GEO_down,Myofibroblasts_UP→DOWNmatch
Drug_Perturbations_from_GEO_down,vitamin a DB00162 rat GSE284 sample 2839,12/381,0.00029841019423036214,0.0018008226304596,0,0,3.551840686946196,28.830438354110715,EGR2;PGRMC1;LGALS1;TPM1;STMN1;PMP22;SPARCL1;LPL;VIM;DYNLRB1;MYL9;CRYAB,Drug_Perturbations_from_GEO_down,Myofibroblasts_UP→DOWNmatch
Drug_Perturbations_from_GEO_down,Rosiglitazone DB00412 mouse GSE11343 sample 3255,10/274,0.0003024957742692763,0.001812888467862,0,0,4.113215488215488,33.3312082835643,AOC3;ACTA1;LDHB;PLA2G16;PCP4;RGCC;PRX;LPL;PMP2;HADH,Drug_Perturbations_from_GEO_down,Myofibroblasts_UP→DOWNmatch
Drug_Perturbations_from_GEO_down,lipopolysaccharide 11970143 human GSE40885 sample 2475,10/275,0.00031136618624554567,0.0018532686016943,0,0,4.09748427672956,33.08530434144536,AOC3;LDHB;EGR2;SH3BGRL;SPARC;MME;RNF13;ALDH1A1;SH3BP5;FN1,Drug_Perturbations_from_GEO_down,Myofibroblasts_UP→DOWNmatch
Drug_Perturbations_from_GEO_down,ubiquinol 9962735 mouse GSE15129 sample 3453,11/329,0.0003221177571544014,0.0019042199385522,0,0,3.76676856048628,30.28705432817964,CYFIP2;NR4A2;PCP4;NRN1;ARPP21;STMN1;DSTN;DYNLRB1;CRYAB;MT3;GPM6B,Drug_Perturbations_from_GEO_down,Myofibroblasts_UP→DOWNmatch
Drug_Perturbations_from_GEO_down,doxycycline DB00254 human GSE2624 sample 3077,12/391,0.0003768506956724526,0.0022127246928335,0,0,3.456345794669592,27.248660208723773,CYFIP2;LDHB;PGRMC1;SERPINE2;COL4A2;PEG10;TPM1;PMP22;SH3BP5;DSTN;LPL;VIM,Drug_Perturbations_from_GEO_down,Myofibroblasts_UP→DOWNmatch
Drug_Perturbations_from_GEO_down,decitabine DB01262 human GSE29077 sample 2538,11/337,0.00039459306802186033,0.0023013515175234,0,0,3.672824485039586,28.786333141881315,SH3BGRL;CD151;INPP5A;SERPINE2;CSRP1;TPM2;TGFB1I1;TPM1;ALDH1A1;FN1;VIM,Drug_Perturbations_from_GEO_down,Myofibroblasts_UP→DOWNmatch
Drug_Perturbations_from_GEO_down,decitabine DB01262 human GSE29077 sample 2548,10/284,0.0004014475596180543,0.0023257195287205,0,0,3.9610705596107056,30.977289471710293,LDHB;SH3BGRL;INPP5A;LGALS1;PEG10;DSTN;ITGA6;VIM;GYG1;CTNNAL1,Drug_Perturbations_from_GEO_down,Myofibroblasts_UP→DOWNmatch
Drug_Perturbations_from_GEO_down,d-serine 71077 rat GSE10748 sample 3390,8/186,0.0004144294510322917,0.0023850277678613,0,0,4.848005926657612,37.759216776997775,GPM6A;PCP4;PLP1;SPARCL1;MBP;VIM;MT3;BCAS1,Drug_Perturbations_from_GEO_down,Myofibroblasts_UP→DOWNmatch
Drug_Perturbations_from_GEO_down,Hydrogen Peroxide 784 mouse GSE3078 sample 3597,12/396,0.0004222060547778255,0.0024137964579074,0,0,3.410463483146068,26.499359520336743,EGR2;SH3BGRL;SPARC;COL4A2;TPM2;S100A6;ANXA6;FN1;ITGA7;PLAT;VIM;DYNLRB1,Drug_Perturbations_from_GEO_down,Myofibroblasts_UP→DOWNmatch
Drug_Perturbations_from_GEO_down,Cobalt dichloride hexahydrate 24643 rat GSE51207 sample 3115,12/397,0.0004318098872730119,0.0024525672682369,0,0,3.401430030643514,26.35266468231698,TGFB2;AZGP1;MIA;SH3BP5;NEDD9;SORBS2;SERPINB9;FILIP1L;LTBP1;WFDC2;MYLK;BCAS1,Drug_Perturbations_from_GEO_down,Myofibroblasts_UP→DOWNmatch
Drug_Perturbations_from_GEO_down,Hydrogen Peroxide 784 mouse GSE3078 sample 3599,12/401,0.0004720933856242288,0.0026639555331652,0,0,3.3657606654920422,25.77611846883606,PDLIM3;DES;CKM;COL4A2;SYNPO2;TGFB1I1;TNC;CASQ2;FN1;ITGA7;LPP;SOX4,Drug_Perturbations_from_GEO_down,Myofibroblasts_UP→DOWNmatch
Drug_Perturbations_from_GEO_down,Lipopolysaccharide 11970143 mouse GSE367 sample 3656,10/291,0.0004856716814679956,0.0027228947819076,0,0,3.861012257809411,29.45943748399213,CYFIP2;LDHB;PCP4;INPP5A;COL4A2;STMN1;SPARCL1;DSTN;MBP;ACTG2,Drug_Perturbations_from_GEO_down,Myofibroblasts_UP→DOWNmatch
Drug_Perturbations_from_GEO_down,Retinoic acid 444795 mouse GSE1588 sample 3631,11/347,0.0005040157661379914,0.0028076262870122,0,0,3.561685288640596,27.04353094295912,TAGLN;SPARC;CSRP1;COL4A2;MCAM;TGFB1I1;TPM1;STMN1;ANXA6;DSTN;LPP,Drug_Perturbations_from_GEO_down,Myofibroblasts_UP→DOWNmatch
Drug_Perturbations_from_GEO_down,decitabine DB01262 human GSE29077 sample 2547,10/296,0.0005544144787534402,0.0030687017964123,0,0,3.792540792540792,28.43494623965186,LDHB;SH3BGRL;INPP5A;RAP1A;PEG10;DSTN;ITGA6;VIM;GYG1;CTNNAL1,Drug_Perturbations_from_GEO_down,Myofibroblasts_UP→DOWNmatch
Drug_Perturbations_from_GEO_down,bleomycin DB00290 mouse GSE25640 sample 3121,8/201,0.0006913697995878513,0.0038025338977331,0,0,4.46780162842339,32.511458441688475,LDHB;PPP1R14A;SYNM;NRN1;ACTC1;PLN;PGAM2;CASQ2,Drug_Perturbations_from_GEO_down,Myofibroblasts_UP→DOWNmatch
Drug_Perturbations_from_GEO_down,vemurafenib DB08881 human GSE63790 sample 2509,10/306,0.0007162111070272594,0.0039143864906081,0,0,3.6625375375375375,26.522395936008543,EGR2;LGALS1;SERPINE2;KCNK12;TGFB1I1;FHL1;ANXA6;SPARCL1;FILIP1L;MYLK,Drug_Perturbations_from_GEO_down,Myofibroblasts_UP→DOWNmatch
Drug_Perturbations_from_GEO_down,Interferon beta-1a DB00060 human GSE26104 sample 3187,8/206,0.0008113282179050114,0.0044065263834965,0,0,4.353868353868354,30.98577521693993,LDHB;PPP1R14A;SPARC;FGFBP2;ALDH1A1;MAL;LPL;MYL9,Drug_Perturbations_from_GEO_down,Myofibroblasts_UP→DOWNmatch
Drug_Perturbations_from_GEO_down,resveratrol DB02709 human GSE36930 sample 3497,10/315,0.0008934030061476449,0.0048221565983994,0,0,3.552823315118397,24.9424993909039,NR4A2;LDHB;EGR2;RGCC;SPARC;CD151;ANXA6;SERPINB9;HAGH;SNCA,Drug_Perturbations_from_GEO_down,Myofibroblasts_UP→DOWNmatch
Drug_Perturbations_from_GEO_down,titanium dioxide NA mouse GSE7475 sample 2824,9/261,0.0009040262771908175,0.0048493755239433,0,0,3.859116022099448,27.047201729383755,ACTA1;COL4A2;SEMA3C;FHL1;FN1;ITGA8;LPL;HADH;MYLK,Drug_Perturbations_from_GEO_down,Myofibroblasts_UP→DOWNmatch
Drug_Perturbations_from_GEO_down,Perfluorooctanoic Acid 9554 mouse GSE13044 sample 3522,10/317,0.0009373055557246492,0.0049970461835872,0,0,3.529315960912052,24.60815987448956,AOC3;CNN1;ACTA1;MIA;MME;TGFB1I1;TNC;CASQ2;GPM6B;ASPN,Drug_Perturbations_from_GEO_down,Myofibroblasts_UP→DOWNmatch
Drug_Perturbations_from_GEO_down,Lipopolysaccharide 11970143 mouse GSE367 sample 3657,11/377,0.000994944190789538,0.0052372563832488,0,0,3.26470678023018,22.56834309616621,SLC12A2;PCP4;STMN1;ALDH1A1;PLP1;SPARCL1;DSTN;PLAT;MBP;AURKB;GPM6B,Drug_Perturbations_from_GEO_down,Myofibroblasts_UP→DOWNmatch
Drug_Perturbations_from_GEO_down,Lipopolysaccharide 11970143 human GSE3140 sample 3594,9/265,0.0010058607883532,0.0052372563832488,0,0,3.798040400552486,26.21373909115248,EGR2;PGRMC1;SPARC;CSRP1;TPM1;ALDH1A1;MYL9;SNCA;MYLK,Drug_Perturbations_from_GEO_down,Myofibroblasts_UP→DOWNmatch
Drug_Perturbations_from_GEO_down,lung cancer DB00928 human GSE29077 sample 2536,10/320,0.0010064692934436,0.0052372563832488,0,0,3.4946236559139785,24.11747007549256,SH3BGRL;PGRMC1;LGALS1;SERPINE2;PEG10;TPM1;ALDH1A1;S100A6;FN1;DSTN,Drug_Perturbations_from_GEO_down,Myofibroblasts_UP→DOWNmatch
Drug_Perturbations_from_GEO_down,deltamethrin 40585 rat GSE7955 sample 3420,10/320,0.0010064692934436,0.0052372563832488,0,0,3.4946236559139785,24.11747007549256,GPM6A;NR4A1;PCP4;SH3BGRL;SPARC;LGALS1;MAP3K7CL;NEXN;PLAT;KLK6,Drug_Perturbations_from_GEO_down,Myofibroblasts_UP→DOWNmatch
Drug_Perturbations_from_GEO_down,diethylstilbestrol DB00255 rat GSE4028 sample 2717,11/378,0.0010164397163092,0.0052576554373376,0,0,3.25564367588632,22.43610310923449,GPM6A;PCP4;SH3BGRL;PGRMC1;STMN1;ALDH1A1;PLAT;VIM;DYNLRB1;S100B;MT3,Drug_Perturbations_from_GEO_down,Myofibroblasts_UP→DOWNmatch
Drug_Perturbations_from_GEO_down,PRISTANE 15979 mouse GSE17297 sample 3226,9/267,0.0010601607517488,0.0054513591317734,0,0,3.768212771424901,25.809750604457196,AOC3;PLA2G16;RGCC;FXYD1;SPARCL1;LPL;DYNLRB1;HADH;LPIN1,Drug_Perturbations_from_GEO_down,Myofibroblasts_UP→DOWNmatch
Drug_Perturbations_from_GEO_down,"2,3-dimethoxy-1,4-naphtoquinone (DMNQ) 3136 human GSE39843 sample 3681",10/323,0.0010797643905948,0.0055195015025113,0,0,3.4605963791267307,23.639376841238757,NR4A2;TGFB2;AZGP1;EGR2;SPARC;TNFAIP6;MAL;CRYAB;RERG;KLK6,Drug_Perturbations_from_GEO_down,Myofibroblasts_UP→DOWNmatch
Drug_Perturbations_from_GEO_down,laminin 44342165 human GSE24716 sample 3502,9/268,0.0010881882691866,0.0055300327831764,0,0,3.753471703747947,25.61084241166329,EGR2;NRN1;SEMA3C;NUBPL;PLP1;SPARCL1;HSD17B6;FILIP1L;SOX4,Drug_Perturbations_from_GEO_down,Myofibroblasts_UP→DOWNmatch
Drug_Perturbations_from_GEO_down,rosiglitazone DB00412 mouse GSE2431 sample 2808,11/382,0.0011063011129682,0.0055570847813258,0,0,3.2198798355644564,21.91686284439857,AZGP1;SH3BGRL;PGRMC1;LGALS1;RNF13;FXYD1;ALDH1A1;ANXA6;DSTN;HAGH;WFDC2,Drug_Perturbations_from_GEO_down,Myofibroblasts_UP→DOWNmatch
Drug_Perturbations_from_GEO_down,phenytoin 1775 rat GSE2880 sample 2670,11/382,0.0011063011129682,0.0055570847813258,0,0,3.2198798355644564,21.91686284439857,SLC12A2;PPP1R14A;RNF13;PLLP;PMP22;FN1;DSTN;VIM;DYNLRB1;S100B;KLK6,Drug_Perturbations_from_GEO_down,Myofibroblasts_UP→DOWNmatch
Drug_Perturbations_from_GEO_down,heroin 5462328 mouse GSE30305 sample 2613,12/443,0.0011235406436735,0.0056112460882316,0,0,3.031205193044657,20.58573377359706,CYFIP2;SOX2;ACTA2;PPP1R14A;PCP4;PGRMC1;STMN1;SPARCL1;S100B;CRYAB;GPM6B;WFDC2,Drug_Perturbations_from_GEO_down,Myofibroblasts_UP→DOWNmatch
Drug_Perturbations_from_GEO_down,bexarotene 82146 rat GSE3952 sample 3564,9/275,0.0013016385240968,0.0064268402127283,0,0,3.653387612678104,24.27358737204882,LDHB;PLA2G16;PCP4;CD151;STMN1;LPL;SERPINB9;VIM;S100B,Drug_Perturbations_from_GEO_down,Myofibroblasts_UP→DOWNmatch
Drug_Perturbations_from_GEO_down,Laccaic Acid 5355255 human GSE45804 sample 2490,9/275,0.0013016385240968,0.0064268402127283,0,0,3.653387612678104,24.27358737204882,TGFB2;PCP4;MME;PLLP;FN1;ITGB8;FILIP1L;KLK6;BCAS1,Drug_Perturbations_from_GEO_down,Myofibroblasts_UP→DOWNmatch
Drug_Perturbations_from_GEO_down,diethylstilbestrol DB00255 mouse GSE1839 sample 2718,10/332,0.0013263007285888,0.0065116120516591,0,0,3.36231884057971,22.276578197636823,SH3BGRL;PGRMC1;LGALS1;COL4A2;MCAM;ALDH1A1;SPARCL1;PLAT;HADH;MYLK,Drug_Perturbations_from_GEO_down,Myofibroblasts_UP→DOWNmatch
Drug_Perturbations_from_GEO_down,corticosterone 5753 rat GSE37618 sample 3094,9/281,0.0015104038567629,0.0073635167629689,0,0,3.5717013324666884,23.199551004335703,TGFB2;ARPP21;PLLP;STMN1;PLP1;MAL;LPL;PLAT;CRYAB,Drug_Perturbations_from_GEO_down,Myofibroblasts_UP→DOWNmatch
Drug_Perturbations_from_GEO_down,trovafloxacin 62959 human GSE9166 sample 2629,12/459,0.0015167658234424,0.0073635167629689,0,0,2.920292587286027,18.956130114757503,CD151;LGALS1;CSRP1;TPM1;ALDH1A1;S100A6;ANXA6;FN1;DSTN;VIM;FILIP1L;CTNNAL1,Drug_Perturbations_from_GEO_down,Myofibroblasts_UP→DOWNmatch
Drug_Perturbations_from_GEO_down,Mehp 20393 rat GSE4514 sample 3576,8/228,0.0015529481899575,0.0074972887615174,0,0,3.914085914085914,25.314742436182566,LDHB;SPARC;SLMAP;STMN1;ALDH1A1;VIM;MT3;OXR1,Drug_Perturbations_from_GEO_down,Myofibroblasts_UP→DOWNmatch
Drug_Perturbations_from_GEO_down,vemurafenib DB08881 human GSE63790 sample 2508,10/341,0.0016169292745496,0.00776304718002,0,0,3.269385699899295,21.01308220649919,PLA2G16;EGR2;LGALS1;SERPINE2;KCNK12;TGFB1I1;FHL1;ANXA6;FILIP1L;MYLK,Drug_Perturbations_from_GEO_down,Myofibroblasts_UP→DOWNmatch
Drug_Perturbations_from_GEO_down,creatine 586 mouse GSE5140 sample 3205,7/179,0.0016451257636295,0.0078550235637037,0,0,4.367327487609607,27.99430036749716,SPARC;ALDH1A1;PLP1;SPARCL1;DSTN;MBP;S100B,Drug_Perturbations_from_GEO_down,Myofibroblasts_UP→DOWNmatch
Drug_Perturbations_from_GEO_down,lung cancer DB00928 human GSE29077 sample 2534,10/344,0.0017245632204965,0.0081893193366746,0,0,3.2395209580838324,20.61236391104118,INPP5A;SERPINE2;CSRP1;COL4A2;PEG10;TPM1;S100A6;FN1;DSTN;VIM,Drug_Perturbations_from_GEO_down,Myofibroblasts_UP→DOWNmatch
Drug_Perturbations_from_GEO_down,levetiracetam DB01202 rat GSE2880 sample 2777,7/181,0.0017526492122374,0.0082752535949361,0,0,4.316688650210414,27.39641187544285,LDHB;NR4A1;SPARCL1;DYNLRB1;S100B;GPM6B;SNCA,Drug_Perturbations_from_GEO_down,Myofibroblasts_UP→DOWNmatch
Drug_Perturbations_from_GEO_down,phorbol ester 12-O-tetradecanoylphorbol-13-acetate (TPA) 27924 mouse GSE40849 sample 3257,10/345,0.0017617053107746,0.0082752535949361,0,0,3.229684908789386,20.480959687843438,PDLIM3;ACTC1;ARPP21;NOV;TPM1;CASQ2;EFHD1;FLNC;FBXO32;AIF1L,Drug_Perturbations_from_GEO_down,Myofibroblasts_UP→DOWNmatch
Drug_Perturbations_from_GEO_down,cyclosporine DB00091 mouse GSE1809 sample 3299,10/346,0.0017994930253718,0.0084073088120868,0,0,3.2199074074074074,20.35062077799753,ACTA1;PLA2G16;BAG2;COL4A2;SGCA;SYNPO2;FHL1;ITGA7;SERPINB9;FLNC,Drug_Perturbations_from_GEO_down,Myofibroblasts_UP→DOWNmatch
Drug_Perturbations_from_GEO_down,Interferon beta-1a DB00060 human GSE26104 sample 3188,8/234,0.0018280663864365,0.0084506093181809,0,0,3.8090051541378975,24.013859625333247,GPM6A;PPP1R14A;SPARC;TRBC2;TGFB1I1;ALDH1A1;LPL;MYL9,Drug_Perturbations_from_GEO_down,Myofibroblasts_UP→DOWNmatch
Drug_Perturbations_from_GEO_down,bleomycin DB00290 mouse GSE43695 sample 3104,9/289,0.0018298050984439,0.0084506093181809,0,0,3.468232044198895,21.862159609797462,GPM6A;CPM;LDHB;TSPAN15;NRN1;ACTC1;MME;SEMA3B;ITGA8,Drug_Perturbations_from_GEO_down,Myofibroblasts_UP→DOWNmatch
Drug_Perturbations_from_GEO_down,lubiprostone DB01046 mouse GSE18327 sample 2778,10/347,0.0018379345927919,0.0084506093181809,0,0,3.2101879327398617,20.22133603157835,TAGLN;PGRMC1;SPARC;LGALS1;MME;ALDH1A1;PMP22;DSTN;MYL9;ACTG2,Drug_Perturbations_from_GEO_down,Myofibroblasts_UP→DOWNmatch
Drug_Perturbations_from_GEO_down,clinafloxacin 60063 human GSE9166 sample 2625,12/470,0.0018481978419459,0.0084530732876371,0,0,2.848535400618222,17.927383603340136,CD151;LGALS1;DUSP3;CSRP1;TPM1;ALDH1A1;S100A6;ANXA6;FN1;DSTN;VIM;FILIP1L,Drug_Perturbations_from_GEO_down,Myofibroblasts_UP→DOWNmatch
Drug_Perturbations_from_GEO_down,Y15 23627197 human GSE43452 sample 2553,8/235,0.0018774426857482,0.0085418727430115,0,0,3.792031756789466,23.805786473002318,TSPAN15;PEG10;NEXN;LPIN1;FAM83D;CTNNAL1;AURKB;GPM6B,Drug_Perturbations_from_GEO_down,Myofibroblasts_UP→DOWNmatch
Drug_Perturbations_from_GEO_down,"2,3,7,8-tetrachlorodibenzo-p-dioxin 10852289 rat GSE48100 sample 3112",9/292,0.0019626715581555,0.0088831332501935,0,0,3.430939226519337,21.3865836406032,PLA2G16;INPP5A;STMN1;WFDC1;PLAT;FXYD6;SERPINB9;DYNLRB1;S100B,Drug_Perturbations_from_GEO_down,Myofibroblasts_UP→DOWNmatch
Drug_Perturbations_from_GEO_down,fluoxetine DB00472 mouse GSE35765 sample 2500,8/237,0.0019793527379836,0.0089122151777605,0,0,3.75852967992706,23.39679233688573,NR4A1;EGR2;LGALS1;PPP1R1A;S100A6;VIM;DYNLRB1;CRYAB,Drug_Perturbations_from_GEO_down,Myofibroblasts_UP→DOWNmatch
Drug_Perturbations_from_GEO_down,estradiol 5757 human GSE12446 sample 3203,9/293,0.0020086352592,0.0089974435064168,0,0,3.4186833709438957,21.231048528487705,MFAP4;TAGLN;CSRP1;CALD1;ALDH1A1;S100A6;DSTN;EFHD1;ASPN,Drug_Perturbations_from_GEO_down,Myofibroblasts_UP→DOWNmatch
Drug_Perturbations_from_GEO_down,1-Piperonylpiperazine 94426 rat GSE68785 sample 3690,10/353,0.0020827828995325,0.0092817350753525,0,0,3.153061224489796,19.46715874728532,SHC4;LDHB;AZGP1;FXYD1;ALDH1A1;VWA1;VIM;HSD17B6;HADH;FILIP1L,Drug_Perturbations_from_GEO_down,Myofibroblasts_UP→DOWNmatch
Drug_Perturbations_from_GEO_down,morphine 5288826 mouse GSE7762 sample 3487,9/296,0.002151709183957,0.0095239418839736,0,0,3.3824282441719444,20.7731586518859,SOX2;PTPRE;PPP1R14A;PLLP;MCAM;NEXN;MAL;CRYAB;BCAS1,Drug_Perturbations_from_GEO_down,Myofibroblasts_UP→DOWNmatch
Drug_Perturbations_from_GEO_down,lung cancer DB00928 human GSE29077 sample 2535,10/355,0.0021700120748294,0.0095239418839736,0,0,3.134460547504026,19.22371721054834,SH3BGRL;PGRMC1;LGALS1;SERPINE2;PEG10;TPM1;ALDH1A1;S100A6;FN1;DSTN,Drug_Perturbations_from_GEO_down,Myofibroblasts_UP→DOWNmatch
Drug_Perturbations_from_GEO_down,isotretinoin 5282379 human GSE10433 sample 2498,10/355,0.0021700120748294,0.0095239418839736,0,0,3.134460547504026,19.22371721054834,MFAP4;CPM;PGRMC1;BAG2;TNFAIP6;MME;ALDH1A1;SULF1;SCRG1;ASPN,Drug_Perturbations_from_GEO_down,Myofibroblasts_UP→DOWNmatch
Drug_Perturbations_from_GEO_down,methamphetamine 10836 mouse GSE30305 sample 2619,10/356,0.0022147179881809,0.009671306189594,0,0,3.1252408477842004,19.103441596866475,CYFIP2;SOX2;PCP4;SPARC;STMN1;SPARCL1;EFHD1;S100B;CRYAB;GPM6B,Drug_Perturbations_from_GEO_down,Myofibroblasts_UP→DOWNmatch
Drug_Perturbations_from_GEO_down,NICKEL CHLORIDE 24385 rat GSE31503 sample 3279,10/358,0.0023063564249967,0.010021118666611,0,0,3.1069604086845466,18.865731747440183,GPM6A;PLA2G16;AZGP1;LGALS1;SEMA3C;ALDH1B1;SORBS2;SERPINB9;CRYAB;MYLK,Drug_Perturbations_from_GEO_down,Myofibroblasts_UP→DOWNmatch
Drug_Perturbations_from_GEO_down,BPDE 41322 human GSE19510 sample 3379,9/300,0.0023549971381637,0.0101815547913645,0,0,3.3352508970780885,20.182322814404625,LDHB;TAGLN;COL4A2;S100A6;TNC;FN1;PLAT;VIM;FAM83D,Drug_Perturbations_from_GEO_down,Myofibroblasts_UP→DOWNmatch
Drug_Perturbations_from_GEO_down,rosiglitazone 77999 mouse GSE1458 sample 2588,9/301,0.0024081331180388,0.0103597409879986,0,0,3.323658518126088,20.03801637796424,AOC3;SPARC;LGALS1;FXYD1;S100A6;FN1;SPARCL1;DSTN;LPL,Drug_Perturbations_from_GEO_down,Myofibroblasts_UP→DOWNmatch
Drug_Perturbations_from_GEO_down,formaldehyde 712 rat GSE7002 sample 3551,8/246,0.0024931644135545,0.0106727087457088,0,0,3.614738202973497,21.6674728690201,ACTA1;CPM;SPARC;CKM;PMP22;EFHD1;NEDD9;LTBP1,Drug_Perturbations_from_GEO_down,Myofibroblasts_UP→DOWNmatch
Drug_Perturbations_from_GEO_down,methamphetamine 10836 mouse GSE30305 sample 2609,9/303,0.0025172648093319,0.010723054506419,0,0,3.3007103393843726,19.753372872703547,NR4A2;ACTA2;HHATL;MLIP;PCP4;NRN1;CRTAC1;UACA;KLK6,Drug_Perturbations_from_GEO_down,Myofibroblasts_UP→DOWNmatch
Drug_Perturbations_from_GEO_down,bexarotene 82146 rat GSE3952 sample 3562,10/363,0.0025488577159934,0.0107870757732064,0,0,3.062165564998426,18.287589514866376,PGRMC1;RGCC;CD151;ALDH1A1;PMP22;SPARCL1;LPL;SERPINB9;VIM;CRYAB,Drug_Perturbations_from_GEO_down,Myofibroblasts_UP→DOWNmatch
Drug_Perturbations_from_GEO_down,methamphetamine 10836 mouse GSE30305 sample 2665,11/425,0.0025571203789189,0.0107870757732064,0,0,2.8790651229320163,17.184775533155225,CYFIP2;NR4A2;ACTA2;GPM6A;MLIP;TGFB2;PGRMC1;NRN1;STMN1;SPARCL1;GPM6B,Drug_Perturbations_from_GEO_down,Myofibroblasts_UP→DOWNmatch
Drug_Perturbations_from_GEO_down,fluticasone 5311101 human GSE15823 sample 3090,8/249,0.0026858681697071,0.0112754562293504,0,0,3.5691942911859926,21.128742411754303,SLC12A2;SMTN;PGRMC1;LGALS1;TRBC2;ANXA6;VIM;MYLK,Drug_Perturbations_from_GEO_down,Myofibroblasts_UP→DOWNmatch
Drug_Perturbations_from_GEO_down,bexarotene DB00307 human GSE12791 sample 2681,8/253,0.0029607128608772,0.0123695167120303,0,0,3.510204081632653,20.4375497106408,LDHB;LGALS1;S100A6;DSTN;PLAT;VIM;FILIP1L;CTNNAL1,Drug_Perturbations_from_GEO_down,Myofibroblasts_UP→DOWNmatch
Drug_Perturbations_from_GEO_down,FENRETINIDE 5288209 rat GSE3952 sample 3563,8/255,0.0031061146713142,0.0129148978438857,0,0,3.48142545713396,20.103082706974742,PLA2G16;DYNC1LI2;EGR2;CD151;LPL;VIM;S100B;LTBP1,Drug_Perturbations_from_GEO_down,Myofibroblasts_UP→DOWNmatch
Drug_Perturbations_from_GEO_down,decitabine 451668 mouse GSE4768 sample 3105,9/313,0.003123275656021,0.0129244121194392,0,0,3.190498691480081,18.40558156051184,NR4A1;MFAP4;SPARC;TNFAIP6;NOV;LAMA4;STMN1;LPL;ASPN,Drug_Perturbations_from_GEO_down,Myofibroblasts_UP→DOWNmatch
Drug_Perturbations_from_GEO_down,Perfluorooctanoic Acid 9554 mouse GSE13044 sample 3520,9/314,0.0031897041261922,0.0131163250859844,0,0,3.1798750113214385,18.2773718184163,ACTA1;CPM;AZGP1;NRN1;ACTC1;ALDH1B1;PMP22;HSD17B6;LPIN1,Drug_Perturbations_from_GEO_down,Myofibroblasts_UP→DOWNmatch
Drug_Perturbations_from_GEO_down,1-[3-(Trifluoromethyl)phenyl]piperazine 4296 rat GSE68785 sample 3688,10/375,0.0032149335366106,0.0131163250859844,0,0,2.9596651445966518,16.988325786655253,RCAN1;GPM6A;AZGP1;SH3BGRL;ALDH1A1;SORBS2;HSD17B6;HADH;FILIP1L;MYLK,Drug_Perturbations_from_GEO_down,Myofibroblasts_UP→DOWNmatch
Drug_Perturbations_from_GEO_down,Bisphenol A 6623 mouse GSE4650 sample 3575,10/375,0.0032149335366106,0.0131163250859844,0,0,2.9596651445966518,16.988325786655253,PGRMC1;SPARC;CD151;STMN1;ALDH1A1;S100A6;DSTN;DYNLRB1;HADH;SOX4,Drug_Perturbations_from_GEO_down,Myofibroblasts_UP→DOWNmatch
Drug_Perturbations_from_GEO_down,estradiol 5757 human GSE24592 sample 3346,8/257,0.0032570195528419,0.0131653199295682,0,0,3.453109139856128,19.7757583513074,SOX2;TGFB2;RGCC;CALD1;LMOD1;NEDD9;ACTG2;SOX4,Drug_Perturbations_from_GEO_down,Myofibroblasts_UP→DOWNmatch
Drug_Perturbations_from_GEO_down,diethylstilbestrol DB00255 rat GSE4028 sample 2715,9/315,0.0032572425602499,0.0131653199295682,0,0,3.169320766980825,18.150301591648795,GPM6A;PCP4;SH3BGRL;PGRMC1;STMN1;ALDH1A1;S100A6;PLAT;DYNLRB1,Drug_Perturbations_from_GEO_down,Myofibroblasts_UP→DOWNmatch
Drug_Perturbations_from_GEO_down,fenretinide 5288209 rat GSE3952 sample 3561,7/203,0.0033316807200914,0.0134038451192567,0,0,3.827868852459016,21.8352295425682,RGCC;CD151;ALDH1A1;PMP22;LPL;VIM;CRYAB,Drug_Perturbations_from_GEO_down,Myofibroblasts_UP→DOWNmatch
Drug_Perturbations_from_GEO_down,N-METHYLFORMAMIDE 31254 rat GSE5509 sample 3570,9/317,0.003395700645061,0.0135984509703136,0,0,3.1484178804620795,17.899527528183867,RCAN1;PLA2G16;AZGP1;ALDH1B1;FN1;HSD17B6;HAGH;HADH;WFDC2,Drug_Perturbations_from_GEO_down,Myofibroblasts_UP→DOWNmatch
Drug_Perturbations_from_GEO_down,estradiol DB00783 human GSE1153 sample 2735,11/443,0.0035047078725396,0.0139706015653069,0,0,2.756543554727912,15.584527252509703,TGFB2;SH3BGRL;SPARC;LGALS1;SERPINE2;CSRP1;SCRN1;FN1;DSTN;VIM;MYL9,Drug_Perturbations_from_GEO_down,Myofibroblasts_UP→DOWNmatch
Drug_Perturbations_from_GEO_down,Calcitonin 16132288 mouse GSE60761 sample 3446,10/380,0.0035304574125298,0.0140089839793991,0,0,2.918918918918919,16.48117314820557,SH3BGRL;SPARC;RAP1A;SERPINE2;CALD1;STMN1;S100A6;LPL;ITGA6;VIM,Drug_Perturbations_from_GEO_down,Myofibroblasts_UP→DOWNmatch
Drug_Perturbations_from_GEO_down,etanercept DB00005 human GSE11903 sample 2607,8/262,0.0036592742767696,0.0143887300747185,0,0,3.3842692740330538,18.98741039570984,NR4A2;TNFAIP6;TNC;WFDC1;PLAT;FILIP1L;AURKB;KLK6,Drug_Perturbations_from_GEO_down,Myofibroblasts_UP→DOWNmatch
Drug_Perturbations_from_GEO_down,ANGIOTENSIN II 172198 mouse GSE17901 sample 3679,8/262,0.0036592742767696,0.0143887300747185,0,0,3.3842692740330538,18.98741039570984,GPM6A;ACTC1;PLN;SGCA;P2RX1;MAP3K7CL;NEXN;WFDC2,Drug_Perturbations_from_GEO_down,Myofibroblasts_UP→DOWNmatch
Drug_Perturbations_from_GEO_down,"puromycin, 2xEC50, 3 d 439530 human GSE6930 sample 3372",9/321,0.0036865043278615,0.0144305056797822,0,0,3.107416064598385,17.411090258398488,LGALS1;SERPINE2;CSRP1;COL4A2;PEG10;TNC;FN1;DSTN;VIM,Drug_Perturbations_from_GEO_down,Myofibroblasts_UP→DOWNmatch
Drug_Perturbations_from_GEO_down,levofloxacin 149096 human GSE9166 sample 2628,10/383,0.0037312840314197,0.0145402951717658,0,0,2.894995531724754,16.185928298186905,TAGLN;CD151;CSRP1;TPM1;ALDH1A1;S100A6;ANXA6;FN1;DSTN;MYLK,Drug_Perturbations_from_GEO_down,Myofibroblasts_UP→DOWNmatch
Drug_Perturbations_from_GEO_down,formaldehyde 712 rat GSE7002 sample 3544,9/323,0.0038390592738717,0.0148934933437258,0,0,3.087306893760777,17.17323080390172,RCAN1;ACTA1;CKM;SCRN1;STMN1;PGAM2;FN1;CCSER2;ARHGAP24,Drug_Perturbations_from_GEO_down,Myofibroblasts_UP→DOWNmatch
Drug_Perturbations_from_GEO_down,trovafloxacin DB00685 human GSE9166 sample 3036,11/451,0.0040076166375749,0.0153576026653475,0,0,2.7053072625698324,14.93210188311683,CD151;LGALS1;CSRP1;TPM1;ALDH1A1;S100A6;ANXA6;FN1;VIM;FILIP1L;CTNNAL1,Drug_Perturbations_from_GEO_down,Myofibroblasts_UP→DOWNmatch
Drug_Perturbations_from_GEO_down,gatifloxacin 5379 human GSE9166 sample 2626,8/266,0.0040079531976014,0.0153576026653475,0,0,3.331118493909192,18.386023891781598,TAGLN;CD151;LGALS1;CSRP1;TPM1;ALDH1A1;FN1;DSTN,Drug_Perturbations_from_GEO_down,Myofibroblasts_UP→DOWNmatch
Drug_Perturbations_from_GEO_down,sevoflurane DB01236 human GSE4386 sample 2816,7/210,0.0040117097871506,0.0153576026653475,0,0,3.694554362163181,20.388537708536703,GPM6A;SPARC;PLN;SEMA3C;TPM1;NEXN;SULF1,Drug_Perturbations_from_GEO_down,Myofibroblasts_UP→DOWNmatch
Drug_Perturbations_from_GEO_down,morphine 5288826 mouse GSE7762 sample 3492,9/328,0.0042421612443174,0.016168588251368,0,0,3.038137134345936,16.59637828955757,PCP4;PGRMC1;PNCK;RAP1A;SERPINE2;PLP1;NEXN;LPL;BCAS1,Drug_Perturbations_from_GEO_down,Myofibroblasts_UP→DOWNmatch
Drug_Perturbations_from_GEO_down,ubiquinol 9962735 mouse GSE15129 sample 3455,8/269,0.0042858936207567,0.016263936927675,0,0,3.292324533703844,17.951156554395997,NR4A1;RAP1A;ACTC1;PLN;FHL1;S100A6;DYNLRB1;CRYAB,Drug_Perturbations_from_GEO_down,Myofibroblasts_UP→DOWNmatch
Drug_Perturbations_from_GEO_down,Rosiglitazone effect on PRDM16-deficient inguinal white adipose tissue 77999 mouse GSE35011 sample 3099,9/329,0.0043266115929696,0.0163470672795245,0,0,3.0284875690607733,16.48396875650477,PLA2G16;SH3BGRL;LGALS1;FXYD1;FHL1;PMP22;LPL;HADH;LPIN1,Drug_Perturbations_from_GEO_down,Myofibroblasts_UP→DOWNmatch
Drug_Perturbations_from_GEO_down,estradiol DB00783 rat GSE5315 sample 2537,7/215,0.0045584617849152,0.0170745831512557,0,0,3.604823455233291,19.432774282801383,LGALS1;PPP1R1A;PLLP;PLP1;MAL;MBP;DYNLRB1,Drug_Perturbations_from_GEO_down,Myofibroblasts_UP→DOWNmatch
Drug_Perturbations_from_GEO_down,HYPOCHLOROUS ACID 24341 human GSE11630 sample 3197,7/215,0.0045584617849152,0.0170745831512557,0,0,3.604823455233291,19.432774282801383,RCAN1;LDHB;LGALS1;RAP1A;S100A6;VIM;WFDC2,Drug_Perturbations_from_GEO_down,Myofibroblasts_UP→DOWNmatch
Drug_Perturbations_from_GEO_down,tretinoin DB00755 mouse GSE31280 sample 2829,7/216,0.0046742496322719,0.0174331456242245,0,0,3.587392475226815,19.24882386094038,GPM6A;TGFB2;MIA;TNFAIP6;SEMA3C;LPL;VIM,Drug_Perturbations_from_GEO_down,Myofibroblasts_UP→DOWNmatch
Drug_Perturbations_from_GEO_down,alfacalcidol 5282181 human GSE15947 sample 3363,9/334,0.0047687610238426,0.0177096296141847,0,0,2.9811304717382066,15.936136006170925,SPARC;COL4A2;TNC;ANXA6;FN1;EFHD1;MYL9;LTBP1;RERG,Drug_Perturbations_from_GEO_down,Myofibroblasts_UP→DOWNmatch
Drug_Perturbations_from_GEO_down,Perfluorooctanoic Acid 9554 mouse GSE13044 sample 3521,9/335,0.004861266665099,0.0179526013563375,0,0,2.9718333728773345,15.829340426127796,ACTA1;CPM;AZGP1;NRN1;ALDH1B1;PMP22;HSD17B6;LPIN1;MYL9,Drug_Perturbations_from_GEO_down,Myofibroblasts_UP→DOWNmatch
Drug_Perturbations_from_GEO_down,Bisphenol A 6623 mouse GSE4650 sample 3574,10/398,0.0048755050864161,0.0179526013563375,0,0,2.7809278350515463,14.804357130544153,PGRMC1;SPARC;CD151;STMN1;ALDH1A1;S100A6;DSTN;DYNLRB1;HADH;SOX4,Drug_Perturbations_from_GEO_down,Myofibroblasts_UP→DOWNmatch
Drug_Perturbations_from_GEO_down,levetiracetam 5284583 rat GSE2880 sample 2669,10/399,0.0049606186669257,0.0181889351120612,0,0,2.7736361039702944,14.717536722080624,PPP1R14A;DYNC1LI2;PCP4;DUSP3;CSRP1;PLLP;MAL;VIM;DYNLRB1;KLK6,Drug_Perturbations_from_GEO_down,Myofibroblasts_UP→DOWNmatch
Drug_Perturbations_from_GEO_down,quercetin DB04216 mouse GSE4262 sample 3433,8/277,0.0050999432922666,0.0185433084559822,0,0,3.1931042934760407,16.85488358192743,MFAP4;PLA2G16;MME;PGAM2;FHL1;VWA1;NCMAP;ACTG2,Drug_Perturbations_from_GEO_down,Myofibroblasts_UP→DOWNmatch
Drug_Perturbations_from_GEO_down,morphine 5288826 mouse GSE7762 sample 3490,8/277,0.0050999432922666,0.0185433084559822,0,0,3.1931042934760407,16.85488358192743,SOX2;PCP4;PGRMC1;PLP1;NEXN;PMP2;MT3;BCAS1,Drug_Perturbations_from_GEO_down,Myofibroblasts_UP→DOWNmatch
Drug_Perturbations_from_GEO_down,medroxyprogesterone acetate DB00603 mouse GSE10392 sample 2779,8/282,0.0056657689789479,0.0205148051779408,0,0,3.1340338493623165,16.21333696352035,PCP4;TAGLN;TPM1;STMN1;MAL;MYL9;MYLK;BCAS1,Drug_Perturbations_from_GEO_down,Myofibroblasts_UP→DOWNmatch
Drug_Perturbations_from_GEO_down,alpha-Tocopherol 14985 mouse GSE8150 sample 3477,8/286,0.0061519407588659,0.022182724147114,0,0,3.0883073760771604,15.722534792538848,NR4A1;LDHB;CADM3;PCP4;NRN1;STMN1;S100B;MT3,Drug_Perturbations_from_GEO_down,Myofibroblasts_UP→DOWNmatch
Drug_Perturbations_from_GEO_down,Retinoic acid 444795 mouse GSE1588 sample 3632,9/350,0.0064236307093191,0.0230666739107369,0,0,2.838920302652258,14.330221818030726,SLC12A2;SOX2;ACTA2;ACTA1;SH3BGRL;LGALS1;FHL1;S100A6;DSTN,Drug_Perturbations_from_GEO_down,Myofibroblasts_UP→DOWNmatch
Drug_Perturbations_from_GEO_down,HYPOCHLOROUS ACID 24341 human GSE11630 sample 3202,8/289,0.0065369157402675,0.0232882624576616,0,0,3.054866841343709,15.366865585987018,RCAN1;RAP1A;SERPINE2;TPM1;ALDH1A1;S100A6;FN1;VIM,Drug_Perturbations_from_GEO_down,Myofibroblasts_UP→DOWNmatch
Drug_Perturbations_from_GEO_down,dexamethasone DB01234 mouse GSE7683 sample 3524,7/230,0.0065389367545102,0.0232882624576616,0,0,3.3597735793574945,16.899596268913538,SPARC;LGALS1;ACTC1;STMN1;FN1;VIM;SULF1,Drug_Perturbations_from_GEO_down,Myofibroblasts_UP→DOWNmatch
Drug_Perturbations_from_GEO_down,dexamethasone DB01234 rat GSE15563 sample 2713,8/291,0.0068035410574383,0.0241317435874038,0,0,3.032967032967033,15.13545195794894,SLC12A2;NR4A2;NR4A1;PGRMC1;MYOC;RNF13;PLAT;SORBS2,Drug_Perturbations_from_GEO_down,Myofibroblasts_UP→DOWNmatch
Drug_Perturbations_from_GEO_down,methamphetamine 10836 mouse GSE30305 sample 2616,7/232,0.0068448445217565,0.0241795523959612,0,0,3.3295689131754704,16.59543560171294,NR4A2;TGFB2;PCP4;NRN1;S100A6;UACA;CRYAB,Drug_Perturbations_from_GEO_down,Myofibroblasts_UP→DOWNmatch
Drug_Perturbations_from_GEO_down,"puromycin, 2xEC50, 1d 439530 human GSE6930 sample 3371",8/292,0.006939903855591,0.0244160989899134,0,0,3.022132796780684,15.021412418606372,TAGLN;SERPINE2;CSRP1;COL4A2;TPM1;TNC;FN1;VIM,Drug_Perturbations_from_GEO_down,Myofibroblasts_UP→DOWNmatch
Drug_Perturbations_from_GEO_down,ethanol 702 rat GSE55243 sample 3107,8/294,0.007218825868847,0.0252949987097907,0,0,3.000691616076232,14.796599286452397,TAGLN;SPARC;CSRP1;MBP;UACA;LTBP1;ASPN;KLK6,Drug_Perturbations_from_GEO_down,Myofibroblasts_UP→DOWNmatch
Drug_Perturbations_from_GEO_down,SODIUM PYRUVATE 23662274 mouse GSE5497 sample 3565,10/423,0.0073780668799503,0.0257491571031198,0,0,2.609227871939736,12.809335270578304,ACTA1;PDLIM3;SH3BGRL;RAP1A;ACTC1;SEMA3C;TPM2;ITGA7;ITGA6;SEMA3E,Drug_Perturbations_from_GEO_down,Myofibroblasts_UP→DOWNmatch
Drug_Perturbations_from_GEO_down,CYFLUTHRIN 104926 human GSE5023 sample 3572,7/236,0.0074884250601672,0.0260297655091412,0,0,3.2707423580786026,16.008310852193087,SPARC;CALD1;PEG10;FN1;SPARCL1;ITGB8;GPM6B,Drug_Perturbations_from_GEO_down,Myofibroblasts_UP→DOWNmatch
Drug_Perturbations_from_GEO_down,resveratrol DB02709 human GSE32357 sample 3499,9/360,0.0076627384524262,0.026529560618161,0,0,2.7566227510978893,13.428573087747106,CNN1;TAGLN;SYNPO2;TNC;MAP3K7CL;MYH11;S100B;ACTG2;CES1,Drug_Perturbations_from_GEO_down,Myofibroblasts_UP→DOWNmatch
Drug_Perturbations_from_GEO_down,SODIUM ARSENITE 443495 mouse GSE11056 sample 3355,8/298,0.0078019950721237,0.0269044988796647,0,0,2.958696475937855,14.35966587442689,NR4A1;ACTA1;TGFB2;LAMA4;ITGA8;PLP1;MBP;ASPN,Drug_Perturbations_from_GEO_down,Myofibroblasts_UP→DOWNmatch
Drug_Perturbations_from_GEO_down,grepafloxacin 72474 human GSE9166 sample 2627,11/495,0.0078942974374834,0.0271151955461387,0,0,2.4537836465210767,11.880274785950787,CD151;LGALS1;CSRP1;TPM1;ALDH1A1;ANXA6;FN1;DSTN;VIM;FILIP1L;CES1,Drug_Perturbations_from_GEO_down,Myofibroblasts_UP→DOWNmatch
Drug_Perturbations_from_GEO_down,mesalazine DB00244 human GSE38713 sample 3289,9/363,0.0080679254122853,0.027602469225496,0,0,2.732840153572432,13.171903946901228,NR4A2;NR4A1;PPP1R14A;TAGLN;FXYD1;MYH11;FBXO32;MYL9;ASPN,Drug_Perturbations_from_GEO_down,Myofibroblasts_UP→DOWNmatch
Drug_Perturbations_from_GEO_down,Chlorpyrifos 2730 human GSE5023 sample 3571,7/241,0.0083546503487916,0.0284713378552939,0,0,3.20003736397179,15.311977079120934,SPARC;COL4A2;FN1;ITGA7;ITGB8;LTBP1;GPM6B,Drug_Perturbations_from_GEO_down,Myofibroblasts_UP→DOWNmatch
Drug_Perturbations_from_GEO_down,resveratrol DB02709 mouse GSE11291 sample 3503,8/303,0.0085800342911817,0.0291251945274879,0,0,2.907804060346433,13.836254565556152,HHATL;LDHB;DES;INPP5A;CKM;SGCA;FXYD1;PGAM2,Drug_Perturbations_from_GEO_down,Myofibroblasts_UP→DOWNmatch
Drug_Perturbations_from_GEO_down,vitamin c DB00126 mouse GSE32994 sample 3509,6/189,0.0094912372672869,0.0320929384640948,0,0,3.497327156094084,16.28840357976957,CYFIP2;RCAN1;GJC3;SGCA;MCAM;TNC,Drug_Perturbations_from_GEO_down,Myofibroblasts_UP→DOWNmatch
Drug_Perturbations_from_GEO_down,Hydrogen Peroxide 784 mouse GSE3078 sample 3596,10/440,0.0095809352396932,0.0321726376144349,0,0,2.503875968992248,11.637965595566524,ACTA1;PLA2G16;PDLIM3;SH3BGRL;CSRP1;TPM1;PGAM2;CASQ2;DSTN;PLAT,Drug_Perturbations_from_GEO_down,Myofibroblasts_UP→DOWNmatch
Drug_Perturbations_from_GEO_down,ursodeoxycholic acid 31401 mouse GSE21266 sample 2492,8/309,0.0095888528678235,0.0321726376144349,0,0,2.848964988499872,13.239579084269671,SLC12A2;NR4A1;ALDH1B1;PLLP;STMN1;S100A6;PMP22;WFDC2,Drug_Perturbations_from_GEO_down,Myofibroblasts_UP→DOWNmatch
Drug_Perturbations_from_GEO_down,BPDE 41322 human GSE19510 sample 3378,7/248,0.0096885608028962,0.032382151298911,0,0,3.1059791850894496,14.401833444551489,LDHB;COL4A2;TNC;FN1;PLAT;VIM;FAM83D,Drug_Perturbations_from_GEO_down,Myofibroblasts_UP→DOWNmatch
Drug_Perturbations_from_GEO_down,azacitidine DB00928 human GSE29077 sample 2545,8/310,0.009765232789682,0.0325133612805889,0,0,2.8393857797831306,13.143309146656218,LDHB;LGALS1;PEG10;TPM1;DSTN;ITGA6;VIM;CTNNAL1,Drug_Perturbations_from_GEO_down,Myofibroblasts_UP→DOWNmatch
Drug_Perturbations_from_GEO_down,formaldehyde 712 rat GSE7002 sample 3536,7/249,0.0098911184129168,0.032806801148186,0,0,3.0929864968613106,14.277590810523202,ACTA1;CPM;CKM;PGAM2;CNTN4;AURKB;SNCA,Drug_Perturbations_from_GEO_down,Myofibroblasts_UP→DOWNmatch
Drug_Perturbations_from_GEO_down,formaldehyde 712 rat GSE7002 sample 3539,9/376,0.0100154364814455,0.0330928300470577,0,0,2.6342752194137926,12.127222443391624,ACTA1;SPARC;CKM;TPM1;PGAM2;PMP22;TNC;FN1;AURKB,Drug_Perturbations_from_GEO_down,Myofibroblasts_UP→DOWNmatch
Drug_Perturbations_from_GEO_down,progesterone 5994 mouse GSE6440 sample 3686,8/314,0.0104950133929027,0.0345460857516383,0,0,2.8016950369891545,12.76691817671002,MIA;LPL;EFHD1;PLAT;SEMA3E;LTBP1;CTNNAL1;GPM6B,Drug_Perturbations_from_GEO_down,Myofibroblasts_UP→DOWNmatch
Drug_Perturbations_from_GEO_down,heroin 5462328 mouse GSE30305 sample 2620,7/253,0.0107323925299842,0.0351941475794577,0,0,3.042072060064863,13.794241598237528,EGR2;S100A6;S100B;UACA;CRYAB;SCRG1;KLK6,Drug_Perturbations_from_GEO_down,Myofibroblasts_UP→DOWNmatch
Drug_Perturbations_from_GEO_down,ubiquinol 9962735 mouse GSE15129 sample 3451,9/381,0.0108520956739036,0.0354528990248958,0,0,2.5981999643557296,11.752690100787571,CYFIP2;GPM6A;NR4A1;PCP4;NOV;PLP1;SPARCL1;MBP;MT3,Drug_Perturbations_from_GEO_down,Myofibroblasts_UP→DOWNmatch
Drug_Perturbations_from_GEO_down,ubiquinol 9962735 mouse GSE15129 sample 3463,7/254,0.0109506018613751,0.0355077351400561,0,0,3.029601115019579,13.676712694211396,PGRMC1;NRN1;CALD1;FXYD1;ALDH1A1;FN1;LPIN1,Drug_Perturbations_from_GEO_down,Myofibroblasts_UP→DOWNmatch
Drug_Perturbations_from_GEO_down,"2,3-dimethoxy-1,4-naphtoquinone (DMNQ) 3136 human GSE39843 sample 3682",7/254,0.0109506018613751,0.0355077351400561,0,0,3.029601115019579,13.676712694211396,TGFB2;PLLP;EFHD1;FBXO32;FAM83D;CRYAB;RERG,Drug_Perturbations_from_GEO_down,Myofibroblasts_UP→DOWNmatch
Drug_Perturbations_from_GEO_down,PLX4032 DB05238 human GSE24862 sample 2568,8/318,0.0112645357841017,0.036389894410351,0,0,2.7649769585253456,12.4039518377074,NR4A2;SHC4;PTPRE;EGR2;FMNL2;ITGB8;SERPINB9;ARHGAP24,Drug_Perturbations_from_GEO_down,Myofibroblasts_UP→DOWNmatch
Drug_Perturbations_from_GEO_down,motexafin gadolinium (12 h) DB05428 human GSE2189 sample 3127,8/320,0.0116645841397985,0.037542680064759,0,0,2.7469709777402085,12.227311789193786,TSPAN15;SERPINE2;ALDH1A1;S100A6;FN1;DSTN;VIM;MYLK,Drug_Perturbations_from_GEO_down,Myofibroblasts_UP→DOWNmatch
Drug_Perturbations_from_GEO_down,Sodium dichromate 25408 rat GSE31503 sample 3284,8/321,0.0118684970635603,0.0379181027508601,0,0,2.73805427799038,12.140170409675084,GPM6A;AZGP1;ALDH1B1;ANXA6;NEDD9;HAGH;FAM83D;MYLK,Drug_Perturbations_from_GEO_down,Myofibroblasts_UP→DOWNmatch
Drug_Perturbations_from_GEO_down,decitabine DB01262 human GSE29077 sample 2539,8/321,0.0118684970635603,0.0379181027508601,0,0,2.73805427799038,12.140170409675084,LDHB;SH3BGRL;CD151;CSRP1;TPM2;TGFB1I1;ALDH1A1;DSTN,Drug_Perturbations_from_GEO_down,Myofibroblasts_UP→DOWNmatch
Drug_Perturbations_from_GEO_down,alfacalcidol 5282181 human GSE15947 sample 3364,8/324,0.0124960194643649,0.0397767066466415,0,0,2.7116427875921545,11.883354559727213,TAGLN;SPARC;TGFB1I1;ANXA6;FN1;MYL9;LTBP1;RERG,Drug_Perturbations_from_GEO_down,Myofibroblasts_UP→DOWNmatch
Drug_Perturbations_from_GEO_down,fluoxetine 62857 mouse GSE6476 sample 2618,8/326,0.0129277105996257,0.0410006587995429,0,0,2.694311977330845,11.715898143790008,GPM6A;LDHB;PNCK;NOV;STMN1;SPARCL1;MBP;GPM6B,Drug_Perturbations_from_GEO_down,Myofibroblasts_UP→DOWNmatch
Drug_Perturbations_from_GEO_down,resveratrol DB02709 mouse GSE7111 sample 3496,7/263,0.013061920825773,0.0411635619511625,0,0,2.9217469262295084,12.674696200168736,AOC3;LDHB;NRN1;LPL;ITGA6;HADH;LPIN1,Drug_Perturbations_from_GEO_down,Myofibroblasts_UP→DOWNmatch
Drug_Perturbations_from_GEO_down,formaldehyde 712 rat GSE7002 sample 3549,9/393,0.0130738125414509,0.0411635619511625,0,0,2.5154523480662982,10.909879290538155,RCAN1;ACTA1;CKM;SERPINE2;SCRN1;CNTN4;FAM83D;ARHGAP24;AIF1L,Drug_Perturbations_from_GEO_down,Myofibroblasts_UP→DOWNmatch
Drug_Perturbations_from_GEO_down,carboplatin DB00958 human GSE49577 sample 3175,7/264,0.0133133595235308,0.041766460021474,0,0,2.9102294231464354,12.569243838475684,PCP4;SPARC;COL4A2;CRTAC1;MAL;NCMAP;AIF1L,Drug_Perturbations_from_GEO_down,Myofibroblasts_UP→DOWNmatch
Drug_Perturbations_from_GEO_down,dexamethasone DB01234 mouse GSE7683 sample 2712,8/332,0.0142884898528064,0.0445844530429221,0,0,2.643603310269977,11.230822510552786,FGF7;PGRMC1;LGALS1;TNFAIP6;TPM1;COL9A3;ITGA6;DYNLRB1,Drug_Perturbations_from_GEO_down,Myofibroblasts_UP→DOWNmatch
Drug_Perturbations_from_GEO_down,Sodium dichromate 25408 rat GSE31503 sample 3285,7/268,0.014353980116735,0.0445844530429221,0,0,2.8650419781002032,12.158458907137645,GPM6A;AZGP1;NOV;ALDH1B1;ANXA6;NEDD9;MYLK,Drug_Perturbations_from_GEO_down,Myofibroblasts_UP→DOWNmatch
Drug_Perturbations_from_GEO_down,heroin 5462328 mouse GSE30305 sample 2615,6/207,0.0143655314752798,0.0445844530429221,0,0,3.181213497728748,13.49764579212628,NR4A2;MLIP;NRN1;CRTAC1;KLK6;BCAS1,Drug_Perturbations_from_GEO_down,Myofibroblasts_UP→DOWNmatch
Drug_Perturbations_from_GEO_down,TRICHLOROETHYLENE 6575 mouse GSE24278 sample 3314,7/271,0.0151717448012061,0.046919025737538,0,0,2.8320500082795164,11.861533037816017,PDLIM3;CKM;TPM2;LAMA4;ANXA6;ITGB8;LPIN1,Drug_Perturbations_from_GEO_down,Myofibroblasts_UP→DOWNmatch
Drug_Perturbations_from_GEO_down,propofol DB00818 human GSE4386 sample 2804,7/277,0.0169060232626433,0.0519128417499543,0,0,2.768265533292856,11.294759548961284,CNN1;HHATL;TAGLN;PLN;FHL1;SULF1;MYL9,Drug_Perturbations_from_GEO_down,Myofibroblasts_UP→DOWNmatch
Drug_Perturbations_from_GEO_down,Bisphenol A 6623 human GSE17624 sample 2663,7/277,0.0169060232626433,0.0519128417499543,0,0,2.768265533292856,11.294759548961284,PGRMC1;LGALS1;TPM1;S100A6;MAL;FAM83D;SOX4,Drug_Perturbations_from_GEO_down,Myofibroblasts_UP→DOWNmatch
Drug_Perturbations_from_GEO_down,SODIUM BUTYRATE 5222465 mouse GSE4410 sample 3583,8/345,0.0175910108088476,0.0538260154679176,0,0,2.539928913816154,10.262245618267553,SMTN;CD151;BAG2;SEMA3C;TPM1;S100A6;MAL;SERPINB9,Drug_Perturbations_from_GEO_down,Myofibroblasts_UP→DOWNmatch
Drug_Perturbations_from_GEO_down,MLN4924 73014187 human GSE30531 sample 2645,8/347,0.0181440218762152,0.0551299126238847,0,0,2.5246847547732503,10.122506769316514,RCAN1;LGALS1;CSRP1;TNC;ITGB8;COL9A3;FAM83D;GYG1,Drug_Perturbations_from_GEO_down,Myofibroblasts_UP→DOWNmatch
Drug_Perturbations_from_GEO_down,methamphetamine 10836 mouse GSE30305 sample 2612,8/347,0.0181440218762152,0.0551299126238847,0,0,2.5246847547732503,10.122506769316514,CYFIP2;NR4A2;MFAP4;PGRMC1;STMN1;SPARCL1;S100B;WFDC2,Drug_Perturbations_from_GEO_down,Myofibroblasts_UP→DOWNmatch
Drug_Perturbations_from_GEO_down,decitabine 451668 mouse GSE4768 sample 3103,8/349,0.0187094191599884,0.0566497743903483,0,0,2.509619412845219,9.985093487846244,NR4A1;ACTA1;SH3BGRL;ACTC1;NOV;STMN1;VIM;ASPN,Drug_Perturbations_from_GEO_down,Myofibroblasts_UP→DOWNmatch
Drug_Perturbations_from_GEO_down,methamphetamine 10836 mouse GSE30305 sample 2667,5/161,0.0189361139307639,0.0571218850395899,0,0,3.405058905058905,13.506794006293022,NR4A2;MLIP;EGR2;NRN1;WFDC2,Drug_Perturbations_from_GEO_down,Myofibroblasts_UP→DOWNmatch
Drug_Perturbations_from_GEO_down,fenretinide DB05076 human GSE17480 sample 2529,8/350,0.0189968064170788,0.0571218850395899,0,0,2.502152817942292,9.917243653461703,SPARC;ALDH1B1;NEXN;WFDC1;FXYD6;ITGA6;LTBP1;RAMP1,Drug_Perturbations_from_GEO_down,Myofibroblasts_UP→DOWNmatch
Drug_Perturbations_from_GEO_down,irinotecan DB00762 rat GSE11722 sample 2768,6/221,0.0191989065716964,0.05753051658898,0,0,2.9719413549039437,11.747792779941149,SBSPON;ACTA1;MME;ALDH1B1;ALDH1A1;PMP22,Drug_Perturbations_from_GEO_down,Myofibroblasts_UP→DOWNmatch
Drug_Perturbations_from_GEO_down,Calcitonin 16132288 mouse GSE60761 sample 3447,9/423,0.0200928969345852,0.0600024997806,0,0,2.3295700216190247,9.10253607386,SH3BGRL;SPARC;SERPINE2;S100A6;PMP22;VIM;DYNLRB1;MYL9;MT3,Drug_Perturbations_from_GEO_down,Myofibroblasts_UP→DOWNmatch
Drug_Perturbations_from_GEO_down,Streptozotocin effect on pancreas of offspring of protein-restricted dams 29327 mouse GSE38215 sample 3248,8/356,0.0207878595238161,0.0618652394732748,0,0,2.458254389288872,9.52176847864002,GPM6A;PLA2G16;SH3BGRL;SERPINE2;STMN1;S100A6;VIM;HADH,Drug_Perturbations_from_GEO_down,Myofibroblasts_UP→DOWNmatch
Drug_Perturbations_from_GEO_down,PRISTANE 15979 mouse GSE17297 sample 3227,6/226,0.0211652367756363,0.0627733472970237,0,0,2.9036561264822134,11.19474194458291,AOC3;PLA2G16;FXYD1;LPL;HADH;LPIN1,Drug_Perturbations_from_GEO_down,Myofibroblasts_UP→DOWNmatch
Drug_Perturbations_from_GEO_down,methamphetamine 10836 mouse GSE30305 sample 2614,4/111,0.0215206486221542,0.063610352560041,0,0,3.960004019696513,15.201435349263487,NR4A2;EGR2;NRN1;CRTAC1,Drug_Perturbations_from_GEO_down,Myofibroblasts_UP→DOWNmatch
Drug_Perturbations_from_GEO_down,isotretinoin DB00982 human GSE10432 sample 2772,7/292,0.0218471489875074,0.0639231396301144,0,0,2.620554117534273,10.02017307015548,LDHB;SPARC;LGALS1;PEG10;VIM;LPIN1;CRYAB,Drug_Perturbations_from_GEO_down,Myofibroblasts_UP→DOWNmatch
Drug_Perturbations_from_GEO_down,permethrin DB04930 rat GSE7955 sample 3417,7/292,0.0218471489875074,0.0639231396301144,0,0,2.620554117534273,10.02017307015548,NR4A1;MFAP4;EGR2;SH3BGRL;SPARC;LMOD1;BCAS1,Drug_Perturbations_from_GEO_down,Myofibroblasts_UP→DOWNmatch
Drug_Perturbations_from_GEO_down,Perfluorooctanoic Acid 9554 mouse GSE13044 sample 3517,7/292,0.0218471489875074,0.0639231396301144,0,0,2.620554117534273,10.02017307015548,CPM;AZGP1;NRN1;ALDH1B1;PMP22;HSD17B6;LPIN1,Drug_Perturbations_from_GEO_down,Myofibroblasts_UP→DOWNmatch
Drug_Perturbations_from_GEO_down,pioglitazone DB01132 mouse GSE32536 sample 2797,7/293,0.0222086241720946,0.0645461351356196,0,0,2.6112575948641523,9.941774687097164,NR4A1;PLLP;PGAM2;PMP22;FN1;MAL;KLK6,Drug_Perturbations_from_GEO_down,Myofibroblasts_UP→DOWNmatch
Drug_Perturbations_from_GEO_down,estradiol 5757 mouse GSE2195 sample 3624,7/293,0.0222086241720946,0.0645461351356196,0,0,2.6112575948641523,9.941774687097164,ACTA2;LGALS1;TPM1;STMN1;S100A6;SPARCL1;PLAT,Drug_Perturbations_from_GEO_down,Myofibroblasts_UP→DOWNmatch
Drug_Perturbations_from_GEO_down,vitamin c DB00126 mouse GSE32994 sample 3511,6/230,0.0228333879358576,0.0661407137208675,0,0,2.8512228260869565,10.77628628807581,SLC12A2;SEMA3C;PEG10;TNC;ITGA8;NEXN,Drug_Perturbations_from_GEO_down,Myofibroblasts_UP→DOWNmatch
Drug_Perturbations_from_GEO_down,morphine 5288826 mouse GSE7762 sample 3493,8/363,0.0230255968195233,0.0664758924789562,0,0,2.4089150286333383,9.084376963347584,SOX2;PCP4;PGRMC1;PNCK;PLP1;NEXN;DSTN;CRYAB,Drug_Perturbations_from_GEO_down,Myofibroblasts_UP→DOWNmatch
Drug_Perturbations_from_GEO_down,bleomycin DB00290 mouse GSE43695 sample 3106,6/233,0.0241411253713822,0.0694656885686461,0,0,2.813110515226968,10.475569089073629,CPM;TSPAN15;NRN1;MME;ITGA8;ASPN,Drug_Perturbations_from_GEO_down,Myofibroblasts_UP→DOWNmatch
Drug_Perturbations_from_GEO_down,acetaminophen DB00316 mouse GSE37874 sample 2482,7/299,0.0244649271514404,0.070165088100996,0,0,2.5568156299124185,9.487102061567471,SPARC;LGALS1;SERPINE2;ALDH1B1;STMN1;HSD17B6;LPIN1,Drug_Perturbations_from_GEO_down,Myofibroblasts_UP→DOWNmatch
Drug_Perturbations_from_GEO_down,Perfluorooctanoic Acid 9554 mouse GSE13044 sample 3523,7/300,0.0248557420946606,0.0710514469745398,0,0,2.547958745966915,9.413857778598135,RCAN1;ACTA1;SYNM;MIA;MME;TNC;GPM6B,Drug_Perturbations_from_GEO_down,Myofibroblasts_UP→DOWNmatch
Drug_Perturbations_from_GEO_down,dasatinib DB01254 human GSE59357 sample 3306,7/302,0.0256502053860282,0.0730820605916674,0,0,2.530425118088358,9.26946265552075,PPP1R14A;TPM2;EFHD1;VWA1;VIM;FBXO32;MYL9,Drug_Perturbations_from_GEO_down,Myofibroblasts_UP→DOWNmatch
Drug_Perturbations_from_GEO_down,"2,3,7,8-tetrachlorodibenzo-p-dioxin 10852289 rat GSE48100 sample 3111",7/303,0.026053892365515,0.0739896485804986,0,0,2.5217471569930585,9.198294928427728,NOV;PLP1;SPARCL1;LPL;MBP;VIM;MT3,Drug_Perturbations_from_GEO_down,Myofibroblasts_UP→DOWNmatch
Drug_Perturbations_from_GEO_down,diethylstilbestrol DB00255 rat GSE4028 sample 2716,8/374,0.0268773702643496,0.0760795920512047,0,0,2.335194859785024,8.445163556945973,GPM6A;PCP4;SH3BGRL;PGRMC1;STMN1;ALDH1A1;PLAT;DYNLRB1,Drug_Perturbations_from_GEO_down,Myofibroblasts_UP→DOWNmatch
Drug_Perturbations_from_GEO_down,heroin 5462328 mouse GSE30305 sample 2666,9/446,0.0270776576287837,0.0763976768812113,0,0,2.204344033275598,7.955579749694311,CYFIP2;NR4A2;PGRMC1;SPARC;NRN1;STMN1;SPARCL1;S100B;GPM6B,Drug_Perturbations_from_GEO_down,Myofibroblasts_UP→DOWNmatch
Drug_Perturbations_from_GEO_down,vitamin C DB00126 mouse GSE32994 sample 3507,6/240,0.0273854873942794,0.0770161441606111,0,0,2.727982162764772,9.814576174226453,RCAN1;MCAM;ITGA8;NEXN;FXYD6;LEFTY2,Drug_Perturbations_from_GEO_down,Myofibroblasts_UP→DOWNmatch
Drug_Perturbations_from_GEO_down,SODIUM ARSENITE 443495 mouse GSE11056 sample 3360,8/376,0.027623080777052,0.0774337328879297,0,0,2.322264691829909,8.33484855559419,AOC3;MFAP4;MLIP;AZGP1;PLP1;FILIP1L;MYL9;ACTG2,Drug_Perturbations_from_GEO_down,Myofibroblasts_UP→DOWNmatch
Drug_Perturbations_from_GEO_down,Retinoic acid 444795 human GSE32161 sample 3237,6/241,0.0278713817319806,0.0776289446317024,0,0,2.716234967622572,9.724541822854492,NR4A2;SOX2;KCNK12;ANXA6;EFHD1;FILIP1L,Drug_Perturbations_from_GEO_down,Myofibroblasts_UP→DOWNmatch
Drug_Perturbations_from_GEO_down,vitamin c DB00126 mouse GSE32994 sample 3510,6/241,0.0278713817319806,0.0776289446317024,0,0,2.716234967622572,9.724541822854492,CYFIP2;RCAN1;SEMA3C;PEG10;TNC;ITGA8,Drug_Perturbations_from_GEO_down,Myofibroblasts_UP→DOWNmatch
Drug_Perturbations_from_GEO_down,pioglitazone DB01132 rat GSE20219 sample 2794,7/308,0.0281376354675391,0.0781201444769698,0,0,2.479222264582539,8.852428181691016,GPM6A;PCP4;SERPINE2;RNF13;S100B;GPM6B;BCAS1,Drug_Perturbations_from_GEO_down,Myofibroblasts_UP→DOWNmatch
Drug_Perturbations_from_GEO_down,cisplatin DB00515 human GSE47856 sample 3153,7/311,0.0294407871918035,0.0814778473556602,0,0,2.454378774805867,8.652603724168321,SOX2;MFAP4;SH3BGRL;SPARC;FAM13C;PEG10;VIM,Drug_Perturbations_from_GEO_down,Myofibroblasts_UP→DOWNmatch
Drug_Perturbations_from_GEO_down,quercetin DB04216 mouse GSE4262 sample 3430,7/312,0.0298840955186595,0.082442155573699,0,0,2.446206216966765,8.5872329078121,ACTA1;LGALS1;PLLP;PMP22;OTUD7B;LPIN1;WFDC2,Drug_Perturbations_from_GEO_down,Myofibroblasts_UP→DOWNmatch
Drug_Perturbations_from_GEO_down,dexamethasone DB01234 human GSE34313 sample 3169,7/314,0.0307842020990118,0.0846565557722827,0,0,2.430020825546003,8.458303832467623,C11ORF96;RCAN1;EGR2;SERPINE2;TNFAIP6;NOV;SOX4,Drug_Perturbations_from_GEO_down,Myofibroblasts_UP→DOWNmatch
Drug_Perturbations_from_GEO_down,isoflurane DB00753 rat GSE1779 sample 2770,6/247,0.03090667058757,0.084725226311036,0,0,2.647799025798304,9.20582328043354,PCP4;NOV;SPARCL1;MBP;DYNLRB1;BCAS1,Drug_Perturbations_from_GEO_down,Myofibroblasts_UP→DOWNmatch
Drug_Perturbations_from_GEO_down,formoterol DB00983 human GSE30242 sample 2631,7/315,0.031241034021957,0.0853725112109456,0,0,2.42200695479384,8.394731460923861,EGR2;ALDH1B1;LMOD1;NEDD9;LPIN1;FILIP1L;ARHGAP24,Drug_Perturbations_from_GEO_down,Myofibroblasts_UP→DOWNmatch
Drug_Perturbations_from_GEO_down,bleomycin DB00290 mouse GSE485 sample 2684,6/248,0.0314327400579604,0.0856271194682369,0,0,2.636722960833633,9.122811620976908,FXYD1;ALDH1A1;S100A6;DSTN;PLAT;WFDC2,Drug_Perturbations_from_GEO_down,Myofibroblasts_UP→DOWNmatch
Drug_Perturbations_from_GEO_down,nicotinamide riboside 439924 mouse GSE62194 sample 3470,6/250,0.0325023679326005,0.0878116207789311,0,0,2.61484319315752,8.959609410762814,SBSPON;PLLP;PLP1;LPL;MBP;BCAS1,Drug_Perturbations_from_GEO_down,Myofibroblasts_UP→DOWNmatch
Drug_Perturbations_from_GEO_down,atorvastatin DB01076 human GSE2450 sample 2484,6/250,0.0325023679326005,0.0878116207789311,0,0,2.61484319315752,8.959609410762814,LDHB;SPARC;LGALS1;MCAM;FN1;VIM,Drug_Perturbations_from_GEO_down,Myofibroblasts_UP→DOWNmatch
Drug_Perturbations_from_GEO_down,Bisphenol A 6623 human GSE17624 sample 2661,7/318,0.0326388417854945,0.0878116207789311,0,0,2.398274559415248,8.2075004687734,TAGLN;LGALS1;TPM1;S100A6;DSTN;MAL;SOX4,Drug_Perturbations_from_GEO_down,Myofibroblasts_UP→DOWNmatch
Drug_Perturbations_from_GEO_down,sorafenib DB00398 human GSE39192 sample 3055,7/318,0.0326388417854945,0.0878116207789311,0,0,2.398274559415248,8.2075004687734,CRTAC1;MCAM;CASQ2;NEXN;LPL;ITGB8;HSD17B6,Drug_Perturbations_from_GEO_down,Myofibroblasts_UP→DOWNmatch
Drug_Perturbations_from_GEO_down,carboplatin DB00958 human GSE49577 sample 3176,7/321,0.0340779525800597,0.0909299622725897,0,0,2.374995649298667,8.025358855816863,PDLIM3;SEMA3C;CRTAC1;MAP3K7CL;FLNC;FAM83D;MYL9,Drug_Perturbations_from_GEO_down,Myofibroblasts_UP→DOWNmatch
Drug_Perturbations_from_GEO_down,type II IFN (IFN-gamma1b) DB00033 human GSE5542 sample 2477,7/321,0.0340779525800597,0.0909299622725897,0,0,2.374995649298667,8.025358855816863,LGALS1;SERPINE2;TPM1;ALDH1A1;S100A6;DSTN;CTNNAL1,Drug_Perturbations_from_GEO_down,Myofibroblasts_UP→DOWNmatch
Drug_Perturbations_from_GEO_down,azacitidine DB00928 human GSE29077 sample 2542,8/392,0.0341118155360923,0.0909299622725897,0,0,2.223672161172161,7.511812406600638,INPP5A;RAP1A;PEG10;TPM1;DSTN;ITGA6;FLNC;CTNNAL1,Drug_Perturbations_from_GEO_down,Myofibroblasts_UP→DOWNmatch
Drug_Perturbations_from_GEO_down,1-(4-Methoxyphenyl)piperazine 269722 rat GSE68785 sample 3689,8/395,0.0354346778129513,0.0941673853805955,0,0,2.206093647954113,7.368494722248128,SHC4;GPM6A;AZGP1;FXYD1;ALDH1A1;FN1;HSD17B6;FILIP1L,Drug_Perturbations_from_GEO_down,Myofibroblasts_UP→DOWNmatch
Drug_Perturbations_from_GEO_down,metoprolol DB00264 human GSE3356 sample 2786,4/131,0.0364535037070871,0.096579557077618,0,0,3.332994665989332,11.037937434348043,LGALS1;S100A6;ANXA6;VIM,Drug_Perturbations_from_GEO_down,Myofibroblasts_UP→DOWNmatch
Drug_Perturbations_from_GEO_down,SODIUM ARSENITE 443495 mouse GSE11056 sample 3354,7/332,0.0397145762260742,0.1048995949558009,0,0,2.293316519546028,7.398323943226825,NR4A1;ACTA1;CPM;PPP1R14A;REEP2;FXYD1;ACTG2,Drug_Perturbations_from_GEO_down,Myofibroblasts_UP→DOWNmatch
Drug_Perturbations_from_GEO_down,1-Benzylpiperazine 75994 rat GSE68785 sample 3687,7/334,0.040801134646128,0.1074429879014704,0,0,2.2790561655052555,7.290804115263018,SHC4;PLA2G16;AZGP1;FXYD1;ALDH1A1;HSD17B6;HADH,Drug_Perturbations_from_GEO_down,Myofibroblasts_UP→DOWNmatch
Drug_Perturbations_from_GEO_down,methamphetamine DB01577 rat GSE46717 sample 3303,6/267,0.0425550251224798,0.1113864964802258,0,0,2.442403798100949,7.71056457738721,NR4A2;PPP1R1A;NOV;SYNPO2;SORBS2;AURKB,Drug_Perturbations_from_GEO_down,Myofibroblasts_UP→DOWNmatch
Drug_Perturbations_from_GEO_down,heroin 5462328 mouse GSE30305 sample 2611,6/267,0.0425550251224798,0.1113864964802258,0,0,2.442403798100949,7.71056457738721,NR4A2;PCP4;S100A6;MYL9;UACA;KLK6,Drug_Perturbations_from_GEO_down,Myofibroblasts_UP→DOWNmatch
Drug_Perturbations_from_GEO_down,angiotensin II 172198 mouse GSE29145 sample 3216,7/338,0.0430320800610601,0.1116265002180933,0,0,2.2510524491109902,7.081381939702369,NR4A1;EGR2;PDLIM3;RGCC;NRN1;TNFAIP6;FLNC,Drug_Perturbations_from_GEO_down,Myofibroblasts_UP→DOWNmatch
Drug_Perturbations_from_GEO_down,Cobalt dichloride hexahydrate 24643 rat GSE51207 sample 3117,7/338,0.0430320800610601,0.1116265002180933,0,0,2.2510524491109902,7.081381939702369,PLA2G16;AZGP1;LGALS1;ALDH1B1;NEDD9;CRYAB;MYLK,Drug_Perturbations_from_GEO_down,Myofibroblasts_UP→DOWNmatch
Drug_Perturbations_from_GEO_down,glipizide DB01067 mouse GSE2431 sample 2749,7/338,0.0430320800610601,0.1116265002180933,0,0,2.2510524491109902,7.081381939702369,ACTA1;PGRMC1;LGALS1;ALDH1A1;DSTN;HADH;MT3,Drug_Perturbations_from_GEO_down,Myofibroblasts_UP→DOWNmatch
Drug_Perturbations_from_GEO_down,estradiol 5757 human GSE26834 sample 3241,6/268,0.0432008512276609,0.1117307729667779,0,0,2.432957185529373,7.644096210048886,CYFIP2;FYCO1;MME;PMP22;EFHD1;SEMA3E,Drug_Perturbations_from_GEO_down,Myofibroblasts_UP→DOWNmatch
Drug_Perturbations_from_GEO_down,pioglitazone DB01132 rat GSE20219 sample 2795,6/270,0.0445109388866918,0.1147774655564844,0,0,2.4142786561264824,7.513284193370993,PGRMC1;NUBPL;PLP1;SPARCL1;VIM;S100B,Drug_Perturbations_from_GEO_down,Myofibroblasts_UP→DOWNmatch
Drug_Perturbations_from_GEO_down,Bisphenol A 6623 mouse GSE4650 sample 3573,8/415,0.0451472458803262,0.1158031532021812,0,0,2.0955260955260955,6.491575223044645,PGRMC1;CALD1;ALDH1A1;S100A6;DSTN;DYNLRB1;HADH;OXR1,Drug_Perturbations_from_GEO_down,Myofibroblasts_UP→DOWNmatch
Drug_Perturbations_from_GEO_down,"1,25 dihydroxyvitamin D 5280453 human GSE15947 sample 2493",6/271,0.0451752231709314,0.1158031532021812,0,0,2.405045118949959,7.448921380913894,TAGLN;SPARC;ANXA6;FN1;LTBP1;RERG,Drug_Perturbations_from_GEO_down,Myofibroblasts_UP→DOWNmatch
Drug_Perturbations_from_GEO_down,HYPOCHLOROUS ACID 24341 human GSE11630 sample 3199,5/204,0.0455112434247825,0.1163213839298117,0,0,2.663452397120739,8.229524230720084,RCAN1;LDHB;ALDH1A1;VIM;WFDC2,Drug_Perturbations_from_GEO_down,Myofibroblasts_UP→DOWNmatch
Drug_Perturbations_from_GEO_down,metformin DB00331 human GSE33612 sample 2483,7/343,0.0459301206984379,0.1170477269411806,0,0,2.216985428051002,6.829721025847017,TAGLN;MYOCD;SEMA3C;PEG10;UACA;ACTG2;SNCA,Drug_Perturbations_from_GEO_down,Myofibroblasts_UP→DOWNmatch
Drug_Perturbations_from_GEO_down,All-trans retinoic acid DB00755 mouse GSE31280 sample 2460,6/273,0.0465223263102385,0.1182102384900506,0,0,2.3867855398143627,7.322235446015935,TGFB2;NOV;SEMA3C;LPL;VIM;RERG,Drug_Perturbations_from_GEO_down,Myofibroblasts_UP→DOWNmatch
Drug_Perturbations_from_GEO_down,resveratrol DB02709 mouse GSE62194 sample 3467,8/418,0.0467413093544292,0.1184204018338163,0,0,2.079871348164031,6.370909951411437,NR4A2;EGR2;SH3BGRL;PNCK;DUSP3;LPL;SNCA;KLK6,Drug_Perturbations_from_GEO_down,Myofibroblasts_UP→DOWNmatch
Drug_Perturbations_from_GEO_down,estradiol DB00783 human GSE46924 sample 2487,5/206,0.0471074197586272,0.1190010109600206,0,0,2.63668145757698,8.055918137181267,COL28A1;CYFIP2;MME;PMP22;EFHD1,Drug_Perturbations_from_GEO_down,Myofibroblasts_UP→DOWNmatch
Drug_Perturbations_from_GEO_down,quercetin DB04216 mouse GSE4262 sample 3432,7/346,0.0477277691711221,0.1202186417672613,0,0,2.197027580314973,6.683889332963914,RCAN1;SMTN;CSRP1;SPARCL1;CCSER2;FBXO32;ARHGAP24,Drug_Perturbations_from_GEO_down,Myofibroblasts_UP→DOWNmatch
Drug_Perturbations_from_GEO_down,cisplatin DB00515 human GSE47856 sample 3146,5/208,0.0487365520578496,0.1224048084921137,0,0,2.610438024231128,7.886984208259289,SYNM;SERPINE2;PART1;CNTN4;LTBP1,Drug_Perturbations_from_GEO_down,Myofibroblasts_UP→DOWNmatch
Drug_Perturbations_from_GEO_down,tretinoin DB00755 human GSE23702 sample 2828,7/348,0.0489508701983102,0.1225887786810709,0,0,2.183917439866673,6.588743803383095,PTPRE;SPARC;INPP5A;LGALS1;MCAM;VIM;CTNNAL1,Drug_Perturbations_from_GEO_down,Myofibroblasts_UP→DOWNmatch
Drug_Perturbations_from_GEO_down,coenzyme Q10 5281915 mouse GSE15129 sample 3450,8/426,0.0511712842246678,0.1277811666414837,0,0,2.039223933960776,6.061749673021858,GPM6A;NR4A1;PCP4;EGR2;PPP1R1A;ARPP21;NOV;SPARCL1,Drug_Perturbations_from_GEO_down,Myofibroblasts_UP→DOWNmatch
Drug_Perturbations_from_GEO_down,PLX4032 DB05238 human GSE50649 sample 2557,7/355,0.053388199781895,0.1329350877090738,0,0,2.1392186420450976,6.268264737396795,NR4A2;TNFAIP6;PEG10;MCAM;TNC;LPL;CDH19,Drug_Perturbations_from_GEO_down,Myofibroblasts_UP→DOWNmatch
Drug_Perturbations_from_GEO_down,PBDE 47 95170 human GSE8588 sample 3050,6/284,0.0543761537399266,0.135008221714275,0,0,2.291054113231154,6.671159117025894,PGRMC1;LGALS1;NOV;STMN1;FAM83D;MT3,Drug_Perturbations_from_GEO_down,Myofibroblasts_UP→DOWNmatch
Drug_Perturbations_from_GEO_down,decitabine DB01262 human GSE29077 sample 2546,7/357,0.0547009643665936,0.1354277436882333,0,0,2.126775956284153,6.180142826749619,SH3BGRL;INPP5A;RAP1A;DSTN;ITGA6;GYG1;CTNNAL1,Drug_Perturbations_from_GEO_down,Myofibroblasts_UP→DOWNmatch
Drug_Perturbations_from_GEO_down,PLX4720 CID 24180719 human GSE50791 sample 2507,6/285,0.0551276697395948,0.1360964346696248,0,0,2.2827255726975224,6.615575007698831,PLA2G16;LGALS1;SERPINE2;TPM2;S100A6;KLK6,Drug_Perturbations_from_GEO_down,Myofibroblasts_UP→DOWNmatch
Drug_Perturbations_from_GEO_down,metformin DB00331 mouse GSE35961 sample 3308,6/286,0.0558854665488486,0.1375764034871091,0,0,2.2744565217391304,6.560558213012532,AZGP1;PGRMC1;LGALS1;LPL;VIM;LPIN1,Drug_Perturbations_from_GEO_down,Myofibroblasts_UP→DOWNmatch
Drug_Perturbations_from_GEO_down,CADMIUM 23973 human GSE9951 sample 3404,6/287,0.0566495485797293,0.1386717118754501,0,0,2.2662463252359584,6.50610144348073,SPARC;BAG2;PEG10;ITGA6;MYL9;RAMP1,Drug_Perturbations_from_GEO_down,Myofibroblasts_UP→DOWNmatch
Drug_Perturbations_from_GEO_down,formaldehyde 712 rat GSE7002 sample 3543,6/287,0.0566495485797293,0.1386717118754501,0,0,2.2662463252359584,6.50610144348073,ACTA1;CKM;PPP1R1A;TPM2;TPM1;PGAM2,Drug_Perturbations_from_GEO_down,Myofibroblasts_UP→DOWNmatch
Drug_Perturbations_from_GEO_down,Fasudil 3547 mouse GSE25829 sample 3274,10/593,0.0572664092224056,0.1396672305666592,0,0,1.8321898227558604,5.240138111151291,SOX2;ACTA1;EGR2;SMTN;COL4A2;MCAM;NEDD9;FBXO32;LPIN1;PDLIM7,Drug_Perturbations_from_GEO_down,Myofibroblasts_UP→DOWNmatch
Drug_Perturbations_from_GEO_down,haloperidol 3559 mouse GSE6511 sample 2471,5/218,0.0573776769991914,0.1396672305666592,0,0,2.4866133739373177,7.106989569049102,SOX2;TNFAIP6;COL4A2;ANXA6;MT3,Drug_Perturbations_from_GEO_down,Myofibroblasts_UP→DOWNmatch
Drug_Perturbations_from_GEO_down,formaldehyde 712 rat GSE7002 sample 3540,7/362,0.058070821460252,0.1409596196898297,0,0,2.0962826137150774,5.966213079498626,ACTA1;MFAP4;CKM;FXYD1;FN1;PLAT;ASPN,Drug_Perturbations_from_GEO_down,Myofibroblasts_UP→DOWNmatch
Drug_Perturbations_from_GEO_down,dexamethasone DB01234 mouse GSE5463 sample 2709,8/438,0.0583116488458818,0.1411499243651012,0,0,1.9810886787630972,5.630161700185908,CYFIP2;RGCC;LGALS1;CSRP1;P2RX1;DYNLRB1;RAMP1;SOX4,Drug_Perturbations_from_GEO_down,Myofibroblasts_UP→DOWNmatch
Drug_Perturbations_from_GEO_down,Retinoic acid 444795 human GSE23702 sample 3232,7/363,0.0587599134754684,0.1411934536796544,0,0,2.090286731749248,5.924490068864398,PTPRE;SPARC;INPP5A;LGALS1;MCAM;VIM;CTNNAL1,Drug_Perturbations_from_GEO_down,Myofibroblasts_UP→DOWNmatch
Drug_Perturbations_from_GEO_down,isoflurane 3763 rat GSE6433 sample 3653,6/290,0.0589795439421341,0.1411934536796544,0,0,2.2419626454378445,6.346020116724984,RGCC;NRN1;PLP1;VIM;DYNLRB1;MT3,Drug_Perturbations_from_GEO_down,Myofibroblasts_UP→DOWNmatch
Drug_Perturbations_from_GEO_down,estradiol DB00783 human GSE26834 sample 2733,6/290,0.0589795439421341,0.1411934536796544,0,0,2.2419626454378445,6.346020116724984,SLC12A2;CYFIP2;MME;PMP22;EFHD1;SEMA3E,Drug_Perturbations_from_GEO_down,Myofibroblasts_UP→DOWNmatch
Drug_Perturbations_from_GEO_down,estradiol 5757 human GSE24592 sample 3344,6/290,0.0589795439421341,0.1411934536796544,0,0,2.2419626454378445,6.346020116724984,SOX2;TGFB2;PCP4;NEDD9;ACTG2;SOX4,Drug_Perturbations_from_GEO_down,Myofibroblasts_UP→DOWNmatch
Drug_Perturbations_from_GEO_down,soman 7305 rat GSE13428 sample 2637,4/155,0.060622211772412,0.144727203379742,0,0,2.7998290963469343,7.84818392307087,MLIP;PNCK;NOV;ALDH1A1,Drug_Perturbations_from_GEO_down,Myofibroblasts_UP→DOWNmatch
Drug_Perturbations_from_GEO_down,NVP-TNKS656 (tankyrase inhibitor) 71227201 human GSE55624 sample 3247,6/293,0.0613662252468015,0.1461020540807413,0,0,2.218186638388123,6.190727490076102,RGCC;RNF13;SCRN1;PDE4D;ANXA6;OXR1,Drug_Perturbations_from_GEO_down,Myofibroblasts_UP→DOWNmatch
Drug_Perturbations_from_GEO_down,dactinomycin DB00970 mouse GSE5324 sample 2701,9/522,0.0619822093198498,0.1471654095599714,0,0,1.8704080643597945,5.201432527926669,NR4A2;RCAN1;NR4A1;EGR2;FGF7;RAB23;NEDD9;LPIN1;FILIP1L,Drug_Perturbations_from_GEO_down,Myofibroblasts_UP→DOWNmatch
Drug_Perturbations_from_GEO_down,HYPOCHLOROUS ACID 24341 human GSE11630 sample 3200,6/294,0.0621743924434406,0.147219474205313,0,0,2.2103713768115942,6.139996269925278,ALDH1A1;S100A6;FN1;VIM;WFDC2;SOX4,Drug_Perturbations_from_GEO_down,Myofibroblasts_UP→DOWNmatch
Drug_Perturbations_from_GEO_down,lysophosphatidic acid 3988 human GSE26309 sample 3225,6/296,0.0638096441169171,0.1505273527563372,0,0,2.1949025487256373,6.040044638293078,BAG2;COL4A2;SEMA3C;PLLP;FILIP1L;AURKB,Drug_Perturbations_from_GEO_down,Myofibroblasts_UP→DOWNmatch
Drug_Perturbations_from_GEO_down,Bisphenol A 6623 human GSE17624 sample 2659,5/225,0.0639178287308267,0.1505273527563372,0,0,2.4066339066339064,6.618620956354786,LGALS1;TPM1;MAL;FAM83D;SOX4,Drug_Perturbations_from_GEO_down,Myofibroblasts_UP→DOWNmatch
Drug_Perturbations_from_GEO_down,quercetin DB04216 mouse GSE4262 sample 3429,7/371,0.0644548494439753,0.1513817950454447,0,0,2.043505674653216,5.602864054990033,TAGLN;CSRP1;MME;CALD1;SPARCL1;MYL9;ACTG2,Drug_Perturbations_from_GEO_down,Myofibroblasts_UP→DOWNmatch
Drug_Perturbations_from_GEO_down,dexamethasone DB01234 human GSE34313 sample 2714,6/297,0.0646367295082458,0.1513997788212012,0,0,2.1872478709099057,5.9908116849583335,C11ORF96;RCAN1;EGR2;FGF7;TNFAIP6;SOX4,Drug_Perturbations_from_GEO_down,Myofibroblasts_UP→DOWNmatch
Drug_Perturbations_from_GEO_down,formaldehyde 712 rat GSE7002 sample 3550,6/298,0.0654701212030685,0.1529396110899637,0,0,2.179645622394282,5.942065772903022,SOX2;PCP4;NOV;KCNK12;NEK1;SERPINB9,Drug_Perturbations_from_GEO_down,Myofibroblasts_UP→DOWNmatch
Drug_Perturbations_from_GEO_down,Monuron 8800 rat GSE51163 sample 2468,6/299,0.0663098186211018,0.154485877699028,0,0,2.172095266359994,5.893800870648933,NR4A1;PCP4;STMN1;MAP3K7CL;CRYAB;AURKB,Drug_Perturbations_from_GEO_down,Myofibroblasts_UP→DOWNmatch
Drug_Perturbations_from_GEO_down,ANGIOTENSIN II 172198 mouse GSE17901 sample 3678,5/228,0.066844228811399,0.1553145316500153,0,0,2.373894073445643,6.4223100222721525,PCP4;AZGP1;PLN;SFRP5;MAL,Drug_Perturbations_from_GEO_down,Myofibroblasts_UP→DOWNmatch
Drug_Perturbations_from_GEO_down,SODIUM ARSENITE 443495 mouse GSE11056 sample 3357,7/375,0.0674241274851661,0.1562441780922917,0,0,2.0208778807317653,5.449807175066423,ACTA1;RGCC;PGAM2;PLP1;MBP;ITGA6;FBXO32,Drug_Perturbations_from_GEO_down,Myofibroblasts_UP→DOWNmatch
Drug_Perturbations_from_GEO_down,motexafin gadolinium (4 h) DB05428 human GSE2189 sample 3125,6/302,0.0688667334597276,0.1585014537456417,0,0,2.149750293772033,5.75183327881349,SLC12A2;LDHB;PLA2G16;CD151;S100A6;VIM,Drug_Perturbations_from_GEO_down,Myofibroblasts_UP→DOWNmatch
Drug_Perturbations_from_GEO_down,Interferon beta-1b DB00068 human GSE26104 sample 3184,6/302,0.0688667334597276,0.1585014537456417,0,0,2.149750293772033,5.75183327881349,NR4A2;PPP1R14A;FXYD6;S100B;MYL9;CES1,Drug_Perturbations_from_GEO_down,Myofibroblasts_UP→DOWNmatch
Drug_Perturbations_from_GEO_down,olanzapine 4585 rat GSE2547 sample 2511,4/162,0.0689453964509235,0.1585014537456417,0,0,2.674833265278345,7.153682264161543,GPM6A;DYNC1LI2;PLP1;OXR1,Drug_Perturbations_from_GEO_down,Myofibroblasts_UP→DOWNmatch
Drug_Perturbations_from_GEO_down,Retinoic acid 444795 human GSE23702 sample 3231,7/380,0.0712501929221054,0.1633678565944845,0,0,1.993275612007208,5.265352645085859,PTPRE;SPARC;INPP5A;LGALS1;MCAM;VIM;CTNNAL1,Drug_Perturbations_from_GEO_down,Myofibroblasts_UP→DOWNmatch
Drug_Perturbations_from_GEO_down,carboplatin DB00958 human GSE49577 sample 3174,5/235,0.0739588750561063,0.1691322695362012,0,0,2.3008225616921267,5.991908143378287,SPARC;COL4A2;NOV;SFRP5;FAM83D,Drug_Perturbations_from_GEO_down,Myofibroblasts_UP→DOWNmatch
Drug_Perturbations_from_GEO_down,curcumin 969516 human GSE10896 sample 3406,4/169,0.0778267958641349,0.1775104609079614,0,0,2.560443141088302,6.537501345977256,LDHB;SH3BGRL;LGALS1;FN1,Drug_Perturbations_from_GEO_down,Myofibroblasts_UP→DOWNmatch
Drug_Perturbations_from_GEO_down,tamoxifen DB00675 human GSE4025 sample 2820,5/239,0.0782031300806956,0.1779018849217919,0,0,2.261030261030261,5.762112632906707,CSRP1;PMP22;ANXA6;DSTN;EFHD1,Drug_Perturbations_from_GEO_down,Myofibroblasts_UP→DOWNmatch
Drug_Perturbations_from_GEO_down,apratoxin A 6326668 human GSE2742 sample 3071,7/389,0.0784577830921944,0.1780151788697569,0,0,1.9454124109518496,4.951453151185265,LDHB;PLA2G16;CD151;S100A6;ITGA6;DYNLRB1;KLK6,Drug_Perturbations_from_GEO_down,Myofibroblasts_UP→DOWNmatch
Drug_Perturbations_from_GEO_down,calcitriol 5280453 human GSE52819 sample 3129,5/240,0.0792843572597078,0.1794221522361617,0,0,2.251293847038528,5.7063870004407065,LGALS1;TPM2;ANXA6;NEXN;MYL9,Drug_Perturbations_from_GEO_down,Myofibroblasts_UP→DOWNmatch
Drug_Perturbations_from_GEO_down,cisplatin DB00515 human GSE6410 sample 2532,6/315,0.0806005190383222,0.1819268858293559,0,0,2.0579358379062898,5.182397314421994,LGALS1;TPM1;ITGA6;VIM;LPP;AURKB,Drug_Perturbations_from_GEO_down,Myofibroblasts_UP→DOWNmatch
Drug_Perturbations_from_GEO_down,azacitidine DB00928 human GSE29077 sample 2544,7/392,0.0809518387975962,0.182246497189407,0,0,1.929955290611028,4.851716310934943,LGALS1;PEG10;TPM1;DSTN;ITGA6;VIM;CTNNAL1,Drug_Perturbations_from_GEO_down,Myofibroblasts_UP→DOWNmatch
Drug_Perturbations_from_GEO_down,PLX4032 DB05238 human GSE24862 sample 2567,7/393,0.0817933420856306,0.1836651531586901,0,0,1.9248563096350408,4.818992167849847,NR4A2;NR4A1;EGR2;TNC;LPL;NEDD9;PLAT,Drug_Perturbations_from_GEO_down,Myofibroblasts_UP→DOWNmatch
Drug_Perturbations_from_GEO_down,coenzyme Q10 5281915 mouse GSE15129 sample 3454,6/317,0.082499577006712,0.1844696112779769,0,0,2.044491821613309,5.100929634948741,ACTC1;PLN;FXYD1;FHL1;DSTN;VIM,Drug_Perturbations_from_GEO_down,Myofibroblasts_UP→DOWNmatch
Drug_Perturbations_from_GEO_down,Carboplatin DB00958 human GSE13525 sample 3089,5/243,0.0825761551060219,0.1844696112779769,0,0,2.222575516693164,5.543179615723967,SLC12A2;MBNL1-AS1;NUBPL;HSD17B6;SULF1,Drug_Perturbations_from_GEO_down,Myofibroblasts_UP→DOWNmatch
Drug_Perturbations_from_GEO_down,ethanol 702 human GSE44456 sample 3037,6/318,0.0834584378746343,0.1859625192642494,0,0,2.037834448160535,5.060771357378862,NR4A2;SHC4;HHATL;NOV;PMP2;KLK6,Drug_Perturbations_from_GEO_down,Myofibroblasts_UP→DOWNmatch
Drug_Perturbations_from_GEO_down,Cadmium Chloride 24947 rat GSE9480 sample 3414,6/319,0.0844235087816825,0.187631788059545,0,0,2.0312196138352547,5.020990808353484,SHC4;STMN1;PGAM2;ALDH1A1;EFHD1;OXR1,Drug_Perturbations_from_GEO_down,Myofibroblasts_UP→DOWNmatch
Drug_Perturbations_from_GEO_down,letrozole 3902 human GSE5462 sample 3097,6/323,0.0883457094905258,0.195349673148262,0,0,2.005177616239199,4.865558761682631,SERPINE2;TPM1;PMP22;FN1;PLAT;ASPN,Drug_Perturbations_from_GEO_down,Myofibroblasts_UP→DOWNmatch
Drug_Perturbations_from_GEO_down,dexamethasone DB01234 mouse GSE4165 sample 2710,6/323,0.0883457094905258,0.195349673148262,0,0,2.005177616239199,4.865558761682631,LGALS1;RAP1A;BAG2;TPM2;PLAT;HADH,Drug_Perturbations_from_GEO_down,Myofibroblasts_UP→DOWNmatch
Drug_Perturbations_from_GEO_down,resveratrol DB02709 human GSE36930 sample 3498,5/251,0.0917036637421572,0.2022601111470421,0,0,2.1494177103933203,5.1353736337214615,SPARC;CD151;P2RX1;PSMF1;SNCA,Drug_Perturbations_from_GEO_down,Myofibroblasts_UP→DOWNmatch
Drug_Perturbations_from_GEO_down,halothane 3562 rat GSE6433 sample 3651,5/252,0.0928799441750346,0.2043358771850761,0,0,2.140606193237772,5.087038327672734,CYFIP2;REEP2;PLP1;MBP;VIM,Drug_Perturbations_from_GEO_down,Myofibroblasts_UP→DOWNmatch
Drug_Perturbations_from_GEO_down,Interferon beta-1a DB00060 human GSE26104 sample 3186,4/181,0.0943077089100599,0.2066635883341957,0,0,2.3853957839742423,5.632378262298121,PPP1R14A;SPARC;FGFBP2;MYL9,Drug_Perturbations_from_GEO_down,Myofibroblasts_UP→DOWNmatch
Drug_Perturbations_from_GEO_down,decitabine DB01262 human GSE9118 sample 2703,6/329,0.0944136301135508,0.2066635883341957,0,0,1.9673240005384305,4.64302201843811,TPM1;PMP22;TNC;DSTN;PLAT;VIM,Drug_Perturbations_from_GEO_down,Myofibroblasts_UP→DOWNmatch
Drug_Perturbations_from_GEO_down,doxycycline DB00254 human GSE41035 sample 3040,5/255,0.0964553350137848,0.2106022264496961,0,0,2.1145945945945948,4.945349994336841,LGALS1;COL4A2;PEG10;EFHD1;CTNNAL1,Drug_Perturbations_from_GEO_down,Myofibroblasts_UP→DOWNmatch
Drug_Perturbations_from_GEO_down,vitamin c DB00126 mouse GSE46319 sample 3506,5/256,0.0976625627671385,0.2127036768036175,0,0,2.106062237536341,4.899199856959047,MIA;CSRP1;ALDH1B1;FHL1;ASPN,Drug_Perturbations_from_GEO_down,Myofibroblasts_UP→DOWNmatch
Drug_Perturbations_from_GEO_down,cisplatin DB00515 human GSE47856 sample 3159,5/257,0.0988774616889136,0.2148112855191648,0,0,2.0975975975975976,4.853576451719281,TAGLN;SERPINE2;NEK1;ITGB8;BCAS1,Drug_Perturbations_from_GEO_down,Myofibroblasts_UP→DOWNmatch
Drug_Perturbations_from_GEO_down,formaldehyde 712 rat GSE7002 sample 3552,4/186,0.1016252172664951,0.2202302089889882,0,0,2.3192721257237388,5.302931231788659,SOX2;GPM6A;KCNK12;PMP22,Drug_Perturbations_from_GEO_down,Myofibroblasts_UP→DOWNmatch
Drug_Perturbations_from_GEO_down,mycophenolic acid DB01024 human GSE14630 sample 3302,5/261,0.103813214191461,0.2244121470954717,0,0,2.0644003378378377,4.676201222837511,SH3BGRL;RGCC;S100A6;MAP3K7CL;VIM,Drug_Perturbations_from_GEO_down,Myofibroblasts_UP→DOWNmatch
Drug_Perturbations_from_GEO_down,"2,3,7,8-tetrachlorodibenzo-p-dioxin 10852289 mouse GSE2812 sample 3600",5/262,0.1050660481821035,0.2265568135738163,0,0,2.056262488169103,4.63310092338573,ACTA1;CKM;SLMAP;PGAM2;HADH,Drug_Perturbations_from_GEO_down,Myofibroblasts_UP→DOWNmatch
Drug_Perturbations_from_GEO_down,colchicine DB01394 human GSE4090 sample 2696,6/340,0.1061055059558069,0.2271075977231433,0,0,1.9014579536579013,4.26558120585783,PTPRE;PGRMC1;PDE4D;FILIP1;SNCA;AIF1L,Drug_Perturbations_from_GEO_down,Myofibroblasts_UP→DOWNmatch
Drug_Perturbations_from_GEO_down,NVP-TNKS656 27924 human GSE55624 sample 3249,6/340,0.1061055059558069,0.2271075977231433,0,0,1.9014579536579013,4.26558120585783,RGCC;SCRN1;TPM1;FAM83D;CTNNAL1;AIF1L,Drug_Perturbations_from_GEO_down,Myofibroblasts_UP→DOWNmatch
Drug_Perturbations_from_GEO_down,Retinoic acid 444795 human GSE23702 sample 3233,6/340,0.1061055059558069,0.2271075977231433,0,0,1.9014579536579013,4.26558120585783,PTPRE;SPARC;INPP5A;MCAM;VIM;CTNNAL1,Drug_Perturbations_from_GEO_down,Myofibroblasts_UP→DOWNmatch
Drug_Perturbations_from_GEO_down,etanercept DB00005 human GSE11903 sample 2608,5/264,0.1075941833495963,0.2297281212058948,0,0,2.040175310445581,4.5483437643667495,NR4A2;TNC;ITGA7;AURKB;KLK6,Drug_Perturbations_from_GEO_down,Myofibroblasts_UP→DOWNmatch
Drug_Perturbations_from_GEO_down,ethanol DB00898 human GSE3846 sample 2738,5/265,0.1088694231114132,0.2318811977544561,0,0,2.0322245322245323,4.506673454156276,RGCC;SGCA;MPZ;OTUD7B;MYL9,Drug_Perturbations_from_GEO_down,Myofibroblasts_UP→DOWNmatch
Drug_Perturbations_from_GEO_down,SODIUM BUTYRATE 5222465 mouse GSE4410 sample 3584,6/343,0.1094196099331924,0.2324832299069541,0,0,1.8842407431299184,4.169005412278561,SMTN;SEMA3C;TPM1;STMN1;MAL;SERPINB9,Drug_Perturbations_from_GEO_down,Myofibroblasts_UP→DOWNmatch
Drug_Perturbations_from_GEO_down,Lipopolysaccharide 11970143 human GSE3140 sample 3595,5/270,0.1153560715070838,0.2439037132351723,0,0,1.9933707292197855,4.30514587446946,ACTA1;SPARC;LGALS1;FHL1;MYL9,Drug_Perturbations_from_GEO_down,Myofibroblasts_UP→DOWNmatch
Drug_Perturbations_from_GEO_down,SB 216763 176158 human GSE19736 sample 3266,5/270,0.1153560715070838,0.2439037132351723,0,0,1.9933707292197855,4.30514587446946,PTPRE;CD151;ALDH1B1;ITGA6;FBXO32,Drug_Perturbations_from_GEO_down,Myofibroblasts_UP→DOWNmatch
Drug_Perturbations_from_GEO_down,"puromycin, EC50, 1 d 439530 human GSE6930 sample 3268",6/349,0.1162060710511948,0.245104552775457,0,0,1.8507098491570544,3.983449722679768,TAGLN;SERPINE2;CSRP1;COL4A2;TPM1;VIM,Drug_Perturbations_from_GEO_down,Myofibroblasts_UP→DOWNmatch
Drug_Perturbations_from_GEO_down,resveratrol DB02709 human GSE25412 sample 3500,6/350,0.1173574485615317,0.2469337113800752,0,0,1.8452350859453996,3.953473162935932,MME;SYNPO2;FAM83D;SULF1;AURKB;RERG,Drug_Perturbations_from_GEO_down,Myofibroblasts_UP→DOWNmatch
Drug_Perturbations_from_GEO_down,formaldehyde 712 rat GSE7002 sample 3548,6/353,0.1208459955939235,0.2536598313312068,0,0,1.8290001252975816,3.865113129610109,ACTA1;CKM;TPM2;TPM1;PGAM2;FAM83D,Drug_Perturbations_from_GEO_down,Myofibroblasts_UP→DOWNmatch
Drug_Perturbations_from_GEO_down,adenosine triphosphate 5957 human GSE30903 sample 3220,6/354,0.1220202488868579,0.2555074609221193,0,0,1.8236506746626688,3.8361737012377977,LDHB;EGR2;SH3BGRL;LGALS1;S100A6;GYG1,Drug_Perturbations_from_GEO_down,Myofibroblasts_UP→DOWNmatch
Drug_Perturbations_from_GEO_down,Retinoic acid 444795 human GSE54464 sample 3141,5/276,0.1233786233881468,0.2577308262603356,0,0,1.948638675575945,4.077521387044522,SOX2;PLLP;ALDH1A1;MAL;SOX4,Drug_Perturbations_from_GEO_down,Myofibroblasts_UP→DOWNmatch
Drug_Perturbations_from_GEO_down,resveratrol DB02709 mouse GSE11291 sample 3505,6/359,0.1279761064474213,0.2666936127165688,0,0,1.7973580490208154,3.69520944362893,NR4A1;CADM3;PCP4;SPARC;CSRP1;MT3,Drug_Perturbations_from_GEO_down,Myofibroblasts_UP→DOWNmatch
Drug_Perturbations_from_GEO_down,morphine DB00295 mouse GSE15774 sample 2787,6/360,0.1291840447373898,0.2685668298487842,0,0,1.7921886514369934,3.6677448793117904,TSPAN15;STMN1;LMOD1;UACA;AURKB;GPM6B,Drug_Perturbations_from_GEO_down,Myofibroblasts_UP→DOWNmatch
Drug_Perturbations_from_GEO_down,Cadmium dichloride 24947 rat GSE31503 sample 3282,4/204,0.1300139010958539,0.2695094054525986,0,0,2.1086021505376342,4.30178856265244,ANXA6;NEDD9;FAM83D;MYLK,Drug_Perturbations_from_GEO_down,Myofibroblasts_UP→DOWNmatch
Drug_Perturbations_from_GEO_down,Perfluorooctanoic Acid 9554 mouse GSE13044 sample 3516,5/281,0.1302577103453296,0.2695094054525986,0,0,1.9128476302389343,3.898843325867168,CPM;AZGP1;NRN1;HSD17B6;LPIN1,Drug_Perturbations_from_GEO_down,Myofibroblasts_UP→DOWNmatch
Drug_Perturbations_from_GEO_down,5-Fluorouracil 3385 mouse GSE1559 sample 3640,7/444,0.1312930142935119,0.271006245655729,0,0,1.6957522101761888,3.442925907160837,SLC12A2;CYFIP2;PTPRE;SH3BGRL;STMN1;DSTN;LPP,Drug_Perturbations_from_GEO_down,Myofibroblasts_UP→DOWNmatch
Drug_Perturbations_from_GEO_down,PLX4032 DB05238 human GSE24862 sample 2566,5/283,0.1330575019746722,0.2739598440475433,0,0,1.8988916974528485,3.830014989879904,NR4A1;EGR2;PMP2;MYL9;CES1,Drug_Perturbations_from_GEO_down,Myofibroblasts_UP→DOWNmatch
Drug_Perturbations_from_GEO_down,cisplatin DB00515 human GSE47856 sample 3154,4/206,0.1333544465271701,0.2739598440475433,0,0,2.087511977004152,4.205803658715051,CADM3;TAGLN;SEMA3E;PDLIM7,Drug_Perturbations_from_GEO_down,Myofibroblasts_UP→DOWNmatch
Drug_Perturbations_from_GEO_down,vemurafenib DB08881 human GSE37441 sample 2560,6/364,0.1340709399003259,0.2741356394667841,0,0,1.7717998542628128,3.560230206214908,PTPRE;FMNL2;ALDH1B1;PLLP;LPL;PLAT,Drug_Perturbations_from_GEO_down,Myofibroblasts_UP→DOWNmatch
Drug_Perturbations_from_GEO_down,methotrexate DB00563 human GSE11440 sample 2543,6/364,0.1340709399003259,0.2741356394667841,0,0,1.7717998542628128,3.560230206214908,LDHB;ALDH1A1;DYNLRB1;FAM83D;CTNNAL1;KLK6,Drug_Perturbations_from_GEO_down,Myofibroblasts_UP→DOWNmatch
Drug_Perturbations_from_GEO_down,isoflurane 3763 rat GSE6433 sample 3654,5/284,0.134467562499245,0.2743012014362533,0,0,1.8919887629565049,3.796147327461271,NR4A1;NRN1;VIM;DYNLRB1;OXR1,Drug_Perturbations_from_GEO_down,Myofibroblasts_UP→DOWNmatch
Drug_Perturbations_from_GEO_down,soman 7305 rat GSE13428 sample 2640,2/68,0.1364802257051114,0.2777548387300744,0,0,3.1824629271437783,6.338115327368072,MLIP;LPL,Drug_Perturbations_from_GEO_down,Myofibroblasts_UP→DOWNmatch
Drug_Perturbations_from_GEO_down,CONCANAVALIN A 596316 mouse GSE17184 sample 3367,6/367,0.1377933578141493,0.2797720278983546,0,0,1.756804769360472,3.4819872693165816,AZGP1;PGRMC1;NRN1;ALDH1A1;HAGH;HADH,Drug_Perturbations_from_GEO_down,Myofibroblasts_UP→DOWNmatch
Drug_Perturbations_from_GEO_down,IFN-alphacon1 DB05258 human GSE5542 sample 2474,5/287,0.1387379265318381,0.2810332357952618,0,0,1.8715737013609357,3.696673506689332,CSRP1;ALDH1A1;DSTN;VIM;CTNNAL1,Drug_Perturbations_from_GEO_down,Myofibroblasts_UP→DOWNmatch
Drug_Perturbations_from_GEO_down,Y15 23627197 human GSE43452 sample 2554,4/210,0.1401402884859481,0.2826259001641338,0,0,2.046560183735254,4.021718538044211,FAM83D;LPP;CTNNAL1;MYLK,Drug_Perturbations_from_GEO_down,Myofibroblasts_UP→DOWNmatch
Drug_Perturbations_from_GEO_down,citalopram DB00215 human GSE7036 sample 3292,5/288,0.1401746409329593,0.2826259001641338,0,0,1.864864864864865,3.664209937814676,LDHB;MLIP;EGR2;LGALS1;ANXA6,Drug_Perturbations_from_GEO_down,Myofibroblasts_UP→DOWNmatch
Drug_Perturbations_from_GEO_down,ubiquinol 9962735 mouse GSE15129 sample 3465,4/213,0.1453189209817355,0.2923197739192782,0,0,2.016875032155168,3.8901979689557726,CALD1;ALDH1A1;FN1;LPIN1,Drug_Perturbations_from_GEO_down,Myofibroblasts_UP→DOWNmatch
Drug_Perturbations_from_GEO_down,Insulin 3989 human GSE22309 sample 3370,5/292,0.1459867004337755,0.2929848560668613,0,0,1.8384970336189848,3.537709080330149,ACTA2;LDHB;SEMA3C;LMOD1;DSTN,Drug_Perturbations_from_GEO_down,Myofibroblasts_UP→DOWNmatch
Drug_Perturbations_from_GEO_down,Cisplatin DB00515 human GSE28274 sample 3253,6/374,0.1466658531649128,0.2936696460836618,0,0,1.722767013232514,3.307020780391573,LGALS1;RNF13;SEMA3C;SCRN1;SH3BP5;FAM83D,Drug_Perturbations_from_GEO_down,Myofibroblasts_UP→DOWNmatch
Drug_Perturbations_from_GEO_down,HYPOCHLOROUS ACID 24341 mouse GSE15457 sample 3382,5/293,0.1474558063818321,0.2945726338984187,0,0,1.8320195195195197,3.506900799818276,NR4A1;EGR2;RGCC;LPIN1;UACA,Drug_Perturbations_from_GEO_down,Myofibroblasts_UP→DOWNmatch
Drug_Perturbations_from_GEO_down,irinotecan DB00762 rat GSE11722 sample 2769,6/376,0.1492479887383383,0.2974690417743486,0,0,1.7132784958871916,3.258905842275663,SBSPON;MME;FBXO32;FAM83D;LTBP1;ARHGAP24,Drug_Perturbations_from_GEO_down,Myofibroblasts_UP→DOWNmatch
Drug_Perturbations_from_GEO_down,cyclophosphamide 2907 mouse GSE2254 sample 3627,4/216,0.1505717242344263,0.2994206598620515,0,0,1.988030026374518,3.763968531247015,SH3BGRL;DSTN;HADH;MT3,Drug_Perturbations_from_GEO_down,Myofibroblasts_UP→DOWNmatch
Drug_Perturbations_from_GEO_down,aminolevulinic acid DB00855 human GSE8920 sample 2575,5/296,0.1519010608912134,0.3013744792567682,0,0,1.8128540912046067,3.4163704610791275,RCAN1;TGFB2;PCP4;SEMA3C;MYLK,Drug_Perturbations_from_GEO_down,Myofibroblasts_UP→DOWNmatch
Drug_Perturbations_from_GEO_down,abiraterone DB05812 human GSE49244 sample 3300,6/380,0.1544737426758104,0.3057805976885632,0,0,1.694605905603348,3.1650682324733688,TGFB2;PLN;CASQ2;CNTN4;ACTG2;CDH7,Drug_Perturbations_from_GEO_down,Myofibroblasts_UP→DOWNmatch
Drug_Perturbations_from_GEO_down,coenzyme Q10 5281915 mouse GSE15129 sample 3464,5/298,0.1548957439182149,0.3059190942384744,0,0,1.8002951757217969,3.3575559184692207,PGRMC1;ALDH1A1;HAGH;HADH;LPIN1,Drug_Perturbations_from_GEO_down,Myofibroblasts_UP→DOWNmatch
Drug_Perturbations_from_GEO_down,NICKEL CHLORIDE 24385 rat GSE31503 sample 3280,5/305,0.1655679824033308,0.3262552759829806,0,0,1.7576576576576577,3.16092477555147,PGAM2;WFDC1;SORBS2;CRYAB;MYLK,Drug_Perturbations_from_GEO_down,Myofibroblasts_UP→DOWNmatch
Drug_Perturbations_from_GEO_down,morphine DB00295 mouse GSE50382 sample 3304,5/306,0.1671162195766895,0.3281885640756216,0,0,1.7517284726587052,3.1339574715412395,NR4A2;MYOC;NOV;PEG10;UACA,Drug_Perturbations_from_GEO_down,Myofibroblasts_UP→DOWNmatch
Drug_Perturbations_from_GEO_down,estradiol 5757 mouse GSE2889 sample 3607,7/475,0.1673044118360188,0.3281885640756216,0,0,1.5808929989257858,2.826542303605168,RGCC;LGALS1;RAP1A;CSRP1;DSTN;VIM;DYNLRB1,Drug_Perturbations_from_GEO_down,Myofibroblasts_UP→DOWNmatch
Drug_Perturbations_from_GEO_down,"1,2,4-BENZENETRIOL 10787 human GSE7664 sample 3535",4/226,0.1685891859222918,0.3299639697443055,0,0,1.8975104136394456,3.3781195275887383,S100A6;PMP22;FN1;COL9A3,Drug_Perturbations_from_GEO_down,Myofibroblasts_UP→DOWNmatch
Drug_Perturbations_from_GEO_down,Vitamin D3 DB00136 human GSE5145 sample 3170,5/308,0.1702299577597653,0.3316812405677939,0,0,1.73998751226474,3.080830699280701,NR4A2;RCAN1;INPP5A;SORBS2;CTNNAL1,Drug_Perturbations_from_GEO_down,Myofibroblasts_UP→DOWNmatch
Drug_Perturbations_from_GEO_down,vancomycin DB14969 mouse GSE7793 sample 3396,5/308,0.1702299577597653,0.3316812405677939,0,0,1.73998751226474,3.080830699280701,SH3BP5;LPL;DYNLRB1;GPM6B;CDH7,Drug_Perturbations_from_GEO_down,Myofibroblasts_UP→DOWNmatch
Drug_Perturbations_from_GEO_down,pertuzumab DB06366 human GSE31432 sample 3124,5/309,0.17179536545037,0.3328989681033017,0,0,1.7341749644381224,3.054664652272665,LDHB;PLA2G16;DYNC1LI2;PGRMC1;SERPINE2,Drug_Perturbations_from_GEO_down,Myofibroblasts_UP→DOWNmatch
Drug_Perturbations_from_GEO_down,MT19c compound SID 134222379 human GSE23616 sample 3352,5/309,0.17179536545037,0.3328989681033017,0,0,1.7341749644381224,3.054664652272665,SPARC;CD151;LGALS1;VIM;SOX4,Drug_Perturbations_from_GEO_down,Myofibroblasts_UP→DOWNmatch
Drug_Perturbations_from_GEO_down,PLX4032 DB05238 human GSE24862 sample 2570,6/393,0.172004184900325,0.3328989681033017,0,0,1.6365857768790024,2.880777973444155,PTPRE;FGF7;TNFAIP6;ITGB8;ITGA6;ARHGAP24,Drug_Perturbations_from_GEO_down,Myofibroblasts_UP→DOWNmatch
Drug_Perturbations_from_GEO_down,deltamethrin 40585 rat GSE7955 sample 3419,5/310,0.1733664029804204,0.3347897870888563,0,0,1.72840053167922,3.028759193881225,NR4A1;SH3BGRL;SPARC;KLK6;BCAS1,Drug_Perturbations_from_GEO_down,Myofibroblasts_UP→DOWNmatch
Drug_Perturbations_from_GEO_down,imatinib DB00619 mouse GSE51698 sample 2522,5/312,0.1765251784325699,0.3393813718095206,0,0,1.7169645215247822,2.9777174197877843,SPARC;SERPINE2;S100A6;DSTN;HADH,Drug_Perturbations_from_GEO_down,Myofibroblasts_UP→DOWNmatch
Drug_Perturbations_from_GEO_down,"3,3',4,4'-Tetrachlorobiphenyl 36187 human GSE6878 sample 3273",5/312,0.1765251784325699,0.3393813718095206,0,0,1.7169645215247822,2.9777174197877843,PGRMC1;PEG10;ALDH1A1;FAM83D;CTNNAL1,Drug_Perturbations_from_GEO_down,Myofibroblasts_UP→DOWNmatch
Drug_Perturbations_from_GEO_down,MK-886 CID 3651377 human GSE3202 sample 3193,4/232,0.1797502261257473,0.3448188664531443,0,0,1.8470099981135637,3.169814592663358,PPP1R14A;PGRMC1;ALDH1A1;FAM83D,Drug_Perturbations_from_GEO_down,Myofibroblasts_UP→DOWNmatch
Drug_Perturbations_from_GEO_down,arachidonic acid 444899 human GSE3737 sample 3119,4/233,0.1816343290345549,0.3476657090991811,0,0,1.8388505423299053,3.136637322550298,LGALS1;S100A6;ANXA6;FN1,Drug_Perturbations_from_GEO_down,Myofibroblasts_UP→DOWNmatch
Drug_Perturbations_from_GEO_down,Mepenzolate DB04843 mouse GSE50836 sample 2530,5/317,0.1845173086666748,0.3518029525862622,0,0,1.689015939015939,2.8544572152458976,LDHB;MLIP;PLN;PLP1;CDH19,Drug_Perturbations_from_GEO_down,Myofibroblasts_UP→DOWNmatch
Drug_Perturbations_from_GEO_down,motexafin gadolinium (24 h) DB05428 human GSE2189 sample 3128,6/402,0.1846054618864621,0.3518029525862622,0,0,1.5986495388669302,2.7009733409681638,SLC12A2;SERPINE2;SEMA3C;ALDH1A1;S100A6;FN1,Drug_Perturbations_from_GEO_down,Myofibroblasts_UP→DOWNmatch
Drug_Perturbations_from_GEO_down,HYPOCHLOROUS ACID 24341 human GSE11630 sample 3198,6/404,0.1874547107489779,0.3564510801769405,0,0,1.5904522613065326,2.662763812640222,LDHB;LGALS1;RAP1A;SERPINE2;ALDH1A1;ITGA6,Drug_Perturbations_from_GEO_down,Myofibroblasts_UP→DOWNmatch
Drug_Perturbations_from_GEO_down,imatinib DB00619 human GSE1922 sample 2513,5/320,0.1893759306197641,0.3585352586243465,0,0,1.6726726726726726,2.7833627688639986,MCAM;PMP22;FN1;SERPINB9;VIM,Drug_Perturbations_from_GEO_down,Myofibroblasts_UP→DOWNmatch
Drug_Perturbations_from_GEO_down,quercetin DB04216 mouse GSE38141 sample 3435,5/320,0.1893759306197641,0.3585352586243465,0,0,1.6726726726726726,2.7833627688639986,AZGP1;LGALS1;ALDH1A1;FN1;HADH,Drug_Perturbations_from_GEO_down,Myofibroblasts_UP→DOWNmatch
Drug_Perturbations_from_GEO_down,rosiglitazone 77999 rat GSE5509 sample 3567,5/321,0.1910057360611994,0.3608347492112659,0,0,1.6672938761546356,2.760124681175532,RCAN1;PLA2G16;FXYD1;HSD17B6;HAGH,Drug_Perturbations_from_GEO_down,Myofibroblasts_UP→DOWNmatch
Drug_Perturbations_from_GEO_down,etanercept DB00005 human GSE41663 sample 2605,5/322,0.1926405919324918,0.3631337839248056,0,0,1.661949015261318,2.7371121030923606,FGF7;TNC;PLAT;CRYAB;KLK6,Drug_Perturbations_from_GEO_down,Myofibroblasts_UP→DOWNmatch
Drug_Perturbations_from_GEO_down,paclitaxel 36314 human GSE12791 sample 3238,6/409,0.1946527754611655,0.3661326014626685,0,0,1.5703150285899234,2.569880131933455,LDHB;PLA2G16;RAP1A;DSTN;PLAT;DYNLRB1,Drug_Perturbations_from_GEO_down,Myofibroblasts_UP→DOWNmatch
Drug_Perturbations_from_GEO_down,MT19c compound SID 134222379 human GSE23616 sample 3353,5/324,0.1959252572288764,0.3669376045945983,0,0,1.651359823773617,2.6917528974088065,TSPAN15;CD151;MAL;VIM;SOX4,Drug_Perturbations_from_GEO_down,Myofibroblasts_UP→DOWNmatch
Drug_Perturbations_from_GEO_down,Perfluorooctanoic Acid 9554 mouse GSE13044 sample 3519,5/324,0.1959252572288764,0.3669376045945983,0,0,1.651359823773617,2.6917528974088065,AOC3;CPM;AZGP1;MYOCD;PRX,Drug_Perturbations_from_GEO_down,Myofibroblasts_UP→DOWNmatch
Drug_Perturbations_from_GEO_down,nicotinamide riboside 439924 mouse GSE62194 sample 3469,6/411,0.197561299141257,0.3684391559559377,0,0,1.5623993558776168,2.533752983846313,ACTA1;RGCC;S100A6;CASQ2;DYNLRB1;MT3,Drug_Perturbations_from_GEO_down,Myofibroblasts_UP→DOWNmatch
Drug_Perturbations_from_GEO_down,MEK inhibitor (MEKi -AZD6244) 10127622 human GSE55624 sample 3250,5/325,0.1975749674056006,0.3684391559559377,0,0,1.646114864864865,2.669401075421251,SCRN1;ANXA6;ITGA6;OXR1;KLK6,Drug_Perturbations_from_GEO_down,Myofibroblasts_UP→DOWNmatch
Drug_Perturbations_from_GEO_down,bleomycin DB00290 mouse GSE485 sample 2685,2/87,0.2003137965362942,0.3727466577945175,0,0,2.468710888610764,3.969366569785634,S100A6;WFDC2,Drug_Perturbations_from_GEO_down,Myofibroblasts_UP→DOWNmatch
Drug_Perturbations_from_GEO_down,phenytoin 1775 rat GSE2880 sample 3034,3/163,0.202384021728873,0.3757223744207653,0,0,1.9702540106951871,3.1476547332752225,SPARCL1;MT3;GPM6B,Drug_Perturbations_from_GEO_down,Myofibroblasts_UP→DOWNmatch
Drug_Perturbations_from_GEO_down,vitamin c DB00126 mouse GSE32994 sample 3508,4/244,0.202777668128123,0.3757223744207653,0,0,1.753584229390681,2.7980981374956557,SEMA3C;PEG10;TNC;ITGA8,Drug_Perturbations_from_GEO_down,Myofibroblasts_UP→DOWNmatch
Drug_Perturbations_from_GEO_down,curcumin 969516 human GSE10896 sample 3407,5/330,0.2058952968452356,0.3806872616138505,0,0,1.6203742203742204,2.560819174780799,SH3BGRL;TNFAIP6;RNF13;FN1;GYG1,Drug_Perturbations_from_GEO_down,Myofibroblasts_UP→DOWNmatch
Drug_Perturbations_from_GEO_down,lysophosphatidic acid 3988 human GSE26309 sample 3223,4/246,0.2066991970035294,0.3813622127305033,0,0,1.7389140673598151,2.7413818503223952,COL4A2;PLLP;FILIP1L;AURKB,Drug_Perturbations_from_GEO_down,Myofibroblasts_UP→DOWNmatch
Drug_Perturbations_from_GEO_down,cisplatin DB00515 human GSE47856 sample 3151,5/333,0.2109431080287254,0.388367713722378,0,0,1.605306526038233,2.498124739001528,RCAN1;GPM6A;SPARC;PDE4D;FLNC,Drug_Perturbations_from_GEO_down,Myofibroblasts_UP→DOWNmatch
Drug_Perturbations_from_GEO_down,etanercept DB00005 human GSE41663 sample 2603,5/335,0.2143306452248556,0.3909732641131698,0,0,1.5954135954135955,2.4573124737018577,FGF7;TNC;PLAT;FAM83D;KLK6,Drug_Perturbations_from_GEO_down,Myofibroblasts_UP→DOWNmatch
Drug_Perturbations_from_GEO_down,4-Hydroxytamoxifen 449459 human GSE26298 sample 3240,4/250,0.2146078791507272,0.3909732641131698,0,0,1.7102893609581258,2.632037384979524,SLC12A2;SCRN1;NEDD9;SOX4,Drug_Perturbations_from_GEO_down,Myofibroblasts_UP→DOWNmatch
Drug_Perturbations_from_GEO_down,HYPOCHLOROUS ACID 24341 mouse GSE15457 sample 3381,4/250,0.2146078791507272,0.3909732641131698,0,0,1.7102893609581258,2.632037384979524,NR4A1;EGR2;LPIN1;FAM83D,Drug_Perturbations_from_GEO_down,Myofibroblasts_UP→DOWNmatch
Drug_Perturbations_from_GEO_down,heroin 5462328 mouse GSE30305 sample 2668,4/250,0.2146078791507272,0.3909732641131698,0,0,1.7102893609581258,2.632037384979524,NR4A2;MLIP;NRN1;WFDC2,Drug_Perturbations_from_GEO_down,Myofibroblasts_UP→DOWNmatch
Drug_Perturbations_from_GEO_down,clozapine 2818 mouse GSE6511 sample 2469,4/250,0.2146078791507272,0.3909732641131698,0,0,1.7102893609581258,2.632037384979524,COL4A2;RAB23;OTUD7B;LPIN1,Drug_Perturbations_from_GEO_down,Myofibroblasts_UP→DOWNmatch
Drug_Perturbations_from_GEO_down,pioglitazone DB01132 rat GSE21329 sample 2842,4/251,0.216598231051908,0.3937737715148705,0,0,1.703278046232206,2.6055233530182824,AZGP1;PGRMC1;HSD17B6;HAGH,Drug_Perturbations_from_GEO_down,Myofibroblasts_UP→DOWNmatch
Drug_Perturbations_from_GEO_down,menadione DB00170 mouse GSE23725 sample 2780,4/252,0.2185936875106691,0.3957456550974406,0,0,1.696323274366979,2.579328376409883,NR4A1;INPP5A;COL4A2;S100A6,Drug_Perturbations_from_GEO_down,Myofibroblasts_UP→DOWNmatch
Drug_Perturbations_from_GEO_down,Cholestyramine DB01432 human GSE11223 sample 3294,4/252,0.2185936875106691,0.3957456550974406,0,0,1.696323274366979,2.579328376409883,NR4A2;NR4A1;EGR2;S100B,Drug_Perturbations_from_GEO_down,Myofibroblasts_UP→DOWNmatch
Drug_Perturbations_from_GEO_down,Harman 5281404 human GSE5080 sample 3482,6/426,0.2198778999663697,0.3972430250951669,0,0,1.5054347826086956,2.280256302489504,PGRMC1;LGALS1;PEG10;SPARCL1;ITGB8;SCRG1,Drug_Perturbations_from_GEO_down,Myofibroblasts_UP→DOWNmatch
Drug_Perturbations_from_GEO_down,Curcumin CID 969516 human GSE10896 sample 3258,5/339,0.2211574792055362,0.398725828692139,0,0,1.57598316879754,2.377969886611952,EGR2;LGALS1;S100A6;ITGA6;GYG1,Drug_Perturbations_from_GEO_down,Myofibroblasts_UP→DOWNmatch
Drug_Perturbations_from_GEO_down,Monuron 8800 rat GSE51163 sample 2463,4/254,0.2225995786158227,0.4004948940313663,0,0,1.6825806451612904,2.5278767432667437,NRN1;PMP22;WFDC2;MYLK,Drug_Perturbations_from_GEO_down,Myofibroblasts_UP→DOWNmatch
Drug_Perturbations_from_GEO_down,NICKEL 935 human GSE6281 sample 3481,4/255,0.2246098456399004,0.4032767683080031,0,0,1.6757914578246156,2.5026108777088285,AZGP1;ALDH1A1;PLP1;FXYD6,Drug_Perturbations_from_GEO_down,Myofibroblasts_UP→DOWNmatch
Drug_Perturbations_from_GEO_down,coenzyme Q10 5281915 mouse GSE15129 sample 3462,5/343,0.2280505991177502,0.4086102487285051,0,0,1.5570126339357109,2.301557000046436,PGRMC1;CALD1;FXYD1;ALDH1A1;LPIN1,Drug_Perturbations_from_GEO_down,Myofibroblasts_UP→DOWNmatch
Drug_Perturbations_from_GEO_down,cisplatin DB00515 human GSE28274 sample 3254,5/346,0.2332619632556042,0.4162313060967557,0,0,1.5430768011413172,2.2460920234503168,RNF13;SEMA3C;SCRN1;SH3BP5;FAM83D,Drug_Perturbations_from_GEO_down,Myofibroblasts_UP→DOWNmatch
Drug_Perturbations_from_GEO_down,Mercury 23931 human GSE6907 sample 3533,5/346,0.2332619632556042,0.4162313060967557,0,0,1.5430768011413172,2.2460920234503168,ACTA2;AZGP1;PGRMC1;S100A6;DSTN,Drug_Perturbations_from_GEO_down,Myofibroblasts_UP→DOWNmatch
Drug_Perturbations_from_GEO_down,carboplatin (30 h) 10339178 human GSE13525 sample 3031,3/177,0.2371095748706901,0.4222299601693233,0,0,1.810437027475567,2.605640539598256,SLC12A2;NUBPL;SULF1,Drug_Perturbations_from_GEO_down,Myofibroblasts_UP→DOWNmatch
Drug_Perturbations_from_GEO_down,PD173074 1401 human GSE52452 sample 2578,6/439,0.2398744982659191,0.426280038840662,0,0,1.4592579576262676,2.083294178863307,BAG2;RAB23;ITGA6;FAM83D;CTNNAL1;AURKB,Drug_Perturbations_from_GEO_down,Myofibroblasts_UP→DOWNmatch
Drug_Perturbations_from_GEO_down,soman 7305 rat GSE13428 sample 2633,2/100,0.2457076347065951,0.4357549684898594,0,0,2.139817629179331,3.00347568499149,RGCC;LPL,Drug_Perturbations_from_GEO_down,Myofibroblasts_UP→DOWNmatch
Drug_Perturbations_from_GEO_down,coenzyme Q10 5281915 mouse GSE15129 sample 3460,5/354,0.2473216066834338,0.4368343012355772,0,0,1.5070858824440487,2.105498050492632,PGRMC1;ALDH1A1;FHL1;HAGH;HADH,Drug_Perturbations_from_GEO_down,Myofibroblasts_UP→DOWNmatch
Drug_Perturbations_from_GEO_down,apratoxin A 6326668 human GSE2742 sample 3070,5/354,0.2473216066834338,0.4368343012355772,0,0,1.5070858824440487,2.105498050492632,PLA2G16;CD151;S100A6;DYNLRB1;KLK6,Drug_Perturbations_from_GEO_down,Myofibroblasts_UP→DOWNmatch
Drug_Perturbations_from_GEO_down,estradiol 5757 mouse GSE52711 sample 3118,4/267,0.2490812420109927,0.4390498971755632,0,0,1.5983482562655873,2.2216659757367165,LGALS1;VIM;RAMP1;SOX4,Drug_Perturbations_from_GEO_down,Myofibroblasts_UP→DOWNmatch
Drug_Perturbations_from_GEO_down,Mehp 20393 rat GSE4514 sample 3577,3/182,0.2497597530694038,0.4393547073224937,0,0,1.7594180384190243,2.440762897576222,LGALS1;DSTN;VIM,Drug_Perturbations_from_GEO_down,Myofibroblasts_UP→DOWNmatch
Drug_Perturbations_from_GEO_down,Cadmium dichloride 24947 rat GSE31503 sample 3283,4/268,0.2511470267729279,0.4409025581124733,0,0,1.5922124470511567,2.199986603362152,SH3BGRL;NOV;FAM83D;AURKB,Drug_Perturbations_from_GEO_down,Myofibroblasts_UP→DOWNmatch
Drug_Perturbations_from_GEO_down,estradiol 5757 human GSE4668 sample 3061,4/269,0.2532165046148805,0.4436394002224419,0,0,1.5861229458307973,2.1785563724574013,SLC12A2;DSTN;DYNLRB1;GYG1,Drug_Perturbations_from_GEO_down,Myofibroblasts_UP→DOWNmatch
Drug_Perturbations_from_GEO_down,vemurafenib DB08881 human GSE37441 sample 2564,5/358,0.2544339652326557,0.4448754844812431,0,0,1.489702166755991,2.038976129972623,TNC;PLAT;PMP2;FAM83D;AURKB,Drug_Perturbations_from_GEO_down,Myofibroblasts_UP→DOWNmatch
Drug_Perturbations_from_GEO_down,methotrexate DB00563 human GSE41831 sample 2600,4/270,0.2552895938873415,0.445475215036345,0,0,1.5800792303338993,2.157371788785796,PGAM2;ANXA6;DSTN;COL9A3,Drug_Perturbations_from_GEO_down,Myofibroblasts_UP→DOWNmatch
Drug_Perturbations_from_GEO_down,cisplatin DB00515 human GSE28274 sample 2531,5/361,0.2598016341105667,0.4524401203248146,0,0,1.4769207409656848,1.990648250727316,RNF13;SEMA3C;SCRN1;SH3BP5;FAM83D,Drug_Perturbations_from_GEO_down,Myofibroblasts_UP→DOWNmatch
Drug_Perturbations_from_GEO_down,dactinomycin DB00970 mouse GSE5324 sample 2700,7/544,0.2603925466633865,0.4525622461009657,0,0,1.372846516266243,1.8472542112676376,NR4A1;EGR2;FGF7;FMNL2;FAM13C;NEDD9;FILIP1L,Drug_Perturbations_from_GEO_down,Myofibroblasts_UP→DOWNmatch
Drug_Perturbations_from_GEO_down,Perfluorooctanoic Acid 9554 mouse GSE13044 sample 3518,4/273,0.2615297169336469,0.4526359442487417,0,0,1.5622176919694608,2.095257868972585,ACTA1;AZGP1;KCNK12;PRX,Drug_Perturbations_from_GEO_down,Myofibroblasts_UP→DOWNmatch
Drug_Perturbations_from_GEO_down,cetuximab DB00002 human GSE61495 sample 3135,4/273,0.2615297169336469,0.4526359442487417,0,0,1.5622176919694608,2.095257868972585,PGRMC1;RGCC;HADH;LPP,Drug_Perturbations_from_GEO_down,Myofibroblasts_UP→DOWNmatch
Drug_Perturbations_from_GEO_down,bexarotene DB00307 human GSE6914 sample 2680,6/453,0.2619975603649218,0.4526359442487417,0,0,1.4125328275459583,1.8919748425481924,PGRMC1;LGALS1;RAP1A;TPM2;S100A6;DSTN,Drug_Perturbations_from_GEO_down,Myofibroblasts_UP→DOWNmatch
Drug_Perturbations_from_GEO_down,Lapatinib DB01259 human GSE38376 sample 2584,4/274,0.2636164395971606,0.4545291389085963,0,0,1.556352050975707,2.0750221107347167,LDHB;PGRMC1;EFHD1;FAM83D,Drug_Perturbations_from_GEO_down,Myofibroblasts_UP→DOWNmatch
Drug_Perturbations_from_GEO_down,MLN4924 73014187 human GSE30531 sample 2644,4/275,0.265706368655398,0.4572254145773087,0,0,1.5505296988453756,2.055015402086317,SPARC;LGALS1;COL4A2;TNC,Drug_Perturbations_from_GEO_down,Myofibroblasts_UP→DOWNmatch
Drug_Perturbations_from_GEO_down,Hydrogen Peroxide 784 mouse GSE3078 sample 3598,5/365,0.2670004136026661,0.4585441885784918,0,0,1.46021021021021,1.9282149880524355,SH3BGRL;TGFB1I1;FN1;DYNLRB1;LPP,Drug_Perturbations_from_GEO_down,Myofibroblasts_UP→DOWNmatch
Drug_Perturbations_from_GEO_down,quercetin DB04216 mouse GSE4262 sample 3434,4/276,0.2677994237001378,0.4590092686300193,0,0,1.5447501581277672,2.0352345905422946,PTPRE;SERPINE2;MYOC;HSD17B6,Drug_Perturbations_from_GEO_down,Myofibroblasts_UP→DOWNmatch
Drug_Perturbations_from_GEO_down,acetaminophen DB00316 mouse GSE37874 sample 3301,4/277,0.2698955247255074,0.4610112595760792,0,0,1.5390129583677972,2.0156765756019936,PPP1R14A;ALDH1B1;TGFB1I1;LPIN1,Drug_Perturbations_from_GEO_down,Myofibroblasts_UP→DOWNmatch
Drug_Perturbations_from_GEO_down,Curcumin CID 969516 human GSE10896 sample 3259,6/458,0.2700284592913973,0.4610112595760792,0,0,1.3965467487495191,1.8283979961031904,LDHB;SH3BGRL;PGRMC1;RGCC;NOV;ITGA6,Drug_Perturbations_from_GEO_down,Myofibroblasts_UP→DOWNmatch
Drug_Perturbations_from_GEO_down,troglitazone DB00197 rat GSE21329 sample 2833,3/192,0.2753408133139139,0.4669629083163935,0,0,1.665478312537136,2.148043371288514,RCAN1;FN1;HSD17B6,Drug_Perturbations_from_GEO_down,Myofibroblasts_UP→DOWNmatch
Drug_Perturbations_from_GEO_down,calcitriol 5280453 human GSE52819 sample 3126,5/370,0.2760615823031195,0.4669629083163935,0,0,1.439837097371344,1.8532594148938004,DUSP3;RAB23;ANXA6;ITGA7;CNTN4,Drug_Perturbations_from_GEO_down,Myofibroblasts_UP→DOWNmatch
Drug_Perturbations_from_GEO_down,nicotinamide riboside 439924 mouse GSE62194 sample 3471,5/370,0.2760615823031195,0.4669629083163935,0,0,1.439837097371344,1.8532594148938004,GPM6A;FGF7;MYOC;RAB23;OXR1,Drug_Perturbations_from_GEO_down,Myofibroblasts_UP→DOWNmatch
Drug_Perturbations_from_GEO_down,trastuzumab DB00072 human GSE31432 sample 3123,4/280,0.2762013059546908,0.4669629083163935,0,0,1.5220508025557111,1.9583090852547105,LDHB;SERPINE2;S100A6;VIM,Drug_Perturbations_from_GEO_down,Myofibroblasts_UP→DOWNmatch
Drug_Perturbations_from_GEO_down,sulforaphane 5350 human GSE28813 sample 3445,4/280,0.2762013059546908,0.4669629083163935,0,0,1.5220508025557111,1.9583090852547105,LDHB;STMN1;VIM;CTNNAL1,Drug_Perturbations_from_GEO_down,Myofibroblasts_UP→DOWNmatch
Drug_Perturbations_from_GEO_down,soman 7305 rat GSE13428 sample 2639,2/110,0.2809013174698438,0.4739868832646491,0,0,1.94070133963751,2.4642091254410747,ALDH1A1;LPL,Drug_Perturbations_from_GEO_down,Myofibroblasts_UP→DOWNmatch
Drug_Perturbations_from_GEO_down,Lapatinib DB01259 human GSE38376 sample 2583,4/283,0.2825316411511129,0.4753609171583621,0,0,1.5054534242879716,1.9028400318502947,LDHB;PGRMC1;EFHD1;FAM83D,Drug_Perturbations_from_GEO_down,Myofibroblasts_UP→DOWNmatch
Drug_Perturbations_from_GEO_down,"2,3,7,8-tetrachlorodibenzo-p-dioxin 10852289 mouse GSE2812 sample 3601",3/195,0.2830710906007164,0.4753609171583621,0,0,1.6392045454545454,2.0687699141887634,SPARC;SLMAP;DSTN,Drug_Perturbations_from_GEO_down,Myofibroblasts_UP→DOWNmatch
Drug_Perturbations_from_GEO_down,PLX4032 DB05238 human GSE24862 sample 2565,5/374,0.2833566801933619,0.4753609171583621,0,0,1.4239361312532044,1.7956529793226912,NR4A2;NR4A1;EGR2;SMTN;LAMA4,Drug_Perturbations_from_GEO_down,Myofibroblasts_UP→DOWNmatch
Drug_Perturbations_from_GEO_down,PBDE 47 CID 95170 rat GSE19868 sample 3392,4/285,0.2867644576731725,0.4801508934835972,0,0,1.494585390119772,1.8668778004519972,GPM6A;ALDH1B1;SORBS2;LPIN1,Drug_Perturbations_from_GEO_down,Myofibroblasts_UP→DOWNmatch
Drug_Perturbations_from_GEO_down,Caerulein 16132921 mouse GSE3644 sample 3586,3/198,0.2908204726345779,0.4860057513835542,0,0,1.613739201974496,1.9930472050608043,ALDH1A1;HADH;LPIN1,Drug_Perturbations_from_GEO_down,Myofibroblasts_UP→DOWNmatch
Drug_Perturbations_from_GEO_down,diclofenac DB00586 human GSE28185 sample 3058,5/379,0.2925279132099932,0.4879208379644609,0,0,1.4045382280676395,1.7264516300184836,LDHB;LGALS1;VIM;GYG1;CTNNAL1,Drug_Perturbations_from_GEO_down,Myofibroblasts_UP→DOWNmatch
Drug_Perturbations_from_GEO_down,4-Hydroxytamoxifen 449459 human GSE26298 sample 3239,3/199,0.2934072130106547,0.4884499389008793,0,0,1.605423987776929,1.9685609873085053,SCRN1;NEDD9;SOX4,Drug_Perturbations_from_GEO_down,Myofibroblasts_UP→DOWNmatch
Drug_Perturbations_from_GEO_down,Triiodothyronine-[13C6] hydrochloride (T3 thyronine) 53442265 human GSE29159 sample 3046,4/289,0.2952575150763998,0.4887214868597933,0,0,1.4733069232220335,1.7972979753307088,ALDH1B1;PEG10;ITGA6;GYG1,Drug_Perturbations_from_GEO_down,Myofibroblasts_UP→DOWNmatch
Drug_Perturbations_from_GEO_down,SODIUM BUTYRATE 5222465 mouse GSE4410 sample 3582,4/289,0.2952575150763998,0.4887214868597933,0,0,1.4733069232220335,1.7972979753307088,SMTN;CD151;BAG2;S100A6,Drug_Perturbations_from_GEO_down,Myofibroblasts_UP→DOWNmatch
Drug_Perturbations_from_GEO_down,PBDE 47 95170 rat GSE19868 sample 3393,4/289,0.2952575150763998,0.4887214868597933,0,0,1.4733069232220335,1.7972979753307088,RCAN1;SERPINB9;VIM;LPIN1,Drug_Perturbations_from_GEO_down,Myofibroblasts_UP→DOWNmatch
Drug_Perturbations_from_GEO_down,curcumin 969516 human GSE10896 sample 3408,5/385,0.3036018608039805,0.4980895565104124,0,0,1.3819345661450924,1.6473186605620564,SH3BGRL;ANXA6;ITGA6;GYG1;CES1,Drug_Perturbations_from_GEO_down,Myofibroblasts_UP→DOWNmatch
Drug_Perturbations_from_GEO_down,estradiol DB00783 human GSE8597 sample 2731,3/203,0.3037687049321957,0.4980895565104124,0,0,1.5729946524064171,1.874205363254707,TGFB2;MME;EFHD1,Drug_Perturbations_from_GEO_down,Myofibroblasts_UP→DOWNmatch
Drug_Perturbations_from_GEO_down,Insulin 3989 human GSE22309 sample 3368,3/203,0.3037687049321957,0.4980895565104124,0,0,1.5729946524064171,1.874205363254707,COL4A2;MCAM;COL9A3,Drug_Perturbations_from_GEO_down,Myofibroblasts_UP→DOWNmatch
Drug_Perturbations_from_GEO_down,TRICHLOROETHYLENE 6575 mouse GSE24278 sample 3323,4/293,0.3037830436714828,0.4980895565104124,0,0,1.452617479629423,1.7307087553845162,AOC3;EGR2;SERPINE2;LPIN1,Drug_Perturbations_from_GEO_down,Myofibroblasts_UP→DOWNmatch
Drug_Perturbations_from_GEO_down,genistein 5280961 mouse GSE2889 sample 3605,4/293,0.3037830436714828,0.4980895565104124,0,0,1.452617479629423,1.7307087553845162,LDHB;RGCC;LGALS1;STMN1,Drug_Perturbations_from_GEO_down,Myofibroblasts_UP→DOWNmatch
Drug_Perturbations_from_GEO_down,soman 7305 rat GSE13428 sample 2635,2/117,0.3054803714916437,0.4997059215183295,0,0,1.8219241443108236,2.1605647347638626,NOV;ALDH1A1,Drug_Perturbations_from_GEO_down,Myofibroblasts_UP→DOWNmatch
Drug_Perturbations_from_GEO_down,morphine DB00295 human GSE7762 sample 3288,4/294,0.3059189300894722,0.4997059215183295,0,0,1.4475342973674452,1.7145104975360623,PCP4;PLP1;MT3;GPM6B,Drug_Perturbations_from_GEO_down,Myofibroblasts_UP→DOWNmatch
Drug_Perturbations_from_GEO_down,Adriamycin DB00997 mouse GSE44355 sample 2486,4/295,0.3080564680456141,0.5022534160068268,0,0,1.4424860510660311,1.698487187959414,NR4A2;NR4A1;ALDH1B1;AURKB,Drug_Perturbations_from_GEO_down,Myofibroblasts_UP→DOWNmatch
Drug_Perturbations_from_GEO_down,Bisphenol A 6623 human GSE17624 sample 2656,5/388,0.3091636923986259,0.5029103761949446,0,0,1.3708983134570605,1.6092761352275216,COL4A2;SEMA3C;S100A6;MAL;CTNNAL1,Drug_Perturbations_from_GEO_down,Myofibroblasts_UP→DOWNmatch
Drug_Perturbations_from_GEO_down,PLX4720 24180719 human GSE34299 sample 3243,4/296,0.3101955830155239,0.5029103761949446,0,0,1.4374723817940789,1.6826365559655334,SBSPON;LGALS1;COL9A3;CES1,Drug_Perturbations_from_GEO_down,Myofibroblasts_UP→DOWNmatch
Drug_Perturbations_from_GEO_down,doxorubicin DB00997 human GSE24460 sample 2533,4/296,0.3101955830155239,0.5029103761949446,0,0,1.4374723817940789,1.6826365559655334,SLC12A2;PCP4;SEMA3C;SH3BP5,Drug_Perturbations_from_GEO_down,Myofibroblasts_UP→DOWNmatch
Drug_Perturbations_from_GEO_down,quercetin 5280343 rat GSE7479 sample 3409,3/206,0.3115514533707988,0.5041679943747193,0,0,1.5495113405863914,1.807025831203544,PLA2G16;FHL1;PMP22,Drug_Perturbations_from_GEO_down,Myofibroblasts_UP→DOWNmatch
Drug_Perturbations_from_GEO_down,PLX4720 CID 24180719 human GSE50791 sample 2506,4/297,0.3123362008122506,0.5044984358844717,0,0,1.4324929355205696,1.6669563666164589,LDHB;PLA2G16;LGALS1;KLK6,Drug_Perturbations_from_GEO_down,Myofibroblasts_UP→DOWNmatch
Drug_Perturbations_from_GEO_down,Hodgkin lymphoma CID 148177 human GSE31059 sample 2494,4/298,0.3144782476378278,0.5069064055753738,0,0,1.427547363031234,1.6514444198374545,PLA2G16;S100A6;MAL;AURKB,Drug_Perturbations_from_GEO_down,Myofibroblasts_UP→DOWNmatch
Drug_Perturbations_from_GEO_down,1-Naphthyl isothiocyanate 11080 rat GSE5509 sample 3568,4/299,0.3166216499921978,0.5069064055753738,0,0,1.4226353198469108,1.6360985501975285,AZGP1;HSD17B6;HAGH;HADH,Drug_Perturbations_from_GEO_down,Myofibroblasts_UP→DOWNmatch
Drug_Perturbations_from_GEO_down,titanium dioxide NA mouse GSE7475 sample 2823,4/299,0.3166216499921978,0.5069064055753738,0,0,1.4226353198469108,1.6360985501975285,PGRMC1;LGALS1;ACTC1;CRYAB,Drug_Perturbations_from_GEO_down,Myofibroblasts_UP→DOWNmatch
Drug_Perturbations_from_GEO_down,Bisphenol A 6623 human GSE17624 sample 2657,3/208,0.3167435882939332,0.5069064055753738,0,0,1.534237641841659,1.7638557930625656,TPM1;MAL;SOX4,Drug_Perturbations_from_GEO_down,Myofibroblasts_UP→DOWNmatch
Drug_Perturbations_from_GEO_down,carboplatin (36 h) 10339178 human GSE13525 sample 3032,3/208,0.3167435882939332,0.5069064055753738,0,0,1.534237641841659,1.7638557930625656,SLC12A2;HSD17B6;SULF1,Drug_Perturbations_from_GEO_down,Myofibroblasts_UP→DOWNmatch
Drug_Perturbations_from_GEO_down,estradiol DB00783 human GSE11352 sample 2729,3/210,0.3219374767896991,0.514271447298251,0,0,1.519259087034023,1.7219250948857343,SLC12A2;LGALS1;DSTN,Drug_Perturbations_from_GEO_down,Myofibroblasts_UP→DOWNmatch
Drug_Perturbations_from_GEO_down,angiotensin II 172198 mouse GSE29145 sample 3217,4/303,0.3252073575999177,0.5185416399161992,0,0,1.4033157118711117,1.5763337009424363,PNCK;ALDH1B1;FBXO32;SNCA,Drug_Perturbations_from_GEO_down,Myofibroblasts_UP→DOWNmatch
Drug_Perturbations_from_GEO_down,phorbol ester 12-O-tetradecanoylphorbol-13-acetate (TPA) 27924 mouse GSE40849 sample 3256,4/304,0.327356447937653,0.5207685156765067,0,0,1.3985663082437276,1.5617868939911577,FGF7;TNFAIP6;TNC;KLK6,Drug_Perturbations_from_GEO_down,Myofibroblasts_UP→DOWNmatch
Drug_Perturbations_from_GEO_down,Fasudil 3547 mouse GSE25829 sample 3276,5/398,0.3278025064154766,0.5207685156765067,0,0,1.33532769410632,1.4893496869602187,RCAN1;PPP1R1A;TNC;LMOD1;PDLIM7,Drug_Perturbations_from_GEO_down,Myofibroblasts_UP→DOWNmatch
Drug_Perturbations_from_GEO_down,TRICHLOROETHYLENE 6575 mouse GSE24278 sample 3317,4/306,0.3316573243138093,0.5249730689047364,0,0,1.3891618600014242,1.5331526525903194,NR4A1;PPP1R14A;MLIP;NCMAP,Drug_Perturbations_from_GEO_down,Myofibroblasts_UP→DOWNmatch
Drug_Perturbations_from_GEO_down,CADMIUM 23973 human GSE9951 sample 3403,4/306,0.3316573243138093,0.5249730689047364,0,0,1.3891618600014242,1.5331526525903194,SERPINE2;BAG2;PEG10;HSD17B6,Drug_Perturbations_from_GEO_down,Myofibroblasts_UP→DOWNmatch
Drug_Perturbations_from_GEO_down,Retinoic acid 444795 human GSE54464 sample 3139,3/215,0.3349235473907025,0.5291792048773101,0,0,1.4830491373221673,1.6222377330976467,SOX2;PLLP;MAL,Drug_Perturbations_from_GEO_down,Myofibroblasts_UP→DOWNmatch
Drug_Perturbations_from_GEO_down,Cigarette Smoke 57288536 human GSE8823 sample 2478,4/309,0.3381143198207836,0.5313225025755172,0,0,1.37528644456196,1.4913210347361328,TNFAIP6;FN1;VIM;CES1,Drug_Perturbations_from_GEO_down,Myofibroblasts_UP→DOWNmatch
Drug_Perturbations_from_GEO_down,doxycycline DB00254 mouse GSE29848 sample 3208,4/309,0.3381143198207836,0.5313225025755172,0,0,1.37528644456196,1.4913210347361328,SOX2;LDHB;LGALS1;DSTN,Drug_Perturbations_from_GEO_down,Myofibroblasts_UP→DOWNmatch
Drug_Perturbations_from_GEO_down,colistin DB00803 mouse GSE46410 sample 2480,4/309,0.3381143198207836,0.5313225025755172,0,0,1.37528644456196,1.4913210347361328,CPM;PPP1R1A;PGAM2;MYLK,Drug_Perturbations_from_GEO_down,Myofibroblasts_UP→DOWNmatch
Drug_Perturbations_from_GEO_down,rosiglitazone DB00412 rat GSE7193 sample 2811,4/311,0.3424219566263928,0.5357779212657662,0,0,1.3661868235788588,1.4641581451553385,PGRMC1;COL4A2;PLLP;STMN1,Drug_Perturbations_from_GEO_down,Myofibroblasts_UP→DOWNmatch
Drug_Perturbations_from_GEO_down,Telapristone Acetate 9806190 human GSE67561 sample 3695,4/311,0.3424219566263928,0.5357779212657662,0,0,1.3661868235788588,1.4641581451553385,CYFIP2;CSRP1;S100A6;EFHD1,Drug_Perturbations_from_GEO_down,Myofibroblasts_UP→DOWNmatch
Drug_Perturbations_from_GEO_down,resveratrol DB02709 human GSE25412 sample 3501,5/406,0.3427992223518595,0.5357779212657662,0,0,1.3081485475500438,1.4005173884458375,SYNPO2;PMP22;SULF1;AURKB;RERG,Drug_Perturbations_from_GEO_down,Myofibroblasts_UP→DOWNmatch
Drug_Perturbations_from_GEO_down,resveratrol DB02709 human GSE41168 sample 3495,4/312,0.344576459903934,0.5366253470546929,0,0,1.3616813294232648,1.4507887596675637,ACTA1;PPP1R14A;CKM;SULF1,Drug_Perturbations_from_GEO_down,Myofibroblasts_UP→DOWNmatch
Drug_Perturbations_from_GEO_down,imatinib DB00619 human GSE1922 sample 2457,4/312,0.344576459903934,0.5366253470546929,0,0,1.3616813294232648,1.4507887596675637,PMP22;FN1;SERPINB9;VIM,Drug_Perturbations_from_GEO_down,Myofibroblasts_UP→DOWNmatch
Drug_Perturbations_from_GEO_down,HYPOCHLOROUS ACID 24341 mouse GSE15457 sample 3384,4/313,0.3467313286647043,0.538052722517193,0,0,1.3572049970421407,1.4375584110653938,NR4A1;LPL;LPIN1;AURKB,Drug_Perturbations_from_GEO_down,Myofibroblasts_UP→DOWNmatch
Drug_Perturbations_from_GEO_down,imatinib DB00619 human GSE1922 sample 2520,4/313,0.3467313286647043,0.538052722517193,0,0,1.3572049970421407,1.4375584110653938,PMP22;FN1;SERPINB9;VIM,Drug_Perturbations_from_GEO_down,Myofibroblasts_UP→DOWNmatch
Drug_Perturbations_from_GEO_down,HYPOCHLOROUS ACID 24341 human GSE11630 sample 3201,3/221,0.3504927503697676,0.5429201427296401,0,0,1.441789726733062,1.5115943460313652,RCAN1;LDHB;WFDC2,Drug_Perturbations_from_GEO_down,Myofibroblasts_UP→DOWNmatch
Drug_Perturbations_from_GEO_down,Etanercept DB00005 human GSE36177 sample 2596,3/223,0.3556751847867763,0.5489906493422889,0,0,1.4285367039377734,1.4767317708583032,PLA2G16;ALDH1A1;VIM,Drug_Perturbations_from_GEO_down,Myofibroblasts_UP→DOWNmatch
Drug_Perturbations_from_GEO_down,Bisphenol A 6623 human GSE17624 sample 2653,3/223,0.3556751847867763,0.5489906493422889,0,0,1.4285367039377734,1.4767317708583032,SEMA3C;S100A6;FAM83D,Drug_Perturbations_from_GEO_down,Myofibroblasts_UP→DOWNmatch
Drug_Perturbations_from_GEO_down,ubiquinol 9962735 human GSE19627 sample 3449,4/318,0.3575087946601794,0.5498825843705861,0,0,1.3352510102047803,1.3734329357190616,LDHB;S100A6;ANXA6;VIM,Drug_Perturbations_from_GEO_down,Myofibroblasts_UP→DOWNmatch
Drug_Perturbations_from_GEO_down,Lipopolysaccharide 11970143 human GSE5504 sample 3483,2/132,0.3575185962823718,0.5498825843705861,0,0,1.6104746317512275,1.656482510994808,EGR2;RAMP1,Drug_Perturbations_from_GEO_down,Myofibroblasts_UP→DOWNmatch
Drug_Perturbations_from_GEO_down,Lipopolysaccharide 11970143 human GSE5504 sample 3486,3/224,0.3582645462790277,0.5500563440220407,0,0,1.4220001451835362,1.4596598415788065,MME;P2RX1;FHL1,Drug_Perturbations_from_GEO_down,Myofibroblasts_UP→DOWNmatch
Drug_Perturbations_from_GEO_down,rosiglitazone DB00412 human GSE7035 sample 2810,4/319,0.3596644459256502,0.5512317522211465,0,0,1.3309438470728794,1.3610015859194402,LDHB;LGALS1;CSRP1;TPM1,Drug_Perturbations_from_GEO_down,Myofibroblasts_UP→DOWNmatch
Drug_Perturbations_from_GEO_down,mepenzolate bromide CID 6461 mouse GSE50836 sample 2502,3/226,0.3634390319063931,0.5560361245187598,0,0,1.40910289921105,1.4262146520039491,PLN;CNTN4;HSD17B6,Drug_Perturbations_from_GEO_down,Myofibroblasts_UP→DOWNmatch
Drug_Perturbations_from_GEO_down,doxorubicin DB00997 human GSE58074 sample 3179,3/227,0.3660239489593859,0.559006698850099,0,0,1.40274064171123,1.4098336185715208,TNC;MAP3K7CL;LPP,Drug_Perturbations_from_GEO_down,Myofibroblasts_UP→DOWNmatch
Drug_Perturbations_from_GEO_down,Caerulein 16132921 rat GSE5509 sample 3566,4/325,0.3725939755336398,0.568042394278479,0,0,1.3056644223361136,1.2890380780930333,RCAN1;HSD17B6;HAGH;WFDC2,Drug_Perturbations_from_GEO_down,Myofibroblasts_UP→DOWNmatch
Drug_Perturbations_from_GEO_down,"3H-1,2-Dithiole-3-thione 68296 rat GSE3173 sample 3593",5/426,0.3804580580085553,0.5790158536067156,0,0,1.2447197791615845,1.2028714741652955,AZGP1;FXYD1;FN1;HSD17B6;HAGH,Drug_Perturbations_from_GEO_down,Myofibroblasts_UP→DOWNmatch
Drug_Perturbations_from_GEO_down,adenosine triphosphate 5957 human GSE30903 sample 3221,4/329,0.3812048264635548,0.5791381017427083,0,0,1.2893300248138957,1.243453658970456,EGR2;LGALS1;S100A6;LPL,Drug_Perturbations_from_GEO_down,Myofibroblasts_UP→DOWNmatch
Drug_Perturbations_from_GEO_down,doxycycline DB00254 mouse GSE29848 sample 3209,4/333,0.3898039768125848,0.5911686838571313,0,0,1.2733928162891788,1.1996777485424848,SOX2;LDHB;ITGA6;HADH,Drug_Perturbations_from_GEO_down,Myofibroblasts_UP→DOWNmatch
Drug_Perturbations_from_GEO_down,vemurafenib DB08881 human GSE37441 sample 2561,4/335,0.3940979578031289,0.5959452080571217,0,0,1.2655686580255336,1.1784415667564885,TAGLN;LPL;FAM83D;AURKB,Drug_Perturbations_from_GEO_down,Myofibroblasts_UP→DOWNmatch
Drug_Perturbations_from_GEO_down,Triiodothyronine-[13C6] hydrochloride (T3 thyronine) 53442265 human GSE29159 sample 3042,3/238,0.3943250801298561,0.5959452080571217,0,0,1.3363295027875757,1.243561018806964,ALDH1B1;PEG10;PSMF1,Drug_Perturbations_from_GEO_down,Myofibroblasts_UP→DOWNmatch
Drug_Perturbations_from_GEO_down,etanercept DB00005 human GSE47751 sample 2591,3/240,0.3994387830339387,0.6015811134427951,0,0,1.324917078453936,1.2158694596360122,NR4A2;ACTA1;TNFAIP6,Drug_Perturbations_from_GEO_down,Myofibroblasts_UP→DOWNmatch
Drug_Perturbations_from_GEO_down,quercetin DB04216 mouse GSE4262 sample 3427,3/240,0.3994387830339387,0.6015811134427951,0,0,1.324917078453936,1.2158694596360122,SLC12A2;NOV;ALDH1B1,Drug_Perturbations_from_GEO_down,Myofibroblasts_UP→DOWNmatch
Drug_Perturbations_from_GEO_down,streptozocin DB00428 mouse GSE39752 sample 3065,3/241,0.4019913097014628,0.6043779379421647,0,0,1.3192827933312363,1.2022951386664902,SERPINE2;MME;LPIN1,Drug_Perturbations_from_GEO_down,Myofibroblasts_UP→DOWNmatch
Drug_Perturbations_from_GEO_down,cisplatin DB00515 human GSE47856 sample 3148,2/146,0.4047909166445663,0.6065212879497993,0,0,1.4528664302600474,1.3139500259359542,TAGLN;AURKB,Drug_Perturbations_from_GEO_down,Myofibroblasts_UP→DOWNmatch
Drug_Perturbations_from_GEO_down,haloperidol 3559 mouse GSE6467 sample 2466,4/340,0.4048128274003263,0.6065212879497993,0,0,1.246415770609319,1.1271717637251084,PPP1R14A;GJC3;DUSP3;ALDH1A1,Drug_Perturbations_from_GEO_down,Myofibroblasts_UP→DOWNmatch
Drug_Perturbations_from_GEO_down,fenretinide 5288209 rat GSE3952 sample 3559,5/440,0.4068129877051945,0.6076309289516515,0,0,1.2037899968934451,1.0826907561726449,PGRMC1;CALD1;ALDH1A1;FN1;HAGH,Drug_Perturbations_from_GEO_down,Myofibroblasts_UP→DOWNmatch
Drug_Perturbations_from_GEO_down,adenosine triphosphate 5957 human GSE30903 sample 3219,4/341,0.4069518994820036,0.6076309289516515,0,0,1.242653393318656,1.1172203122317337,LDHB;EGR2;SH3BGRL;VIM,Drug_Perturbations_from_GEO_down,Myofibroblasts_UP→DOWNmatch
Drug_Perturbations_from_GEO_down,Bisphenol A 6623 human GSE17624 sample 2658,2/147,0.4081065347242365,0.6083097404380129,0,0,1.442773294203962,1.2930524159763293,S100A6;MAL,Drug_Perturbations_from_GEO_down,Myofibroblasts_UP→DOWNmatch
Drug_Perturbations_from_GEO_down,NICKEL CHLORIDE 24385 rat GSE31503 sample 3278,4/342,0.4090895393054145,0.6087308384527487,0,0,1.238913278615512,1.107366983607927,AZGP1;ALDH1B1;SGCA;AURKB,Drug_Perturbations_from_GEO_down,Myofibroblasts_UP→DOWNmatch
Drug_Perturbations_from_GEO_down,TRICHLOROETHYLENE 6575 mouse GSE24278 sample 3315,3/245,0.4121705706708153,0.6122670528426299,0,0,1.2972112962390066,1.1497417331105604,AOC3;MME;LPIN1,Drug_Perturbations_from_GEO_down,Myofibroblasts_UP→DOWNmatch
Drug_Perturbations_from_GEO_down,HYPOCHLOROUS ACID 24341 mouse GSE15457 sample 3380,3/247,0.4172405187590941,0.6182552650199026,0,0,1.2864469185587797,1.1244735257987093,NR4A1;EGR2;PMP22,Drug_Perturbations_from_GEO_down,Myofibroblasts_UP→DOWNmatch
Drug_Perturbations_from_GEO_down,quercetin DB04216 mouse GSE38136 sample 3438,4/346,0.417624672688933,0.6182552650199026,0,0,1.2241715399610136,1.0689125102671913,NRN1;CALD1;FN1;HAGH,Drug_Perturbations_from_GEO_down,Myofibroblasts_UP→DOWNmatch
Drug_Perturbations_from_GEO_down,vemurafenib DB08881 human GSE37441 sample 2562,4/347,0.4197543275051178,0.6203512085067132,0,0,1.2205398288347598,1.059533139173401,NR4A2;PCP4;EGR2;AURKB,Drug_Perturbations_from_GEO_down,Myofibroblasts_UP→DOWNmatch
Drug_Perturbations_from_GEO_down,zinc sulfate NA rat GSE11091 sample 2840,5/448,0.421818918453124,0.6209401633697641,0,0,1.1815630528948813,1.0199006037552925,SYNM;RGCC;SPARC;CALD1;SYNPO2,Drug_Perturbations_from_GEO_down,Myofibroblasts_UP→DOWNmatch
Drug_Perturbations_from_GEO_down,PLX4032 DB05238 human GSE24862 sample 2569,4/348,0.4218822235973785,0.6209401633697641,0,0,1.216929232308077,1.0502453339170912,NR4A2;RCAN1;PTPRE;TNFAIP6,Drug_Perturbations_from_GEO_down,Myofibroblasts_UP→DOWNmatch
Drug_Perturbations_from_GEO_down,estradiol 5757 human GSE53394 sample 2652,3/249,0.422296474742843,0.6209401633697641,0,0,1.2758575714099387,1.0998500400929352,PMP22;DSTN;EFHD1,Drug_Perturbations_from_GEO_down,Myofibroblasts_UP→DOWNmatch
Drug_Perturbations_from_GEO_down,ubiquinol 9962735 mouse GSE15129 sample 3461,4/349,0.424008308161436,0.6224040874869728,0,0,1.2133395667757518,1.0410480530965902,S100A6;EFHD1;HAGH;CRYAB,Drug_Perturbations_from_GEO_down,Myofibroblasts_UP→DOWNmatch
Drug_Perturbations_from_GEO_down,coenzyme Q10 5281915 mouse GSE15129 sample 3458,3/251,0.4273378064466541,0.6262336489074914,0,0,1.2654390201828531,1.0758515317236907,FHL1;ITGB8;HADH,Drug_Perturbations_from_GEO_down,Myofibroblasts_UP→DOWNmatch
Drug_Perturbations_from_GEO_down,Retinoic acid 444795 mouse GSE1437 sample 3084,2/155,0.4343004323239331,0.635365447288717,0,0,1.366777916840495,1.1399184015191215,LDHB;ACTA1,Drug_Perturbations_from_GEO_down,Myofibroblasts_UP→DOWNmatch
Drug_Perturbations_from_GEO_down,apratoxin A 6326668 human GSE2742 sample 3067,4/355,0.4367238686324697,0.636766848727544,0,0,1.192231106209601,0.9877088233955148,SLC12A2;PGRMC1;SEMA3C;ALDH1A1,Drug_Perturbations_from_GEO_down,Myofibroblasts_UP→DOWNmatch
Drug_Perturbations_from_GEO_down,CONCANAVALIN A 596316 mouse GSE17184 sample 3366,4/355,0.4367238686324697,0.636766848727544,0,0,1.192231106209601,0.9877088233955148,AZGP1;NRN1;HAGH;HADH,Drug_Perturbations_from_GEO_down,Myofibroblasts_UP→DOWNmatch
Drug_Perturbations_from_GEO_down,cyclophosphamide 2907 mouse GSE2254 sample 3628,3/256,0.4398731511510835,0.6402843690959659,0,0,1.2401132928917165,1.018466463153106,SPARC;DSTN;HADH,Drug_Perturbations_from_GEO_down,Myofibroblasts_UP→DOWNmatch
Drug_Perturbations_from_GEO_down,dexamethasone DB01234 human GSE22152 sample 2488,2/158,0.4439636449751185,0.6451578720457826,0,0,1.3402891434806328,1.088331672938897,LGALS1;NRN1,Drug_Perturbations_from_GEO_down,Myofibroblasts_UP→DOWNmatch
Drug_Perturbations_from_GEO_down,VANADIUM PENTOXIDE 14814 human GSE5339 sample 3557,5/461,0.4460576785451139,0.6471187356522605,0,0,1.1471076339497392,0.9260680355248344,FGF7;BAG2;NCOA6;PMP22;SOX4,Drug_Perturbations_from_GEO_down,Myofibroblasts_UP→DOWNmatch
Drug_Perturbations_from_GEO_down,bexarotene 82146 rat GSE3952 sample 3560,4/361,0.4493613862715419,0.6508250744499497,0,0,1.1718321737297068,0.9373811863376306,AZGP1;PGRMC1;FN1;HAGH,Drug_Perturbations_from_GEO_down,Myofibroblasts_UP→DOWNmatch
Drug_Perturbations_from_GEO_down,vemurafenib DB08881 human GSE37441 sample 2563,4/363,0.4535547332513125,0.655805429609635,0,0,1.1651840536735856,0.921240334825022,RCAN1;FYCO1;PLAT;FAM83D,Drug_Perturbations_from_GEO_down,Myofibroblasts_UP→DOWNmatch
Drug_Perturbations_from_GEO_down,doxycycline DB00254 human GSE41035 sample 3039,3/262,0.454776996497876,0.6564804152103891,0,0,1.2110131521896228,0.9542155096363986,PPP1R14A;CRYAB;LEFTY2,Drug_Perturbations_from_GEO_down,Myofibroblasts_UP→DOWNmatch
Drug_Perturbations_from_GEO_down,Bisphenol A 6623 human GSE17624 sample 2664,3/263,0.4572453070282437,0.6574780398515564,0,0,1.2062937062937062,0.9439673533417708,LDHB;LGALS1;MAL,Drug_Perturbations_from_GEO_down,Myofibroblasts_UP→DOWNmatch
Drug_Perturbations_from_GEO_down,imatinib DB00619 human GSE1922 sample 2516,4/365,0.4577378758460203,0.6574780398515564,0,0,1.1586095969975874,0.9054054129789776,PMP22;FN1;SERPINB9;VIM,Drug_Perturbations_from_GEO_down,Myofibroblasts_UP→DOWNmatch
Drug_Perturbations_from_GEO_down,imatinib DB00619 human GSE1922 sample 2515,4/365,0.4577378758460203,0.6574780398515564,0,0,1.1586095969975874,0.9054054129789776,PMP22;FN1;SERPINB9;VIM,Drug_Perturbations_from_GEO_down,Myofibroblasts_UP→DOWNmatch
Drug_Perturbations_from_GEO_down,resveratrol DB02709 human GSE41168 sample 3494,3/264,0.4597089662971595,0.6583004366777269,0,0,1.201610424734157,0.9338455664057882,PGAM2;COL9A3;FBXO32,Drug_Perturbations_from_GEO_down,Myofibroblasts_UP→DOWNmatch
Drug_Perturbations_from_GEO_down,TRICHLOROETHYLENE 6575 mouse GSE24278 sample 3319,4/366,0.4598255064020486,0.6583004366777269,0,0,1.1553496108833838,0.8976005812161841,DES;CKM;NOV;SEMA3C,Drug_Perturbations_from_GEO_down,Myofibroblasts_UP→DOWNmatch
Drug_Perturbations_from_GEO_down,VANADIUM PENTOXIDE 14814 human GSE5339 sample 3554,3/265,0.4621679106578465,0.6605656486211655,0,0,1.1969628934155203,0.923848292239911,NRN1;PEG10;SH3BP5,Drug_Perturbations_from_GEO_down,Myofibroblasts_UP→DOWNmatch
Drug_Perturbations_from_GEO_down,Oprelvekin DB00038 human GSE8762 sample 3297,3/266,0.4646220771649549,0.6618960410759769,0,0,1.1923507045403712,0.91397370770173,EGR2;ALDH1A1;COL9A3,Drug_Perturbations_from_GEO_down,Myofibroblasts_UP→DOWNmatch
Drug_Perturbations_from_GEO_down,IFN-gamma1b DB00033 human GSE5542 sample 2476,3/266,0.4646220771649549,0.6618960410759769,0,0,1.1923507045403712,0.91397370770173,SCRN1;TPM1;ALDH1A1,Drug_Perturbations_from_GEO_down,Myofibroblasts_UP→DOWNmatch
Drug_Perturbations_from_GEO_down,Interferon beta-1b DB00068 human GSE26104 sample 3185,3/267,0.467071403862836,0.6634296847166321,0,0,1.187773456490034,0.904220021629614,PPP1R14A;FGFBP2;COL9A3,Drug_Perturbations_from_GEO_down,Myofibroblasts_UP→DOWNmatch
Drug_Perturbations_from_GEO_down,luteolin 5280445 human GSE53180 sample 3473,4/370,0.468148714351879,0.6634296847166321,0,0,1.1424878077442857,0.8671131349508696,LDHB;STMN1;PLAT;CTNNAL1,Drug_Perturbations_from_GEO_down,Myofibroblasts_UP→DOWNmatch
Drug_Perturbations_from_GEO_down,Aplidin 56928089 human GSE5681 sample 2598,4/370,0.468148714351879,0.6634296847166321,0,0,1.1424878077442857,0.8671131349508696,RAP1A;CSRP1;ANXA6;CTNNAL1,Drug_Perturbations_from_GEO_down,Myofibroblasts_UP→DOWNmatch
Drug_Perturbations_from_GEO_down,5-Fluorouracil 3385 mouse GSE1559 sample 3638,3/268,0.4695158298052114,0.6634296847166321,0,0,1.1832307537080011,0.8945854741127062,NR4A2;NR4A1;DSTN,Drug_Perturbations_from_GEO_down,Myofibroblasts_UP→DOWNmatch
Drug_Perturbations_from_GEO_down,Triiodothyronine-[13C6] hydrochloride (T3 thyronine) 53442265 human GSE29159 sample 3045,3/268,0.4695158298052114,0.6634296847166321,0,0,1.1832307537080011,0.8945854741127062,PLLP;PEG10;ITGA6,Drug_Perturbations_from_GEO_down,Myofibroblasts_UP→DOWNmatch
Drug_Perturbations_from_GEO_down,Cadmium dichloride 24947 rat GSE31503 sample 3281,3/269,0.4719552949170589,0.6647149939755659,0,0,1.1787222065859837,0.8850683361744469,AZGP1;CKM;FN1,Drug_Perturbations_from_GEO_down,Myofibroblasts_UP→DOWNmatch
Drug_Perturbations_from_GEO_down,estradiol 5757 human GSE24592 sample 3347,3/269,0.4719552949170589,0.6647149939755659,0,0,1.1787222065859837,0.8850683361744469,PMP22;EFHD1;BCAS1,Drug_Perturbations_from_GEO_down,Myofibroblasts_UP→DOWNmatch
Drug_Perturbations_from_GEO_down,quercetin DB04216 mouse GSE38067 sample 3440,4/373,0.4743612205799567,0.6659849500284769,0,0,1.133024448524055,0.8449939739289735,PGRMC1;NRN1;CALD1;ALDH1A1,Drug_Perturbations_from_GEO_down,Myofibroblasts_UP→DOWNmatch
Drug_Perturbations_from_GEO_down,chromium 23976 human GSE6907 sample 3534,3/270,0.474389740008777,0.6659849500284769,0,0,1.1742474313525206,0.8756669090769506,AZGP1;S100A6;DSTN,Drug_Perturbations_from_GEO_down,Myofibroblasts_UP→DOWNmatch
Drug_Perturbations_from_GEO_down,progesterone 5994 rat GSE8238 sample 3526,2/168,0.4754997941581969,0.6664666469733437,0,0,1.2589079723147911,0.9358581244811436,PLA2G16;MFAP4,Drug_Perturbations_from_GEO_down,Myofibroblasts_UP→DOWNmatch
Drug_Perturbations_from_GEO_down,imatinib DB00619 human GSE1922 sample 2519,4/374,0.4764261337522302,0.6666897105164059,0,0,1.129904097646033,0.837759016387668,PMP22;FN1;SERPINB9;VIM,Drug_Perturbations_from_GEO_down,Myofibroblasts_UP→DOWNmatch
Drug_Perturbations_from_GEO_down,imatinib DB00619 human GSE28698 sample 2524,4/375,0.4784880164179727,0.6684985309762351,0,0,1.126800568066545,0.8305918686569507,LDHB;CSRP1;S100A6;LPL,Drug_Perturbations_from_GEO_down,Myofibroblasts_UP→DOWNmatch
Drug_Perturbations_from_GEO_down,quercetin 5280343 human GSE7259 sample 3416,3/273,0.4816623773619866,0.6718533000442478,0,0,1.1610219845513965,0.8481403436861347,PEG10;HADH;CES1,Drug_Perturbations_from_GEO_down,Myofibroblasts_UP→DOWNmatch
Drug_Perturbations_from_GEO_down,aldosterone 5839 mouse GSE434 sample 3655,3/276,0.4888877918106698,0.6786637237755145,0,0,1.1480872069107364,0.8215967851513293,SPARC;STMN1;WFDC2,Drug_Perturbations_from_GEO_down,Myofibroblasts_UP→DOWNmatch
Drug_Perturbations_from_GEO_down,Monuron 8800 rat GSE51163 sample 2470,3/276,0.4888877918106698,0.6786637237755145,0,0,1.1480872069107364,0.8215967851513293,STMN1;ALDH1A1;VWA1,Drug_Perturbations_from_GEO_down,Myofibroblasts_UP→DOWNmatch
Drug_Perturbations_from_GEO_down,MLN4924 73014187 human GSE30531 sample 2643,3/276,0.4888877918106698,0.6786637237755145,0,0,1.1480872069107364,0.8215967851513293,SPARC;LGALS1;PLAT,Drug_Perturbations_from_GEO_down,Myofibroblasts_UP→DOWNmatch
Drug_Perturbations_from_GEO_down,TRICHLOROETHYLENE 6575 mouse GSE24278 sample 3311,3/278,0.4936777799312979,0.684220080957413,0,0,1.139620807000486,0.8044266940201688,MME;FILIP1;LPIN1,Drug_Perturbations_from_GEO_down,Myofibroblasts_UP→DOWNmatch
Drug_Perturbations_from_GEO_down,"Dmnq   (2,3-Dimethoxy-1,4-naphthoquinone) 3136 human GSE6907 sample 3527",3/279,0.4960645314356917,0.6853419361170366,0,0,1.1354336200883517,0.7959948957572992,AZGP1;PGRMC1;DSTN,Drug_Perturbations_from_GEO_down,Myofibroblasts_UP→DOWNmatch
Drug_Perturbations_from_GEO_down,cetuximab DB00002 human GSE61495 sample 3133,3/279,0.4960645314356917,0.6853419361170366,0,0,1.1354336200883517,0.7959948957572992,LDHB;OXR1;CTNNAL1,Drug_Perturbations_from_GEO_down,Myofibroblasts_UP→DOWNmatch
Drug_Perturbations_from_GEO_down,Triiodothyronine-[13C6] hydrochloride (T3 thyronine) 53442265 human GSE29159 sample 3043,3/280,0.4984457205195464,0.6871178465806287,0,0,1.1312766655726945,0.7876633485864637,ALDH1B1;PLLP;PEG10,Drug_Perturbations_from_GEO_down,Myofibroblasts_UP→DOWNmatch
Drug_Perturbations_from_GEO_down,doxycycline DB00254 human GSE11422 sample 2573,4/385,0.4989313707622287,0.6871178465806287,0,0,1.09666130443372,0.7624940481448726,DUSP3;SPARCL1;MAL;LTBP1,Drug_Perturbations_from_GEO_down,Myofibroblasts_UP→DOWNmatch
Drug_Perturbations_from_GEO_down,morphine 5288826 mouse GSE7762 sample 3489,4/387,0.5029797558957334,0.6907948901370538,0,0,1.0908223139335749,0.7496189370381386,PCP4;SPARC;REEP2;PLP1,Drug_Perturbations_from_GEO_down,Myofibroblasts_UP→DOWNmatch
Drug_Perturbations_from_GEO_down,formaldehyde 712 rat GSE7002 sample 3545,3/282,0.5031912145647354,0.6907948901370538,0,0,1.1230521534126847,0.7712954101079377,MFAP4;LGALS1;COL9A3,Drug_Perturbations_from_GEO_down,Myofibroblasts_UP→DOWNmatch
Drug_Perturbations_from_GEO_down,carboplatin (24 h) 10339178 human GSE13525 sample 3030,3/283,0.5055554231976455,0.6929458403134919,0,0,1.1189839572192513,0.7632562785733542,MBNL1-AS1;FGF7;HSD17B6,Drug_Perturbations_from_GEO_down,Myofibroblasts_UP→DOWNmatch
Drug_Perturbations_from_GEO_down,SODIUM ARSENITE 443495 mouse GSE11056 sample 3356,3/285,0.5102665289500176,0.6972037950590649,0,0,1.1109341221982023,0.7474610112732863,NR4A1;FGF7;PLP1,Drug_Perturbations_from_GEO_down,Myofibroblasts_UP→DOWNmatch
Drug_Perturbations_from_GEO_down,etanercept DB00005 human GSE47751 sample 2594,3/285,0.5102665289500176,0.6972037950590649,0,0,1.1109341221982023,0.7474610112732863,MLIP;PLAT;KLK6,Drug_Perturbations_from_GEO_down,Myofibroblasts_UP→DOWNmatch
Drug_Perturbations_from_GEO_down,streptozocin DB00428 mouse GSE38067 sample 3439,3/287,0.5149542495789619,0.7025043059405304,0,0,1.1029976651351965,0.7320344218944146,AZGP1;NRN1;HAGH,Drug_Perturbations_from_GEO_down,Myofibroblasts_UP→DOWNmatch
Drug_Perturbations_from_GEO_down,CADMIUM 23973 human GSE6907 sample 3530,4/395,0.5190293436081828,0.7069537611214903,0,0,1.0680636911145944,0.7004306773654949,PGRMC1;RAP1A;ALDH1A1;DSTN,Drug_Perturbations_from_GEO_down,Myofibroblasts_UP→DOWNmatch
Drug_Perturbations_from_GEO_down,FGFR-specific PD173074 inhibitor 1401 human GSE52452 sample 3244,3/290,0.5219412160880089,0.7098073815030983,0,0,1.0913003782444242,0.7095638445639656,ALDH1A1;OTUD7B;CDH7,Drug_Perturbations_from_GEO_down,Myofibroblasts_UP→DOWNmatch
Drug_Perturbations_from_GEO_down,lapatinib DB01259 human GSE38376 sample 2586,3/291,0.5242581388156886,0.7118442541106772,0,0,1.0874554367201426,0.7022472768645388,PGRMC1;LGALS1;FAM83D,Drug_Perturbations_from_GEO_down,Myofibroblasts_UP→DOWNmatch
Drug_Perturbations_from_GEO_down,lysophosphatidic acid 3988 human GSE26309 sample 3224,3/292,0.5265689603325692,0.7138665000452459,0,0,1.0836371037877246,0.6950155554561392,FYCO1;FILIP1L;AURKB,Drug_Perturbations_from_GEO_down,Myofibroblasts_UP→DOWNmatch
Drug_Perturbations_from_GEO_down,Mehp 20393 rat GSE4514 sample 3580,3/294,0.5311721420633176,0.7189853449424035,0,0,1.0760791664369591,0.6808020653060644,STMN1;MT3;OXR1,Drug_Perturbations_from_GEO_down,Myofibroblasts_UP→DOWNmatch
Drug_Perturbations_from_GEO_down,ribavirin DB00811 human GSE23031 sample 2481,3/296,0.5357504530854079,0.7240546558805901,0,0,1.068624409118286,0.6669143867405631,INPP5A;RAB23;HADH,Drug_Perturbations_from_GEO_down,Myofibroblasts_UP→DOWNmatch
Drug_Perturbations_from_GEO_down,methylphenidate DB00422 human GSE52889 sample 3307,3/297,0.538030189112471,0.7249376352482615,0,0,1.0649350649350648,0.6600899968548316,SPARC;FGFBP2;GYG1,Drug_Perturbations_from_GEO_down,Myofibroblasts_UP→DOWNmatch
Drug_Perturbations_from_GEO_down,ZINC ACETATE 11192 human GSE2964 sample 3589,2/189,0.538072237900033,0.7249376352482615,0,0,1.116338605074525,0.6918647563278246,CYFIP2;RAP1A,Drug_Perturbations_from_GEO_down,Myofibroblasts_UP→DOWNmatch
Drug_Perturbations_from_GEO_down,imatinib DB00619 human GSE1418 sample 2521,3/298,0.5403035975010828,0.7256937035988269,0,0,1.061270733254781,0.6533438185938423,LGALS1;SERPINE2;PSMF1,Drug_Perturbations_from_GEO_down,Myofibroblasts_UP→DOWNmatch
Drug_Perturbations_from_GEO_down,N-NITROSODIMETHYLAMINE 6124 rat GSE5509 sample 3569,3/298,0.5403035975010828,0.7256937035988269,0,0,1.061270733254781,0.6533438185938423,PGRMC1;SH3BP5;HSD17B6,Drug_Perturbations_from_GEO_down,Myofibroblasts_UP→DOWNmatch
Drug_Perturbations_from_GEO_down,TRICHLOROETHYLENE 6575 mouse GSE24278 sample 3322,3/299,0.5425706430420711,0.7269377786651807,0,0,1.057631160572337,0.6466748074870762,EGR2;FILIP1;GPM6B,Drug_Perturbations_from_GEO_down,Myofibroblasts_UP→DOWNmatch
Drug_Perturbations_from_GEO_down,Triiodothyronine-[13C6] hydrochloride (T3 thyronine) 53442265 human GSE29159 sample 3044,3/300,0.5448312913653867,0.7269377786651807,0,0,1.0540160967968455,0.6400819354433951,ALDH1B1;PEG10;ALDH1A1,Drug_Perturbations_from_GEO_down,Myofibroblasts_UP→DOWNmatch
Drug_Perturbations_from_GEO_down,"doxorubicin, EC50, 1 d 31703 human GSE6930 sample 3260",3/300,0.5448312913653867,0.7269377786651807,0,0,1.0540160967968455,0.6400819354433951,TAGLN;SERPINE2;CSRP1,Drug_Perturbations_from_GEO_down,Myofibroblasts_UP→DOWNmatch
Drug_Perturbations_from_GEO_down,decitabine DB01262 human GSE29077 sample 2540,3/300,0.5448312913653867,0.7269377786651807,0,0,1.0540160967968455,0.6400819354433951,LDHB;TPM2;ALDH1A1,Drug_Perturbations_from_GEO_down,Myofibroblasts_UP→DOWNmatch
Drug_Perturbations_from_GEO_down,Mehp 20393 rat GSE4514 sample 3579,3/301,0.5470855089148771,0.7269377786651807,0,0,1.0504252951943438,0.6335641904841087,FYCO1;DYNC1LI2;HAGH,Drug_Perturbations_from_GEO_down,Myofibroblasts_UP→DOWNmatch
Drug_Perturbations_from_GEO_down,lapatinib DB01259 human GSE38376 sample 2585,3/301,0.5470855089148771,0.7269377786651807,0,0,1.0504252951943438,0.6335641904841087,PGRMC1;LGALS1;FAM83D,Drug_Perturbations_from_GEO_down,Myofibroblasts_UP→DOWNmatch
Drug_Perturbations_from_GEO_down,PLX4720 CID 24180719 human GSE50791 sample 2505,3/301,0.5470855089148771,0.7269377786651807,0,0,1.0504252951943438,0.6335641904841087,LDHB;SERPINE2;KLK6,Drug_Perturbations_from_GEO_down,Myofibroblasts_UP→DOWNmatch
Drug_Perturbations_from_GEO_down,cetuximab DB00002 human GSE61495 sample 3136,5/518,0.5484628888418307,0.7276553441275585,0,0,1.016648227174543,0.610635179846443,DYNC1LI2;NUBPL;SLMAP;FILIP1L;LPP,Drug_Perturbations_from_GEO_down,Myofibroblasts_UP→DOWNmatch
Drug_Perturbations_from_GEO_down,vancomycin DB14969 mouse GSE7793 sample 3398,3/302,0.5493332626372315,0.7276990933410886,0,0,1.046858512331658,0.6271205770256107,MAL;LPL;DYNLRB1,Drug_Perturbations_from_GEO_down,Myofibroblasts_UP→DOWNmatch
Drug_Perturbations_from_GEO_down,quercetin DB04216 mouse GSE38136 sample 3436,3/303,0.5515745204354691,0.7284472010006422,0,0,1.0433155080213905,0.6207501146963482,FN1;HSD17B6;HAGH,Drug_Perturbations_from_GEO_down,Myofibroblasts_UP→DOWNmatch
Drug_Perturbations_from_GEO_down,Atorvastatin DB01076 human GSE11393 sample 3196,3/303,0.5515745204354691,0.7284472010006422,0,0,1.0433155080213905,0.6207501146963482,FYCO1;SERPINE2;LPL,Drug_Perturbations_from_GEO_down,Myofibroblasts_UP→DOWNmatch
Drug_Perturbations_from_GEO_down,"doxorubicin, 2xEC50, 1 d 31703 human GSE6930 sample 3263",3/304,0.5538092507557529,0.7291821801617414,0,0,1.0397960452680015,0.6144518388266467,TAGLN;BAG2;CSRP1,Drug_Perturbations_from_GEO_down,Myofibroblasts_UP→DOWNmatch
Drug_Perturbations_from_GEO_down,NICKEL 935 human GSE6281 sample 3480,3/304,0.5538092507557529,0.7291821801617414,0,0,1.0397960452680015,0.6144518388266467,AZGP1;PLP1;KLK6,Drug_Perturbations_from_GEO_down,Myofibroblasts_UP→DOWNmatch
Drug_Perturbations_from_GEO_down,Methylphenidate DB00422 mouse GSE33619 sample 2499,3/306,0.5582590067743716,0.7339290119318137,0,0,1.032826812092974,0.6020680620274722,BAG2;ALDH1A1;KLK6,Drug_Perturbations_from_GEO_down,Myofibroblasts_UP→DOWNmatch
Drug_Perturbations_from_GEO_down,TRICHLOROETHYLENE 6575 mouse GSE24278 sample 3312,3/308,0.5626822928118143,0.7386267559720039,0,0,1.025948978697291,0.5899618251525611,GPM6A;SEMA3C;LPIN1,Drug_Perturbations_from_GEO_down,Myofibroblasts_UP→DOWNmatch
Drug_Perturbations_from_GEO_down,MK-886 CID 3651377 human GSE3202 sample 3192,4/418,0.5637641614508616,0.7389307033194551,0,0,1.007532076255779,0.5774360464237066,SH3BGRL;PGRMC1;DSTN;FAM83D,Drug_Perturbations_from_GEO_down,Myofibroblasts_UP→DOWNmatch
Drug_Perturbations_from_GEO_down,HYPOCHLOROUS ACID 24341 mouse GSE15457 sample 3383,3/309,0.5648839382871778,0.7392833469451167,0,0,1.0225437768690364,0.584010527627076,NR4A1;LPIN1;AURKB,Drug_Perturbations_from_GEO_down,Myofibroblasts_UP→DOWNmatch
Drug_Perturbations_from_GEO_down,"3,3',4,4'-Tetrachlorobiphenyl 36187 human GSE6878 sample 3272",3/310,0.5670788821510988,0.7395824865173227,0,0,1.0191607587660472,0.578125934881116,PGRMC1;PEG10;CTNNAL1,Drug_Perturbations_from_GEO_down,Myofibroblasts_UP→DOWNmatch
Drug_Perturbations_from_GEO_down,imatinib DB00619 human GSE22433 sample 2526,2/200,0.5687488526635092,0.7395824865173227,0,0,1.0537287771330324,0.5946363521268752,EGR2;PLAT,Drug_Perturbations_from_GEO_down,Myofibroblasts_UP→DOWNmatch
Drug_Perturbations_from_GEO_down,PLX4032 DB05238 human GSE54711 sample 2556,3/311,0.5692670976437026,0.7395824865173227,0,0,1.0157997083130772,0.5723071822827497,BAG2;TNC;CTNNAL1,Drug_Perturbations_from_GEO_down,Myofibroblasts_UP→DOWNmatch
Drug_Perturbations_from_GEO_down,carboplatin DB00958 human GSE7035 sample 3060,4/422,0.5713131721588208,0.7395824865173227,0,0,0.997684827905541,0.5585216826027661,LGALS1;SCRN1;S100A6;CTNNAL1,Drug_Perturbations_from_GEO_down,Myofibroblasts_UP→DOWNmatch
Drug_Perturbations_from_GEO_down,bleomycin DB00290 human GSE3598 sample 3588,3/312,0.5714485588441175,0.7395824865173227,0,0,1.0124604122319714,0.5665534181467343,MME;VIM;MT3,Drug_Perturbations_from_GEO_down,Myofibroblasts_UP→DOWNmatch
Drug_Perturbations_from_GEO_down,pyrazinamide 1046 mouse GSE48027 sample 3325,2/201,0.5714640623664333,0.7395824865173227,0,0,1.048380198866674,0.5866249990728084,SERPINE2;SERPINB9,Drug_Perturbations_from_GEO_down,Myofibroblasts_UP→DOWNmatch
Drug_Perturbations_from_GEO_down,lapatinib DB01259 human GSE16179 sample 2580,1/89,0.5731930496952604,0.7395824865173227,0,0,1.1857864357864358,0.6599289368653927,S100A6,Drug_Perturbations_from_GEO_down,Myofibroblasts_UP→DOWNmatch
Drug_Perturbations_from_GEO_down,imatinib DB00619 human GSE1922 sample 2512,3/313,0.5736232404058407,0.7395824865173227,0,0,1.0091426599965498,0.5608638039606524,FN1;SERPINB9;VIM,Drug_Perturbations_from_GEO_down,Myofibroblasts_UP→DOWNmatch
Drug_Perturbations_from_GEO_down,rituximab DB00073 human GSE15490 sample 2577,3/313,0.5736232404058407,0.7395824865173227,0,0,1.0091426599965498,0.5608638039606524,NR4A2;FGFBP2;MAP3K7CL,Drug_Perturbations_from_GEO_down,Myofibroblasts_UP→DOWNmatch
Drug_Perturbations_from_GEO_down,Lapatinib DB01259 human GSE38376 sample 3252,3/313,0.5736232404058407,0.7395824865173227,0,0,1.0091426599965498,0.5608638039606524,PGRMC1;MAL;FBXO32,Drug_Perturbations_from_GEO_down,Myofibroblasts_UP→DOWNmatch
Drug_Perturbations_from_GEO_down,apratoxin A 6326668 human GSE2742 sample 3066,2/203,0.5768574650920962,0.7426505735778246,0,0,1.0378427013866836,0.570979613825491,LDHB;ALDH1A1,Drug_Perturbations_from_GEO_down,Myofibroblasts_UP→DOWNmatch
Drug_Perturbations_from_GEO_down,folic acid DB00158 human GSE17635 sample 2748,3/315,0.5779521665298314,0.7427971495417341,0,0,1.0025709584533111,0.5496737350071619,SPARC;NUBPL;CES1,Drug_Perturbations_from_GEO_down,Myofibroblasts_UP→DOWNmatch
Drug_Perturbations_from_GEO_down,CasIIgly 144221079 human GSE41827 sample 3130,4/426,0.578789720127592,0.7427971495417341,0,0,0.9880242572491464,0.5402675167591591,ACTC1;MCAM;FAM83D;MYL9,Drug_Perturbations_from_GEO_down,Myofibroblasts_UP→DOWNmatch
Drug_Perturbations_from_GEO_down,Retinoic acid 444795 human GSE54464 sample 3140,2/204,0.5795356356608696,0.7427971495417341,0,0,1.032652201390352,0.5633408184647958,SOX2;PLLP,Drug_Perturbations_from_GEO_down,Myofibroblasts_UP→DOWNmatch
Drug_Perturbations_from_GEO_down,Gefitinib DB00317 human GSE53180 sample 3474,4/427,0.580647374232306,0.7431260209247037,0,0,0.9856376623706754,0.5358041015712758,PLAT;ITGA6;VIM;SOX4,Drug_Perturbations_from_GEO_down,Myofibroblasts_UP→DOWNmatch
Drug_Perturbations_from_GEO_down,rosiglitazone DB00412 mouse GSE10192 sample 2812,3/317,0.582253686458218,0.744085961076752,0,0,0.9960829728532988,0.5387305184693637,PLLP;EFHD1;IL17B,Drug_Perturbations_from_GEO_down,Myofibroblasts_UP→DOWNmatch
Drug_Perturbations_from_GEO_down,NICKEL 935 human GSE6281 sample 3479,3/318,0.5843941126559542,0.7441272053551162,0,0,0.9928698752228164,0.5333495152262211,EGR2;SERPINB9;KLK6,Drug_Perturbations_from_GEO_down,Myofibroblasts_UP→DOWNmatch
Drug_Perturbations_from_GEO_down,motexafin gadolinium DB05428 human GSE2964 sample 3591,3/318,0.5843941126559542,0.7441272053551162,0,0,0.9928698752228164,0.5333495152262211,CYFIP2;RGCC;SERPINB9,Drug_Perturbations_from_GEO_down,Myofibroblasts_UP→DOWNmatch
Drug_Perturbations_from_GEO_down,ARSENIC 5359596 human GSE6907 sample 3529,2/206,0.5848548691110982,0.7441272053551162,0,0,1.0224238631622862,0.5484195202263342,AZGP1;NEDD9,Drug_Perturbations_from_GEO_down,Myofibroblasts_UP→DOWNmatch
Drug_Perturbations_from_GEO_down,ubiquinol 9962735 human GSE21351 sample 3448,3/319,0.5865276207675673,0.7446004236780419,0,0,0.9896771136532864,0.5280278912528347,LDHB;ALDH1A1;VIM,Drug_Perturbations_from_GEO_down,Myofibroblasts_UP→DOWNmatch
Drug_Perturbations_from_GEO_down,estradiol 5757 mouse GSE2889 sample 3608,4/431,0.5880314511701238,0.7446004236780419,0,0,0.9762030671602326,0.5183392714240453,LDHB;RGCC;LGALS1;TNC,Drug_Perturbations_from_GEO_down,Myofibroblasts_UP→DOWNmatch
Drug_Perturbations_from_GEO_down,SODIUM ARSENITE 443495 mouse GSE11056 sample 3361,3/320,0.5886541899503047,0.7446004236780419,0,0,0.9865044956898732,0.5227648927741642,AZGP1;ALDH1B1;PLP1,Drug_Perturbations_from_GEO_down,Myofibroblasts_UP→DOWNmatch
Drug_Perturbations_from_GEO_down,estradiol 5757 mouse GSE52711 sample 3120,3/320,0.5886541899503047,0.7446004236780419,0,0,0.9865044956898732,0.5227648927741642,HADH;RAMP1;SOX4,Drug_Perturbations_from_GEO_down,Myofibroblasts_UP→DOWNmatch
Drug_Perturbations_from_GEO_down,methotrexate DB00563 human GSE41831 sample 2601,3/321,0.590773799964848,0.746195395595135,0,0,0.9833518312985572,0.5175597773035535,EGR2;FGFBP2;SERPINB9,Drug_Perturbations_from_GEO_down,Myofibroblasts_UP→DOWNmatch
Drug_Perturbations_from_GEO_down,estradiol 5757 mouse GSE2889 sample 3609,4/433,0.5916952959845685,0.7462746185930189,0,0,0.971551745745294,0.5098348744482036,RGCC;RAP1A;CSRP1;DYNLRB1,Drug_Perturbations_from_GEO_down,Myofibroblasts_UP→DOWNmatch
Drug_Perturbations_from_GEO_down,actinomycin D 2019 human GSE6400 sample 3098,3/323,0.5949920644862493,0.7476222070885273,0,0,0.977105614973262,0.5073202807369661,PDE4D;NEDD9;SOX4,Drug_Perturbations_from_GEO_down,Myofibroblasts_UP→DOWNmatch
Drug_Perturbations_from_GEO_down,PLX4032 DB05238 human GSE50649 sample 2558,3/323,0.5949920644862493,0.7476222070885273,0,0,0.977105614973262,0.5073202807369661,PLN;TNFAIP6;LPL,Drug_Perturbations_from_GEO_down,Myofibroblasts_UP→DOWNmatch
Drug_Perturbations_from_GEO_down,4-Hydroxynonenal 5283344 human GSE2397 sample 3079,2/210,0.5953447264732576,0.7476222070885273,0,0,1.0025572831423897,0.5199409135342218,LDHB;S100A6,Drug_Perturbations_from_GEO_down,Myofibroblasts_UP→DOWNmatch
Drug_Perturbations_from_GEO_down,genistein 5280961 mouse GSE2889 sample 3604,4/437,0.5989658645347617,0.7496425328868116,0,0,0.9623780078968934,0.4932674926557739,LDHB;RGCC;LGALS1;RAP1A,Drug_Perturbations_from_GEO_down,Myofibroblasts_UP→DOWNmatch
Drug_Perturbations_from_GEO_down,estradiol DB00783 human GSE1153 sample 2734,2/212,0.6005152918648046,0.7496425328868116,0,0,0.9929078014184396,0.5063503841080931,MYL9;MT3,Drug_Perturbations_from_GEO_down,Myofibroblasts_UP→DOWNmatch
Drug_Perturbations_from_GEO_down,MEK inhibitor (MEKi -AZD6244) 10127622 human GSE55624 sample 3251,3/326,0.601266795652598,0.7496425328868116,0,0,0.9678813264681048,0.4923772234597885,ANXA6;ITGA6;CTNNAL1,Drug_Perturbations_from_GEO_down,Myofibroblasts_UP→DOWNmatch
Drug_Perturbations_from_GEO_down,Monuron 8800 rat GSE51163 sample 2467,3/326,0.601266795652598,0.7496425328868116,0,0,0.9678813264681048,0.4923772234597885,LGALS1;SCRN1;LPL,Drug_Perturbations_from_GEO_down,Myofibroblasts_UP→DOWNmatch
Drug_Perturbations_from_GEO_down,"2,2',4,4',5,5'-Hexachlorobiphenyl   (PCB-153) 37034 human GSE6878 sample 3351",3/326,0.601266795652598,0.7496425328868116,0,0,0.9678813264681048,0.4923772234597885,PGRMC1;PEG10;ALDH1A1,Drug_Perturbations_from_GEO_down,Myofibroblasts_UP→DOWNmatch
Drug_Perturbations_from_GEO_down,ARC (NSC 188491) 302576 human GSE13477 sample 2503,3/329,0.6074779167326768,0.7556135754098823,0,0,0.9588268101440242,0.4779171131530588,LGALS1;SEMA3C;ANXA6,Drug_Perturbations_from_GEO_down,Myofibroblasts_UP→DOWNmatch
Drug_Perturbations_from_GEO_down,imatinib (glivec) 123596 human GSE12211 sample 2518,4/442,0.607945565024522,0.7556135754098823,0,0,0.9511464624146904,0.4733569954943336,LDHB;LGALS1;S100A6;DSTN,Drug_Perturbations_from_GEO_down,Myofibroblasts_UP→DOWNmatch
Drug_Perturbations_from_GEO_down,vancomycin DB14969 mouse GSE7793 sample 3400,3/330,0.6095340809693067,0.7556135754098823,0,0,0.9558455575724868,0.4732012987418758,LPL;MYH11;DYNLRB1,Drug_Perturbations_from_GEO_down,Myofibroblasts_UP→DOWNmatch
Drug_Perturbations_from_GEO_down,sangivamycin (NSC 65346) 14978 human GSE13477 sample 2504,3/330,0.6095340809693067,0.7556135754098823,0,0,0.9558455575724868,0.4732012987418758,LGALS1;SEMA3C;ANXA6,Drug_Perturbations_from_GEO_down,Myofibroblasts_UP→DOWNmatch
Drug_Perturbations_from_GEO_down,tamoxifen DB00675 human GSE28645 sample 2822,3/332,0.6136250075657931,0.7596013270294504,0,0,0.9499374217772216,0.4639221491541389,NR4A2;TGFB2;LGALS1,Drug_Perturbations_from_GEO_down,Myofibroblasts_UP→DOWNmatch
Drug_Perturbations_from_GEO_down,HYPOCHLOROUS ACID 24341 mouse GSE15457 sample 3385,3/333,0.6156597427091465,0.7610360119690587,0,0,0.9470102090422946,0.4593575616063354,LPIN1;FILIP1L;AURKB,Drug_Perturbations_from_GEO_down,Myofibroblasts_UP→DOWNmatch
Drug_Perturbations_from_GEO_down,rosiglitazone DB00412 human GSE5679 sample 2809,3/335,0.6197076928171771,0.764951683321203,0,0,0.9412086850074092,0.4503752974864077,LGALS1;ANXA6;GYG1,Drug_Perturbations_from_GEO_down,Myofibroblasts_UP→DOWNmatch
Drug_Perturbations_from_GEO_down,Rosiglitazone 77999 mouse GSE7193 sample 3091,3/337,0.6237268700238373,0.7688207802137795,0,0,0.9354766403022832,0.4415849328548645,PGRMC1;COL4A2;PLLP,Drug_Perturbations_from_GEO_down,Myofibroblasts_UP→DOWNmatch
Drug_Perturbations_from_GEO_down,cisplatin DB00515 human GSE42172 sample 3096,3/339,0.6277171865163614,0.7715505446714541,0,0,0.9298128342245988,0.4329818084627859,CD151;LGALS1;S100A6,Drug_Perturbations_from_GEO_down,Myofibroblasts_UP→DOWNmatch
Drug_Perturbations_from_GEO_down,lipopolysaccharide (LPS) 11970143 mouse GSE23639 sample 3443,3/339,0.6277171865163614,0.7715505446714541,0,0,0.9298128342245988,0.4329818084627859,LGALS1;STMN1;LPL,Drug_Perturbations_from_GEO_down,Myofibroblasts_UP→DOWNmatch
Drug_Perturbations_from_GEO_down,cisplatin DB00515 human GSE47856 sample 3156,2/226,0.6353229876250673,0.7768577999027145,0,0,0.930186170212766,0.4219526946124031,PMP2;ACTG2,Drug_Perturbations_from_GEO_down,Myofibroblasts_UP→DOWNmatch
Drug_Perturbations_from_GEO_down,TRICHLOROETHYLENE 6575 mouse GSE24278 sample 3321,3/343,0.6356109271931301,0.7768577999027145,0,0,0.9186851211072664,0.4163192984347965,NOV;S100A6;HSD17B6,Drug_Perturbations_from_GEO_down,Myofibroblasts_UP→DOWNmatch
Drug_Perturbations_from_GEO_down,vancomycin DB14969 mouse GSE7793 sample 3399,3/343,0.6356109271931301,0.7768577999027145,0,0,0.9186851211072664,0.4163192984347965,MAL;DYNLRB1;GPM6B,Drug_Perturbations_from_GEO_down,Myofibroblasts_UP→DOWNmatch
Drug_Perturbations_from_GEO_down,Lipopolysaccharide 11970143 mouse GSE2002 sample 3603,3/343,0.6356109271931301,0.7768577999027145,0,0,0.9186851211072664,0.4163192984347965,STMN1;S100A6;LPL,Drug_Perturbations_from_GEO_down,Myofibroblasts_UP→DOWNmatch
Drug_Perturbations_from_GEO_down,etanercept DB00005 human GSE11903 sample 2610,3/347,0.6433883735282191,0.7843053304466515,0,0,0.9078161920159185,0.4003530545522094,NR4A2;PLAT;KLK6,Drug_Perturbations_from_GEO_down,Myofibroblasts_UP→DOWNmatch
Drug_Perturbations_from_GEO_down,Insulin Regular DB00030 mouse GSE39752 sample 3290,2/230,0.6448245091066316,0.7843053304466515,0,0,0.9136804777902202,0.4009020503718479,SERPINE2;MME,Drug_Perturbations_from_GEO_down,Myofibroblasts_UP→DOWNmatch
Drug_Perturbations_from_GEO_down,nicotine 942 human GSE6264 sample 3064,2/230,0.6448245091066316,0.7843053304466515,0,0,0.9136804777902202,0.4009020503718479,LDHB;ACTC1,Drug_Perturbations_from_GEO_down,Myofibroblasts_UP→DOWNmatch
Drug_Perturbations_from_GEO_down,quercetin DB04216 mouse GSE4262 sample 3431,3/348,0.6453145123928146,0.7843053304466515,0,0,0.9051383399209486,0.3964664010536891,ACTA1;LPL;FBXO32,Drug_Perturbations_from_GEO_down,Myofibroblasts_UP→DOWNmatch
Drug_Perturbations_from_GEO_down,Tamoxifen DB00675 mouse GSE34232 sample 2579,2/231,0.6471692998043836,0.7854610635893985,0,0,0.9096441512589428,0.3958292416543535,AZGP1;FXYD6,Drug_Perturbations_from_GEO_down,Myofibroblasts_UP→DOWNmatch
Drug_Perturbations_from_GEO_down,ANTIMONY 5354495 human GSE6907 sample 3532,4/466,0.6493153051618539,0.7869665274555803,0,0,0.9006190941674813,0.3889205108357607,AZGP1;PGRMC1;ALDH1A1;DSTN,Drug_Perturbations_from_GEO_down,Myofibroblasts_UP→DOWNmatch
Drug_Perturbations_from_GEO_down,formaldehyde 712 rat GSE7002 sample 3541,2/233,0.651822297640592,0.7878074779550409,0,0,0.9016763378465508,0.385902418061301,CPM;PGAM2,Drug_Perturbations_from_GEO_down,Myofibroblasts_UP→DOWNmatch
Drug_Perturbations_from_GEO_down,estradiol 5757 human GSE4668 sample 3063,2/233,0.651822297640592,0.7878074779550409,0,0,0.9016763378465508,0.385902418061301,DSTN;GYG1,Drug_Perturbations_from_GEO_down,Myofibroblasts_UP→DOWNmatch
Drug_Perturbations_from_GEO_down,imatinib DB00619 human GSE1922 sample 2517,3/353,0.654835607355832,0.790350198322525,0,0,0.8919786096256684,0.377637925872409,FN1;SERPINB9;VIM,Drug_Perturbations_from_GEO_down,Myofibroblasts_UP→DOWNmatch
Drug_Perturbations_from_GEO_down,clozapine 2818 mouse GSE6467 sample 2464,3/354,0.6567178781680634,0.7915226575978461,0,0,0.8893916540975364,0.3739898681764763,CYFIP2;GJC3;OTUD7B,Drug_Perturbations_from_GEO_down,Myofibroblasts_UP→DOWNmatch
Drug_Perturbations_from_GEO_down,bortezomib DB00188 human GSE30931 sample 2686,2/236,0.6587106295672945,0.7928248436204695,0,0,0.8899799963629751,0.3715407912477625,CSRP1;SOX4,Drug_Perturbations_from_GEO_down,Myofibroblasts_UP→DOWNmatch
Drug_Perturbations_from_GEO_down,4-Hydroxynonenal 5283344 human GSE2397 sample 3078,3/356,0.6604604471560476,0.7933616076212359,0,0,0.8842617139567648,0.3668077110290119,SMTN;CSRP1;S100A6,Drug_Perturbations_from_GEO_down,Myofibroblasts_UP→DOWNmatch
Drug_Perturbations_from_GEO_down,Monuron 8800 rat GSE51163 sample 2465,2/237,0.6609825131389813,0.7933616076212359,0,0,0.8861475780896333,0.3668898160974824,SCRN1;FAM83D,Drug_Perturbations_from_GEO_down,Myofibroblasts_UP→DOWNmatch
Drug_Perturbations_from_GEO_down,azathioprine DB00993 human GSE38713 sample 3194,2/239,0.6654900728350204,0.7976701700601829,0,0,0.8785797647903761,0.3577854065396678,CYFIP2;SCRN1,Drug_Perturbations_from_GEO_down,Myofibroblasts_UP→DOWNmatch
Drug_Perturbations_from_GEO_down,diclofenac DB00586 human GSE54255 sample 3053,2/240,0.6677257959243001,0.7992475436063593,0,0,0.8748435544430538,0.3533297806354563,MPZ;MCAM,Drug_Perturbations_from_GEO_down,Myofibroblasts_UP→DOWNmatch
Drug_Perturbations_from_GEO_down,IFN-alphacon1 DB05258 human GSE5542 sample 2473,2/244,0.6765488854329865,0.8079164291891373,0,0,0.8602074907684192,0.3361265687994573,LDHB;TPM1,Drug_Perturbations_from_GEO_down,Myofibroblasts_UP→DOWNmatch
Drug_Perturbations_from_GEO_down,alitretinoin DB00523 rat GSE3952 sample 2673,4/483,0.6768275724392313,0.8079164291891373,0,0,0.8678923384290749,0.3387719949819549,PGRMC1;ALDH1A1;FN1;HAGH,Drug_Perturbations_from_GEO_down,Myofibroblasts_UP→DOWNmatch
Drug_Perturbations_from_GEO_down,methotrexate DB00563 human GSE23687 sample 2541,2/245,0.6787248365400214,0.8090697982898196,0,0,0.8566237632431486,0.3319755291838252,NR4A2;MME,Drug_Perturbations_from_GEO_down,Myofibroblasts_UP→DOWNmatch
Drug_Perturbations_from_GEO_down,Vincristine 5978 human GSE7556 sample 3092,3/367,0.6805205326719664,0.810099099851971,0,0,0.8570547099958865,0.3298780304818844,LDHB;PEG10;ALDH1A1,Drug_Perturbations_from_GEO_down,Myofibroblasts_UP→DOWNmatch
Drug_Perturbations_from_GEO_down,genistein 5280961 mouse GSE2889 sample 3606,2/247,0.6830411427397106,0.811987350261024,0,0,0.8495440729483282,0.3238463560351295,LDHB;RGCC,Drug_Perturbations_from_GEO_down,Myofibroblasts_UP→DOWNmatch
Drug_Perturbations_from_GEO_down,estradiol DB00783 human GSE4668 sample 2727,2/250,0.6894270383124933,0.8173425597456435,0,0,0.8391386410432395,0.3120709661300563,DSTN;GYG1,Drug_Perturbations_from_GEO_down,Myofibroblasts_UP→DOWNmatch
Drug_Perturbations_from_GEO_down,PBDE 85 177368 human GSE8588 sample 3051,2/250,0.6894270383124933,0.8173425597456435,0,0,0.8391386410432395,0.3120709661300563,LDHB;STMN1,Drug_Perturbations_from_GEO_down,Myofibroblasts_UP→DOWNmatch
Drug_Perturbations_from_GEO_down,phorbol 12-myristate 13-acetate (PMA) 27924 human GSE45417 sample 3246,2/251,0.6915321705416396,0.818517833745088,0,0,0.835725882252414,0.3082538195918104,FAM83D;CTNNAL1,Drug_Perturbations_from_GEO_down,Myofibroblasts_UP→DOWNmatch
Drug_Perturbations_from_GEO_down,"doxorubicin, 2xEC50, 5 d 31703 human GSE6930 sample 3265",4/493,0.6923021954000458,0.818517833745088,0,0,0.8497042461024255,0.3124640537291226,RAP1A;CSRP1;NCOA6;FN1,Drug_Perturbations_from_GEO_down,Myofibroblasts_UP→DOWNmatch
Drug_Perturbations_from_GEO_down,soman 7305 rat GSE13428 sample 2632,1/124,0.6949563665699722,0.8205395143332959,0,0,0.8468619606830989,0.3081783326890746,NOV,Drug_Perturbations_from_GEO_down,Myofibroblasts_UP→DOWNmatch
Drug_Perturbations_from_GEO_down,Etanercept DB00005 human GSE36177 sample 2597,3/379,0.7013944496921714,0.8258967165074483,0,0,0.829189896461486,0.2941010977728304,LGALS1;DUSP3;GYG1,Drug_Perturbations_from_GEO_down,Myofibroblasts_UP→DOWNmatch
Drug_Perturbations_from_GEO_down,Etanercept DB00005 human GSE7524 sample 3295,3/379,0.7013944496921714,0.8258967165074483,0,0,0.829189896461486,0.2941010977728304,LDHB;TNFAIP6;VIM,Drug_Perturbations_from_GEO_down,Myofibroblasts_UP→DOWNmatch
Drug_Perturbations_from_GEO_down,TRICHLOROETHYLENE 6575 mouse GSE24278 sample 3316,2/259,0.7079547091268876,0.8324934265646351,0,0,0.8093799155559235,0.2795397158078976,FILIP1;LPIN1,Drug_Perturbations_from_GEO_down,Myofibroblasts_UP→DOWNmatch
Drug_Perturbations_from_GEO_down,TRICHLOROETHYLENE 6575 mouse GSE24278 sample 3310,2/262,0.7139235003142974,0.8372463181823543,0,0,0.7999181669394435,0.2695559957787802,LPL;LPIN1,Drug_Perturbations_from_GEO_down,Myofibroblasts_UP→DOWNmatch
Drug_Perturbations_from_GEO_down,cisplatin DB00515 human GSE42172 sample 3095,2/262,0.7139235003142974,0.8372463181823543,0,0,0.7999181669394435,0.2695559957787802,NR4A2;CRYAB,Drug_Perturbations_from_GEO_down,Myofibroblasts_UP→DOWNmatch
Drug_Perturbations_from_GEO_down,morphine 5288826 mouse GSE7762 sample 3488,2/263,0.7158903809089014,0.8374942576369622,0,0,0.7968125866144942,0.2663172549133973,PLP1;MBP,Drug_Perturbations_from_GEO_down,Myofibroblasts_UP→DOWNmatch
Drug_Perturbations_from_GEO_down,R1881 13766 human GSE22606 sample 3048,2/264,0.7178459619625424,0.8374942576369622,0,0,0.7937307130095825,0.2631219461517908,LDHB;FN1,Drug_Perturbations_from_GEO_down,Myofibroblasts_UP→DOWNmatch
Drug_Perturbations_from_GEO_down,"2,2',4,4',5,5'-Hexachlorobiphenyl   (PCB-153) 37034 human GSE6878 sample 3349",3/389,0.7179898986645994,0.8374942576369622,0,0,0.8072926768446427,0.267455885221198,PEG10;ALDH1A1;FAM83D,Drug_Perturbations_from_GEO_down,Myofibroblasts_UP→DOWNmatch
Drug_Perturbations_from_GEO_down,phenobarbital sodium 23674889 mouse GSE6721 sample 2462,3/389,0.7179898986645994,0.8374942576369622,0,0,0.8072926768446427,0.267455885221198,PLLP;LPIN1;RAMP1,Drug_Perturbations_from_GEO_down,Myofibroblasts_UP→DOWNmatch
Drug_Perturbations_from_GEO_down,CONCANAVALIN A 596316 mouse GSE17184 sample 3365,2/266,0.721723369866814,0.840720654710806,0,0,0.7876370083816893,0.2568589494809665,DSTN;HADH,Drug_Perturbations_from_GEO_down,Myofibroblasts_UP→DOWNmatch
Drug_Perturbations_from_GEO_down,cisplatin DB00515 human GSE47856 sample 3145,2/267,0.7236452692819882,0.8418309759117106,0,0,0.7846246487354476,0.2537899546283096,NEK1;AURKB,Drug_Perturbations_from_GEO_down,Myofibroblasts_UP→DOWNmatch
Drug_Perturbations_from_GEO_down,Androstanolone 10635 human GSE7868 sample 3411,2/268,0.7255560147385514,0.8429253700639053,0,0,0.7816349384098544,0.250761776955961,SLC12A2;LDHB,Drug_Perturbations_from_GEO_down,Myofibroblasts_UP→DOWNmatch
Drug_Perturbations_from_GEO_down,vemurafenib 42611257 human GSE42872 sample 2495,2/269,0.727455643420787,0.8440039441023549,0,0,0.7786676229181608,0.2477737919804706,LPL;AURKB,Drug_Perturbations_from_GEO_down,Myofibroblasts_UP→DOWNmatch
Drug_Perturbations_from_GEO_down,5-Fluorouracil 3385 mouse GSE1559 sample 3639,3/398,0.7323112690934858,0.8485046571229855,0,0,0.7885331347728965,0.245667201968507,SLC12A2;STMN1;DSTN,Drug_Perturbations_from_GEO_down,Myofibroblasts_UP→DOWNmatch
Drug_Perturbations_from_GEO_down,doxorubicin DB00997 human GSE58074 sample 3180,2/274,0.7367883558387742,0.8524071551705978,0,0,0.7641583229036295,0.2334156732233062,CSRP1;FLNC,Drug_Perturbations_from_GEO_down,Myofibroblasts_UP→DOWNmatch
Drug_Perturbations_from_GEO_down,estradiol 5757 human GSE4668 sample 3062,2/275,0.7386220803722211,0.8524071551705978,0,0,0.7613202400436443,0.2306563420550811,DSTN;GYG1,Drug_Perturbations_from_GEO_down,Myofibroblasts_UP→DOWNmatch
Drug_Perturbations_from_GEO_down,5-Fluorouracil 3385 mouse GSE1559 sample 3636,2/275,0.7386220803722211,0.8524071551705978,0,0,0.7613202400436443,0.2306563420550811,SLC12A2;RAMP1,Drug_Perturbations_from_GEO_down,Myofibroblasts_UP→DOWNmatch
Drug_Perturbations_from_GEO_down,LMP-420 497668 human GSE20211 sample 3222,2/278,0.7440583192124535,0.8575420151135571,0,0,0.7529293863706444,0.2225929275495423,EGR2;MYL9,Drug_Perturbations_from_GEO_down,Myofibroblasts_UP→DOWNmatch
Drug_Perturbations_from_GEO_down,cycloheximide 6197 human GSE8597 sample 3059,2/280,0.7476287624704693,0.8593775060672458,0,0,0.7474360936782489,0.217390839399497,MME;AIF1L,Drug_Perturbations_from_GEO_down,Myofibroblasts_UP→DOWNmatch
Drug_Perturbations_from_GEO_down,doxorubicin 31703 human GSE13477 sample 2641,2/280,0.7476287624704693,0.8593775060672458,0,0,0.7474360936782489,0.217390839399497,LGALS1;ANXA6,Drug_Perturbations_from_GEO_down,Myofibroblasts_UP→DOWNmatch
Drug_Perturbations_from_GEO_down,diclofenac DB00586 human GSE39192 sample 3056,2/285,0.7563692108411462,0.8682758840435351,0,0,0.7340425531914894,0.204963507493676,CASQ2;ITGB8,Drug_Perturbations_from_GEO_down,Myofibroblasts_UP→DOWNmatch
Drug_Perturbations_from_GEO_down,Atarax DB00557 human GSE31773 sample 2485,2/286,0.7580857992875726,0.8690983635631933,0,0,0.7314204375187294,0.202573259433522,MYOCD;FGFBP2,Drug_Perturbations_from_GEO_down,Myofibroblasts_UP→DOWNmatch
Drug_Perturbations_from_GEO_down,Bisphenol A 6623 human GSE17624 sample 2662,2/287,0.759791983281379,0.8699067634670861,0,0,0.7288167226577081,0.2002136714275476,LGALS1;S100A6,Drug_Perturbations_from_GEO_down,Myofibroblasts_UP→DOWNmatch
Drug_Perturbations_from_GEO_down,TRICHLOROETHYLENE 6575 mouse GSE24278 sample 3313,2/288,0.7614878044517253,0.8707011869323016,0,0,0.7262312155929177,0.1978842964128491,LPIN1;GPM6B,Drug_Perturbations_from_GEO_down,Myofibroblasts_UP→DOWNmatch
Drug_Perturbations_from_GEO_down,irinotecan DB00762 rat GSE11722 sample 2767,2/289,0.7631733044029703,0.8707192659784172,0,0,0.7236637259989621,0.1955846950677864,GPM6A;LPP,Drug_Perturbations_from_GEO_down,Myofibroblasts_UP→DOWNmatch
Drug_Perturbations_from_GEO_down,TRICHLOROETHYLENE 6575 mouse GSE24278 sample 3318,2/290,0.7648485249427338,0.8707192659784172,0,0,0.7211140661938534,0.1933144354362483,MME;HSD17B6,Drug_Perturbations_from_GEO_down,Myofibroblasts_UP→DOWNmatch
Drug_Perturbations_from_GEO_down,"2,3,7,8-tetrachlorodibenzo-p-dioxin 10852289 human GSE24193 sample 3189",2/291,0.7665135080247286,0.8707192659784172,0,0,0.7185820510932783,0.1910730928305272,SH3BGRL;LGALS1,Drug_Perturbations_from_GEO_down,Myofibroblasts_UP→DOWNmatch
Drug_Perturbations_from_GEO_down,NSC319726 5351307 human GSE35972 sample 2479,2/291,0.7665135080247286,0.8707192659784172,0,0,0.7185820510932783,0.1910730928305272,HSD17B6;FAM83D,Drug_Perturbations_from_GEO_down,Myofibroblasts_UP→DOWNmatch
Drug_Perturbations_from_GEO_down,Promyelocytic leukemia DB00755 human GSE5007 sample 2461,2/291,0.7665135080247286,0.8707192659784172,0,0,0.7185820510932783,0.1910730928305272,LDHB;LPL,Drug_Perturbations_from_GEO_down,Myofibroblasts_UP→DOWNmatch
Drug_Perturbations_from_GEO_down,vancomycin DB14969 mouse GSE7793 sample 3395,2/292,0.7681682956854623,0.8714598550269801,0,0,0.7160674981658107,0.1888602497416779,LPL;GPM6B,Drug_Perturbations_from_GEO_down,Myofibroblasts_UP→DOWNmatch
Drug_Perturbations_from_GEO_down,quercetin 5280343 human GSE13899 sample 3182,2/293,0.7698129302576785,0.8721870096400555,0,0,0.7135702273890473,0.1866754954949026,LDHB;LGALS1,Drug_Perturbations_from_GEO_down,Myofibroblasts_UP→DOWNmatch
Drug_Perturbations_from_GEO_down,cetuximab DB00002 human GSE61495 sample 3134,2/294,0.7714474538609317,0.872900829954622,0,0,0.7110900612066453,0.1845184265813736,HHATL;CTNNAL1,Drug_Perturbations_from_GEO_down,Myofibroblasts_UP→DOWNmatch
Drug_Perturbations_from_GEO_down,Triiodothyronine-[13C6] hydrochloride (T3 thyronine) 53442265 human GSE29159 sample 3047,2/297,0.7762907845980676,0.8772388710217435,0,0,0.7037504507753336,0.1782093941473684,ALDH1B1;PEG10,Drug_Perturbations_from_GEO_down,Myofibroblasts_UP→DOWNmatch
Drug_Perturbations_from_GEO_down,soman 7305 rat GSE13428 sample 2638,1/159,0.7821114412125696,0.880942664379169,0,0,0.6580938986002277,0.161731867080853,ALDH1B1,Drug_Perturbations_from_GEO_down,Myofibroblasts_UP→DOWNmatch
Drug_Perturbations_from_GEO_down,neocarzinostatin 5282473 human GSE1676 sample 3113,2/301,0.7826095936717129,0.880942664379169,0,0,0.6941934106596457,0.1701615986059467,SPARC;DSTN,Drug_Perturbations_from_GEO_down,Myofibroblasts_UP→DOWNmatch
Drug_Perturbations_from_GEO_down,"2,3,7,8-tetrachlorodibenzo-p-dioxin (TCDD) 15625 human GSE16160 sample 3426",2/301,0.7826095936717129,0.880942664379169,0,0,0.6941934106596457,0.1701615986059467,VIM;KLK6,Drug_Perturbations_from_GEO_down,Myofibroblasts_UP→DOWNmatch
Drug_Perturbations_from_GEO_down,doxycycline DB00254 human GSE41035 sample 3041,2/308,0.7932930877395503,0.8917353300851713,0,0,0.6780698094840774,0.1570155619647465,LGALS1;COL4A2,Drug_Perturbations_from_GEO_down,Myofibroblasts_UP→DOWNmatch
Drug_Perturbations_from_GEO_down,nitric oxide 145068 human GSE13887 sample 3181,3/442,0.7942498797306358,0.8917353300851713,0,0,0.707892268524722,0.1630680506219857,LDHB;SH3BGRL;MAL,Drug_Perturbations_from_GEO_down,Myofibroblasts_UP→DOWNmatch
Drug_Perturbations_from_GEO_down,NICKEL 935 human GSE6907 sample 3531,2/312,0.7991887523439174,0.8959237768555738,0,0,0.6691832532601235,0.1500028635935556,CSRP1;DSTN,Drug_Perturbations_from_GEO_down,Myofibroblasts_UP→DOWNmatch
Drug_Perturbations_from_GEO_down,ethanol DB00898 mouse GSE52644 sample 3476,2/314,0.8020806643933296,0.8959237768555738,0,0,0.6648254228041462,0.1466246522717935,SERPINE2;LPL,Drug_Perturbations_from_GEO_down,Myofibroblasts_UP→DOWNmatch
Drug_Perturbations_from_GEO_down,RPI-1 1749978 human GSE49414 sample 3173,2/314,0.8020806643933296,0.8959237768555738,0,0,0.6648254228041462,0.1466246522717935,NEXN;FLNC,Drug_Perturbations_from_GEO_down,Myofibroblasts_UP→DOWNmatch
Drug_Perturbations_from_GEO_down,cisplatin DB00515 human GSE47856 sample 3150,1/169,0.8021043709938278,0.8959237768555738,0,0,0.6186067019400353,0.1364130102666635,TAGLN,Drug_Perturbations_from_GEO_down,Myofibroblasts_UP→DOWNmatch
Drug_Perturbations_from_GEO_down,lapatinib 208908 human GSE38376 sample 3245,2/318,0.8077543928687816,0.9010764664993212,0,0,0.656275249124697,0.1401129516717048,PGRMC1;NUBPL,Drug_Perturbations_from_GEO_down,Myofibroblasts_UP→DOWNmatch
Drug_Perturbations_from_GEO_down,vancomycin DB14969 mouse GSE7793 sample 3397,2/321,0.8119147303355024,0.9033980802324604,0,0,0.6500033348896151,0.1354346664112998,LPL;DYNLRB1,Drug_Perturbations_from_GEO_down,Myofibroblasts_UP→DOWNmatch
Drug_Perturbations_from_GEO_down,ethanol DB00898 mouse GSE52644 sample 3475,2/321,0.8119147303355024,0.9033980802324604,0,0,0.6500033348896151,0.1354346664112998,CALD1;LPL,Drug_Perturbations_from_GEO_down,Myofibroblasts_UP→DOWNmatch
Drug_Perturbations_from_GEO_down,dexamethasone DB01234 mouse GSE11056 sample 3358,2/328,0.8213127783522146,0.912686450624136,0,0,0.6358177783579168,0.1251615369465323,PTPRE;WFDC1,Drug_Perturbations_from_GEO_down,Myofibroblasts_UP→DOWNmatch
Drug_Perturbations_from_GEO_down,temozolomide 5394 human GSE43452 sample 2555,2/329,0.8226206344083831,0.91297232605477,0,0,0.6338408484611882,0.1237638522527445,NOV;TNC,Drug_Perturbations_from_GEO_down,Myofibroblasts_UP→DOWNmatch
Drug_Perturbations_from_GEO_down,TRICHLOROETHYLENE 6575 mouse GSE24278 sample 3324,2/330,0.8239199403261002,0.9132120282494128,0,0,0.6318759730150493,0.1223829476059866,ITGB8;AURKB,Drug_Perturbations_from_GEO_down,Myofibroblasts_UP→DOWNmatch
Drug_Perturbations_from_GEO_down,"cytarabine, EC50, 5 d 6253 human GSE6930 sample 3375",3/468,0.8249383684416445,0.9132120282494128,0,0,0.6674141797481455,0.1284415899227374,SCRN1;NCOA6;DYNLRB1,Drug_Perturbations_from_GEO_down,Myofibroblasts_UP→DOWNmatch
Drug_Perturbations_from_GEO_down,Promegestone 36709 human GSE67561 sample 3694,2/335,0.8302897312991371,0.917966636767112,0,0,0.6222286115903137,0.1157224288978005,CSRP1;S100A6,Drug_Perturbations_from_GEO_down,Myofibroblasts_UP→DOWNmatch
Drug_Perturbations_from_GEO_down,rosiglitazone DB00412 rat GSE21329 sample 2845,1/187,0.8336027635469805,0.918718285071336,0,0,0.5582295044660636,0.1015968167995147,RCAN1,Drug_Perturbations_from_GEO_down,Myofibroblasts_UP→DOWNmatch
Drug_Perturbations_from_GEO_down,cyclophosphamide 2907 mouse GSE2254 sample 3626,1/187,0.8336027635469805,0.918718285071336,0,0,0.5582295044660636,0.1015968167995147,HADH,Drug_Perturbations_from_GEO_down,Myofibroblasts_UP→DOWNmatch
Drug_Perturbations_from_GEO_down,Caerulein 16132921 mouse GSE3644 sample 3585,1/188,0.8351984409739417,0.918718285071336,0,0,0.5552160258042611,0.0999865935280823,SPARC,Drug_Perturbations_from_GEO_down,Myofibroblasts_UP→DOWNmatch
Drug_Perturbations_from_GEO_down,VANADIUM PENTOXIDE 14814 human GSE5339 sample 3555,1/188,0.8351984409739417,0.918718285071336,0,0,0.5552160258042611,0.0999865935280823,SOX4,Drug_Perturbations_from_GEO_down,Myofibroblasts_UP→DOWNmatch
Drug_Perturbations_from_GEO_down,Capsaicin 1548943 rat GSE59727 sample 3693,2/343,0.8400524918996574,0.922889526499118,0,0,0.6073812940662632,0.105861031620967,TPM1;DSTN,Drug_Perturbations_from_GEO_down,Myofibroblasts_UP→DOWNmatch
Drug_Perturbations_from_GEO_down,imatinib DB00619 human GSE19567 sample 2527,2/344,0.8412366197893207,0.9230235133799491,0,0,0.6055742192360334,0.1046930658427691,LDHB;VIM,Drug_Perturbations_from_GEO_down,Myofibroblasts_UP→DOWNmatch
Drug_Perturbations_from_GEO_down,Bisphenol A 6623 human GSE17624 sample 2655,2/346,0.8435811987694605,0.9235421933256186,0,0,0.6019915883226126,0.1023982379328885,MAL;FAM83D,Drug_Perturbations_from_GEO_down,Myofibroblasts_UP→DOWNmatch
Drug_Perturbations_from_GEO_down,quercetin DB04216 mouse GSE38067 sample 3441,3/486,0.8438348693907264,0.9235421933256186,0,0,0.6419437340153452,0.1090010548164301,LGALS1;ALDH1A1;HADH,Drug_Perturbations_from_GEO_down,Myofibroblasts_UP→DOWNmatch
Drug_Perturbations_from_GEO_down,gamma-Tocotrienol 5282349 human GSE21946 sample 3242,1/195,0.8459499536919887,0.924375808680618,0,0,0.5349915453008236,0.0895014520426671,ANXA6,Drug_Perturbations_from_GEO_down,Myofibroblasts_UP→DOWNmatch
Drug_Perturbations_from_GEO_down,HYPOCHLOROUS ACID 24341 mouse GSE15457 sample 3386,3/490,0.8477877094573676,0.924375808680618,0,0,0.6365393273232384,0.1051085673423043,NR4A1;PTPRE;NCOA6,Drug_Perturbations_from_GEO_down,Myofibroblasts_UP→DOWNmatch
Drug_Perturbations_from_GEO_down,Fasudil 3547 mouse GSE25829 sample 3275,3/490,0.8477877094573676,0.924375808680618,0,0,0.6365393273232384,0.1051085673423043,RCAN1;UACA;PDLIM7,Drug_Perturbations_from_GEO_down,Myofibroblasts_UP→DOWNmatch
Drug_Perturbations_from_GEO_down,EPZ004777 56962336 human GSE29828 sample 2649,2/352,0.8504285590769453,0.9251024482582352,0,0,0.5914893617021276,0.0958300716924283,LDHB;LGALS1,Drug_Perturbations_from_GEO_down,Myofibroblasts_UP→DOWNmatch
Drug_Perturbations_from_GEO_down,4-Hydroxynonenal 5283344 human GSE2397 sample 3080,2/354,0.8526500051296602,0.9251024482582352,0,0,0.5880681818181818,0.0937416708092746,SMTN;CTNNAL1,Drug_Perturbations_from_GEO_down,Myofibroblasts_UP→DOWNmatch
Drug_Perturbations_from_GEO_down,soman 7305 rat GSE13428 sample 2636,1/201,0.8546082613907331,0.9251024482582352,0,0,0.5187830687830688,0.0815070915970801,ALDH1B1,Drug_Perturbations_from_GEO_down,Myofibroblasts_UP→DOWNmatch
Drug_Perturbations_from_GEO_down,thapsigargin 446378 human GSE19519 sample 3236,1/201,0.8546082613907331,0.9251024482582352,0,0,0.5187830687830688,0.0815070915970801,SPARC,Drug_Perturbations_from_GEO_down,Myofibroblasts_UP→DOWNmatch
Drug_Perturbations_from_GEO_down,4-Vinylcyclohexene diepoxide 7833 mouse GSE23725 sample 3234,1/201,0.8546082613907331,0.9251024482582352,0,0,0.5187830687830688,0.0815070915970801,COL4A2,Drug_Perturbations_from_GEO_down,Myofibroblasts_UP→DOWNmatch
Drug_Perturbations_from_GEO_down,imatinib DB00619 human GSE24493 sample 2764,2/356,0.8548415028209008,0.9251024482582352,0,0,0.5846856593340546,0.0917016334279074,LDHB;S100A6,Drug_Perturbations_from_GEO_down,Myofibroblasts_UP→DOWNmatch
Drug_Perturbations_from_GEO_down,cisplatin DB00515 human GSE47856 sample 3147,1/203,0.8573853960548612,0.9267013795667592,0,0,0.5135942165645135,0.0790255905164201,PEG10,Drug_Perturbations_from_GEO_down,Myofibroblasts_UP→DOWNmatch
Drug_Perturbations_from_GEO_down,Arachidonic acid DB04557 human GSE3737 sample 3171,1/205,0.8601097575733206,0.9274271919405308,0,0,0.5085071065463223,0.0766296171380324,S100A6,Drug_Perturbations_from_GEO_down,Myofibroblasts_UP→DOWNmatch
Drug_Perturbations_from_GEO_down,Curcumin 969516 human GSE16160 sample 3425,2/361,0.860191388612276,0.9274271919405308,0,0,0.5763942393172524,0.0868051854742012,LPL;HADH,Drug_Perturbations_from_GEO_down,Myofibroblasts_UP→DOWNmatch
Drug_Perturbations_from_GEO_down,soman 7305 rat GSE13428 sample 2634,1/206,0.861452460963212,0.9276359214089608,0,0,0.5060007742934572,0.0754626310316635,TNC,Drug_Perturbations_from_GEO_down,Myofibroblasts_UP→DOWNmatch
Drug_Perturbations_from_GEO_down,carboplatin DB00958 human GSE49577 sample 3177,1/208,0.8640995275504715,0.9293347641600986,0,0,0.5010607570994045,0.0731886033938623,PNCK,Drug_Perturbations_from_GEO_down,Myofibroblasts_UP→DOWNmatch
Drug_Perturbations_from_GEO_down,"cytarabine, EC50, 3 d 6253 human GSE6930 sample 3374",2/368,0.8673799668177832,0.931199035946417,0,0,0.5651668410649925,0.0804108889231576,BAG2;SCRN1,Drug_Perturbations_from_GEO_down,Myofibroblasts_UP→DOWNmatch
Drug_Perturbations_from_GEO_down,apratoxin A 6326668 human GSE2742 sample 3068,1/211,0.8679760864402736,0.931199035946417,0,0,0.4938271604938271,0.0699215382149712,ALDH1A1,Drug_Perturbations_from_GEO_down,Myofibroblasts_UP→DOWNmatch
Drug_Perturbations_from_GEO_down,tamoxifen DB00675 human GSE28645 sample 2496,1/214,0.8717426301864734,0.9325114938949368,0,0,0.486797327172914,0.0668183110513037,GPM6A,Drug_Perturbations_from_GEO_down,Myofibroblasts_UP→DOWNmatch
Drug_Perturbations_from_GEO_down,deferasirox DB01609 human GSE11670 sample 2572,2/374,0.8732712738616485,0.9325114938949368,0,0,0.5558796614047129,0.0753267158725953,LDHB;FAM83D,Drug_Perturbations_from_GEO_down,Myofibroblasts_UP→DOWNmatch
Drug_Perturbations_from_GEO_down,VANADIUM PENTOXIDE 14814 human GSE5339 sample 3558,3/519,0.8739397425809573,0.9325114938949368,0,0,0.5998632010943913,0.0808278772600208,BAG2;PMP22;SOX4,Drug_Perturbations_from_GEO_down,Myofibroblasts_UP→DOWNmatch
Drug_Perturbations_from_GEO_down,doxycycline DB00254 mouse GSE29848 sample 3207,2/375,0.8742295451972354,0.9325114938949368,0,0,0.5543608465004849,0.074512916565714,LDHB;DSTN,Drug_Perturbations_from_GEO_down,Myofibroblasts_UP→DOWNmatch
Drug_Perturbations_from_GEO_down,EPZ004777 56962336 human GSE29828 sample 2650,2/376,0.8751811743189504,0.9325114938949368,0,0,0.5528501536010922,0.0737083916294627,LDHB;LGALS1,Drug_Perturbations_from_GEO_down,Myofibroblasts_UP→DOWNmatch
Drug_Perturbations_from_GEO_down,nilotinib DB04868 human GSE19567 sample 2528,2/377,0.8761262000350787,0.9325114938949368,0,0,0.5513475177304965,0.0729130266136876,LDHB;VIM,Drug_Perturbations_from_GEO_down,Myofibroblasts_UP→DOWNmatch
Drug_Perturbations_from_GEO_down,imatinib DB00619 mouse GSE30883 sample 2523,2/378,0.87706466114051,0.9325114938949368,0,0,0.5498528746038932,0.072126708564897,GPM6A;NOV,Drug_Perturbations_from_GEO_down,Myofibroblasts_UP→DOWNmatch
Drug_Perturbations_from_GEO_down,alfacalcidol 5282181 human GSE15947 sample 3362,1/219,0.877784121986258,0.9325114938949368,0,0,0.4755108975292461,0.0619850282354038,RERG,Drug_Perturbations_from_GEO_down,Myofibroblasts_UP→DOWNmatch
Drug_Perturbations_from_GEO_down,trovafloxacin 62959 human GSE9166 sample 2623,2/381,0.8798410417064494,0.9335553910169776,0,0,0.54541626901701,0.0698209303978573,PEG10;FN1,Drug_Perturbations_from_GEO_down,Myofibroblasts_UP→DOWNmatch
Drug_Perturbations_from_GEO_down,Lapatinib DB01259 human GSE16179 sample 2581,2/386,0.8843406240879029,0.9371853686980336,0,0,0.538175975177305,0.0661488070586191,LDHB;S100A6,Drug_Perturbations_from_GEO_down,Myofibroblasts_UP→DOWNmatch
Drug_Perturbations_from_GEO_down,Methotrexate DB00563 human GSE11440 sample 3072,1/236,0.8962849035431261,0.9475323372007016,0,0,0.4407294832826747,0.048258531482029,DSTN,Drug_Perturbations_from_GEO_down,Myofibroblasts_UP→DOWNmatch
Drug_Perturbations_from_GEO_down,"2,2',4,4',5,5'-Hexachlorobiphenyl   (PCB-153) 37034 human GSE6878 sample 3348",1/236,0.8962849035431261,0.9475323372007016,0,0,0.4407294832826747,0.048258531482029,COL9A3,Drug_Perturbations_from_GEO_down,Myofibroblasts_UP→DOWNmatch
Drug_Perturbations_from_GEO_down,etanercept DB00005 human GSE47751 sample 2593,1/238,0.898269449797068,0.9484764907334776,0,0,0.43696559730315,0.0468799416021544,NR4A2,Drug_Perturbations_from_GEO_down,Myofibroblasts_UP→DOWNmatch
Drug_Perturbations_from_GEO_down,quercetin DB04216 mouse GSE4262 sample 3428,1/240,0.9002162177257782,0.9492383607999696,0,0,0.4332647052312324,0.0455449169171048,FHL1,Drug_Perturbations_from_GEO_down,Myofibroblasts_UP→DOWNmatch
Drug_Perturbations_from_GEO_down,bleomycin DB00290 human GSE3598 sample 3587,1/241,0.901175658987313,0.9492383607999696,0,0,0.4314373897707231,0.0448932522567411,KLK6,Drug_Perturbations_from_GEO_down,Myofibroblasts_UP→DOWNmatch
Drug_Perturbations_from_GEO_down,Cadmium Chloride 24947 rat GSE9480 sample 3413,2/410,0.9038536515705756,0.9509065656353876,0,0,0.5058927826449728,0.0511395993360022,STMN1;EFHD1,Drug_Perturbations_from_GEO_down,Myofibroblasts_UP→DOWNmatch
Drug_Perturbations_from_GEO_down,estradiol 5757 human GSE16683 sample 3394,1/246,0.9058369390382404,0.9518407497270024,0,0,0.4225245653817082,0.0417859759495155,STMN1,Drug_Perturbations_from_GEO_down,Myofibroblasts_UP→DOWNmatch
Drug_Perturbations_from_GEO_down,CADMIUM 23973 human GSE9951 sample 3405,1/249,0.9085280363878544,0.9527984369705256,0,0,0.4173493770267963,0.0400361302251799,FGF7,Drug_Perturbations_from_GEO_down,Myofibroblasts_UP→DOWNmatch
Drug_Perturbations_from_GEO_down,apratoxin A 6326668 human GSE2742 sample 3069,2/417,0.908941201666934,0.9527984369705256,0,0,0.4971802102025122,0.0474682166971563,ALDH1A1;ITGA6,Drug_Perturbations_from_GEO_down,Myofibroblasts_UP→DOWNmatch
Drug_Perturbations_from_GEO_down,methoxychlor 4115 mouse GSE23725 sample 3235,1/254,0.912844230430539,0.9544138837450232,0,0,0.4089968003011481,0.0372964287855584,S100A6,Drug_Perturbations_from_GEO_down,Myofibroblasts_UP→DOWNmatch
Drug_Perturbations_from_GEO_down,4-Hydroxynonenal 5283344 human GSE2397 sample 3081,1/254,0.912844230430539,0.9544138837450232,0,0,0.4089968003011481,0.0372964287855584,TGFB1I1,Drug_Perturbations_from_GEO_down,Myofibroblasts_UP→DOWNmatch
Drug_Perturbations_from_GEO_down,VANADIUM PENTOXIDE 14814 human GSE5339 sample 3556,2/424,0.9137771591206666,0.9544138837450232,0,0,0.488756680447716,0.0440704790556169,NCOA6;SOX4,Drug_Perturbations_from_GEO_down,Myofibroblasts_UP→DOWNmatch
Drug_Perturbations_from_GEO_down,"3,3',4,4'-Tetrachlorobiphenyl 36187 human GSE6878 sample 3271",1/259,0.9169577768914794,0.9565862042241244,0,0,0.4009679668594397,0.0347614578222986,PEG10,Drug_Perturbations_from_GEO_down,Myofibroblasts_UP→DOWNmatch
Drug_Perturbations_from_GEO_down,phenol 996 human GSE6907 sample 3528,1/264,0.9208781420332258,0.9583749765591296,0,0,0.3932444122558191,0.0324141781631644,DSTN,Drug_Perturbations_from_GEO_down,Myofibroblasts_UP→DOWNmatch
Drug_Perturbations_from_GEO_down,quercetin 5280343 human GSE7259 sample 3415,1/264,0.9208781420332258,0.9583749765591296,0,0,0.3932444122558191,0.0324141781631644,CES1,Drug_Perturbations_from_GEO_down,Myofibroblasts_UP→DOWNmatch
Drug_Perturbations_from_GEO_down,"2,2',4,4',5,5'-Hexachlorobiphenyl   (PCB-153) 37034 human GSE6878 sample 3350",2/442,0.9251335338833426,0.961651962852422,0,0,0.4683268858800773,0.0364438826979557,PEG10;ALDH1A1,Drug_Perturbations_from_GEO_down,Myofibroblasts_UP→DOWNmatch
Drug_Perturbations_from_GEO_down,cisplatin DB00515 human GSE47856 sample 3143,1/273,0.9274765268202044,0.962789831591659,0,0,0.3800575785869903,0.0286136962406461,SH3BGRL,Drug_Perturbations_from_GEO_down,Myofibroblasts_UP→DOWNmatch
Drug_Perturbations_from_GEO_down,Bisphenol A 6623 human GSE17624 sample 2660,1/275,0.9288668107280352,0.962789831591659,0,0,0.3772448152010196,0.0278368643104773,MAL,Drug_Perturbations_from_GEO_down,Myofibroblasts_UP→DOWNmatch
Drug_Perturbations_from_GEO_down,R1881 13766 human GSE22606 sample 3049,1/276,0.92955197779678,0.962789831591659,0,0,0.3758537758537758,0.0274570779617824,CYFIP2,Drug_Perturbations_from_GEO_down,Myofibroblasts_UP→DOWNmatch
Drug_Perturbations_from_GEO_down,Androstanolone 10635 human GSE7868 sample 3410,1/278,0.9309026782268786,0.9630409849751876,0,0,0.3731018279754742,0.0267142930423765,LDHB,Drug_Perturbations_from_GEO_down,Myofibroblasts_UP→DOWNmatch
Drug_Perturbations_from_GEO_down,Bisphenol A 6623 human GSE17624 sample 2654,1/281,0.9328805741095954,0.9639396181941003,0,0,0.369047619047619,0.0256407230829901,S100A6,Drug_Perturbations_from_GEO_down,Myofibroblasts_UP→DOWNmatch
Drug_Perturbations_from_GEO_down,resveratrol DB02709 mouse GSE62194 sample 3466,1/288,0.9372793579267348,0.966810320364622,0,0,0.3599174086978965,0.0233132543767121,COL4A2,Drug_Perturbations_from_GEO_down,Myofibroblasts_UP→DOWNmatch
Drug_Perturbations_from_GEO_down,atorvastatin DB01076 human GSE11393 sample 3401,1/289,0.9378838896057268,0.966810320364622,0,0,0.3586493239271017,0.0229998665027021,MME,Drug_Perturbations_from_GEO_down,Myofibroblasts_UP→DOWNmatch
Drug_Perturbations_from_GEO_down,cadmium CID 23973 human GSE20320 sample 2550,1/301,0.9447015776080324,0.9701538897059688,0,0,0.3440917107583774,0.0195740672104547,ITGA8,Drug_Perturbations_from_GEO_down,Myofibroblasts_UP→DOWNmatch
Drug_Perturbations_from_GEO_down,bicalutamide DB01128 human GSE7708 sample 3088,1/302,0.9452349192662842,0.9701538897059688,0,0,0.3429309708379476,0.0193144863181457,TPM1,Drug_Perturbations_from_GEO_down,Myofibroblasts_UP→DOWNmatch
Drug_Perturbations_from_GEO_down,5-Fluorouracil 3385 mouse GSE1559 sample 3635,1/302,0.9452349192662842,0.9701538897059688,0,0,0.3429309708379476,0.0193144863181457,SLC12A2,Drug_Perturbations_from_GEO_down,Myofibroblasts_UP→DOWNmatch
Drug_Perturbations_from_GEO_down,arsenic CID 5359596 human GSE20320 sample 2551,1/307,0.9478258370084782,0.9701538897059688,0,0,0.337241069267213,0.0180708973948683,TPM2,Drug_Perturbations_from_GEO_down,Myofibroblasts_UP→DOWNmatch
Drug_Perturbations_from_GEO_down,Mehp 20393 rat GSE4514 sample 3578,1/307,0.9478258370084782,0.9701538897059688,0,0,0.337241069267213,0.0180708973948683,HAGH,Drug_Perturbations_from_GEO_down,Myofibroblasts_UP→DOWNmatch
Drug_Perturbations_from_GEO_down,imiquimod DB00724 mouse GSE27628 sample 3073,1/307,0.9478258370084782,0.9701538897059688,0,0,0.337241069267213,0.0180708973948683,PLA2G16,Drug_Perturbations_from_GEO_down,Myofibroblasts_UP→DOWNmatch
Drug_Perturbations_from_GEO_down,5-Fluorouracil 3385 mouse GSE1559 sample 3637,1/311,0.949810477272443,0.9703950306734672,0,0,0.332821300563236,0.0171379046254838,DSTN,Drug_Perturbations_from_GEO_down,Myofibroblasts_UP→DOWNmatch
Drug_Perturbations_from_GEO_down,ubiquinol 9962735 mouse GSE15129 sample 3459,1/312,0.9502947883810364,0.9703950306734672,0,0,0.3317341227309073,0.0169128137044658,HADH,Drug_Perturbations_from_GEO_down,Myofibroblasts_UP→DOWNmatch
Drug_Perturbations_from_GEO_down,"2,3,7,8-tetrachlorodibenzo-p-dioxin 15625 mouse GSE4873 sample 2595",1/315,0.9517200029692282,0.970626184460664,0,0,0.3285141374313349,0.0162563256324542,AOC3,Drug_Perturbations_from_GEO_down,Myofibroblasts_UP→DOWNmatch
Drug_Perturbations_from_GEO_down,"cytarabine, 2xEC50, 3 d 6253 human GSE6930 sample 3423",1/318,0.953104558769742,0.970626184460664,0,0,0.3253550982257607,0.0156270220389886,BAG2,Drug_Perturbations_from_GEO_down,Myofibroblasts_UP→DOWNmatch
Drug_Perturbations_from_GEO_down,pyrazinamide 1046 mouse GSE48027 sample 3326,1/322,0.9548893759826348,0.970626184460664,0,0,0.3212348975588851,0.014828132803045,SERPINB9,Drug_Perturbations_from_GEO_down,Myofibroblasts_UP→DOWNmatch
Drug_Perturbations_from_GEO_down,"doxorubicin, EC50, 3 d 31703 human GSE6930 sample 3261",1/325,0.9561834926827012,0.970626184460664,0,0,0.3182115095695342,0.0142576087345607,CSRP1,Drug_Perturbations_from_GEO_down,Myofibroblasts_UP→DOWNmatch
Drug_Perturbations_from_GEO_down,formaldehyde 712 rat GSE7002 sample 3546,1/328,0.9574406721094922,0.970626184460664,0,0,0.3152435965891623,0.0137104235296595,SEMA3C,Drug_Perturbations_from_GEO_down,Myofibroblasts_UP→DOWNmatch
Drug_Perturbations_from_GEO_down,vemurafenib DB08881 human GSE37441 sample 2559,1/329,0.9578517056925804,0.970626184460664,0,0,0.3142663569492838,0.0135330348836894,LEFTY2,Drug_Perturbations_from_GEO_down,Myofibroblasts_UP→DOWNmatch
Drug_Perturbations_from_GEO_down,5-aminosalicylic acid 4075 human GSE38713 sample 3195,1/331,0.958661962943684,0.970626184460664,0,0,0.312329645662979,0.013185544238696,CYFIP2,Drug_Perturbations_from_GEO_down,Myofibroblasts_UP→DOWNmatch
Drug_Perturbations_from_GEO_down,ethanol DB00898 rat GSE3311 sample 2737,1/333,0.95945672318954,0.970626184460664,0,0,0.3104162682475935,0.0128475296352626,GYG1,Drug_Perturbations_from_GEO_down,Myofibroblasts_UP→DOWNmatch
Drug_Perturbations_from_GEO_down,4-Hydroxynonenal 5283344 human GSE2397 sample 3083,1/337,0.9610009271619212,0.970687073358246,0,0,0.306657848324515,0.0121988201424315,FAM83D,Drug_Perturbations_from_GEO_down,Myofibroblasts_UP→DOWNmatch
Drug_Perturbations_from_GEO_down,"cytarabine, EC50, 1 d 6253 human GSE6930 sample 3373",1/339,0.9617509437991368,0.970687073358246,0,0,0.3048119971196894,0.0118875935181144,VIM,Drug_Perturbations_from_GEO_down,Myofibroblasts_UP→DOWNmatch
Drug_Perturbations_from_GEO_down,rosiglitazone 77999 mouse GSE36875 sample 3100,1/344,0.9635637977598972,0.9709688136565452,0,0,0.3002915451895043,0.0111457947781631,AZGP1,Drug_Perturbations_from_GEO_down,Myofibroblasts_UP→DOWNmatch
Drug_Perturbations_from_GEO_down,cisplatin DB00515 human GSE47856 sample 3149,1/346,0.9642647712147278,0.9709688136565452,0,0,0.2985200521432405,0.0108629545841054,LTBP1,Drug_Perturbations_from_GEO_down,Myofibroblasts_UP→DOWNmatch
Drug_Perturbations_from_GEO_down,imatinib DB00619 human GSE23743 sample 2763,1/354,0.9669370265321132,0.9725327269171368,0,0,0.2916348157141358,0.009805318990242,LDHB,Drug_Perturbations_from_GEO_down,Myofibroblasts_UP→DOWNmatch
Drug_Perturbations_from_GEO_down,EPZ004777 56962336 human GSE29828 sample 2651,1/362,0.9694104111386797,0.9738932338491474,0,0,0.285054742118454,0.0088558572032333,LDHB,Drug_Perturbations_from_GEO_down,Myofibroblasts_UP→DOWNmatch
Drug_Perturbations_from_GEO_down,ZINC ACETATE 11192 human GSE2964 sample 3590,1/383,0.9750616772841444,0.9784394890992164,0,0,0.2690933266849497,0.0067958312049736,CYFIP2,Drug_Perturbations_from_GEO_down,Myofibroblasts_UP→DOWNmatch
Drug_Perturbations_from_GEO_down,CADMIUM 23973 human GSE9951 sample 3402,1/394,0.9775939843219484,0.9798491030862436,0,0,0.26141335810547,0.0059238473538339,SERPINE2,Drug_Perturbations_from_GEO_down,Myofibroblasts_UP→DOWNmatch
Drug_Perturbations_from_GEO_down,"doxorubicin, EC50, 5 d 31703 human GSE6930 sample 3262",1/411,0.9810134273734096,0.9821436271745309,0,0,0.2503548845012259,0.0047990858468201,NCOA6,Drug_Perturbations_from_GEO_down,Myofibroblasts_UP→DOWNmatch
Drug_Perturbations_from_GEO_down,curcumin 969516 mouse GSE23639 sample 3442,1/484,0.9906903936531464,0.9906903936531464,0,0,0.2117168928763131,0.0019802328930093,LPL,Drug_Perturbations_from_GEO_down,Myofibroblasts_UP→DOWNmatch
