Gene_set,term,Overlap,P-value,Adjusted_P_value,Old P-value,Old Adjusted P-value,Odds Ratio,Combined Score,Genes,library,tag
Drug_Perturbations_from_GEO_down,decitabine 451668 mouse GSE4768 sample 3105,48/313,3.358790482169104e-43,2.707185128628297e-40,0,0,23.27904667328699,2276.680942405715,SRPX;COL11A1;COL12A1;CRABP1;DPT;THY1;PTN;THBS2;FSTL1;FBLN5;C1QTNF3;CLMP;OLFML3;ABI3BP;CTSK;SLIT3;CTHRC1;PDGFRA;LUM;SERPINF1;MMP2;PCOLCE;IGF1;PDGFRL;DCN;COL1A1;MFAP5;RCN3;MFAP4;COL3A1;VCAN;COL1A2;SFRP2;CXCL12;COL5A1;LOX;COL6A2;TNMD;COL5A2;COL6A1;OGN;MXRA8;FIBIN;TMEM119;ITGBL1;GAS1;COL6A3;FBN1,Drug_Perturbations_from_GEO_down,Fibroblasts_UP→DOWNmatch
Drug_Perturbations_from_GEO_down,rosiglitazone DB00412 mouse GSE35011 sample 3267,38/271,1.3381734862872568e-32,5.392839149737646e-30,0,0,19.698670057754462,1445.7133156772368,CFD;LRP1;SERPINE2;HTRA1;DPT;AEBP1;THY1;THBS2;FSTL1;FBLN2;CXCL14;LOXL1;C3;EFEMP1;OLFML3;SVEP1;SERPINF1;TMEM176B;MMP2;PCOLCE;DCN;COL1A1;MFAP5;RCN3;GREM2;COL3A1;VCAN;COL1A2;SFRP2;CCDC80;CXCL12;COL5A1;LOX;COL5A2;MXRA8;SERPING1;COL6A3;FBN1,Drug_Perturbations_from_GEO_down,Fibroblasts_UP→DOWNmatch
Drug_Perturbations_from_GEO_down,rosiglitazone 77999 mouse GSE11343 sample 2672,37/327,2.747461731237852e-28,7.381513851259029e-26,0,0,15.271207954305057,969.1368961018763,VIT;SRPX;ECM1;SERPINE2;PCOLCE2;FSTL1;THBS4;C3;DPP4;EFEMP1;OLFML3;ABI3BP;GPC3;APOD;PTGDS;ENTPD2;SCARA5;LUM;SERPINF1;MMP2;PCOLCE;CP;DCN;COL1A1;RCN3;SFRP4;COL3A1;COL1A2;SFRP2;ANGPTL7;SFRP5;COL5A2;COL6A1;OGN;SERPING1;DPEP1;FBN1,Drug_Perturbations_from_GEO_down,Fibroblasts_UP→DOWNmatch
Drug_Perturbations_from_GEO_down,rosiglitazone DB00412 mouse GSE35011 sample 2813,32/290,3.582781022912199e-24,7.219303761168081e-22,0,0,14.427464008859358,778.8796712338249,CFD;SERPINE2;PCOLCE2;HTRA1;DPT;THY1;THBS2;FSTL1;FBLN2;CXCL14;LOXL1;WISP2;C3;EFEMP1;CTSK;TMEM176B;MMP2;PCOLCE;DCN;COL1A1;MFAP5;RCN3;COL3A1;SFRP2;CCDC80;CXCL12;COL5A1;COL5A2;OGN;MXRA8;SERPING1;FBN1,Drug_Perturbations_from_GEO_down,Fibroblasts_UP→DOWNmatch
Drug_Perturbations_from_GEO_down,hydrocortisone DB00741 human GSE7890 sample 2751,32/295,6.1290878979069495e-24,9.880089691426e-22,0,0,14.14955640050697,756.2795875012737,ECM1;SERPINE2;ELN;NTM;HTRA1;AEBP1;THY1;THBS2;FBLN2;LOXL1;HAPLN1;COMP;EFEMP1;CLMP;LUM;MMP2;COL1A1;MFAP5;GREM1;GREM2;COL3A1;VCAN;COL1A2;SFRP2;CXCL12;FNDC1;COL5A1;LOX;COL6A2;COL5A2;COL6A3;FBN1,Drug_Perturbations_from_GEO_down,Fibroblasts_UP→DOWNmatch
Drug_Perturbations_from_GEO_down,paclitaxel DB01229 human GSE19136 sample 2576,33/360,2.4748869924181066e-22,3.324598193148323e-20,0,0,11.767455913860353,585.4389019362346,CFD;SRPX;C1S;ADH1B;C1R;HTRA1;PLAT;PRELP;AEBP1;THBS2;WISP2;EFEMP1;CTSK;APOD;LUM;SERPINF1;IGF1;CP;SOD3;DCN;COL1A1;MFAP4;COL3A1;VCAN;COL1A2;SFRP2;CCDC80;COL6A2;OGN;SERPING1;COL6A3;FMOD;FBN1,Drug_Perturbations_from_GEO_down,Fibroblasts_UP→DOWNmatch
Drug_Perturbations_from_GEO_down,palmitic acid 985 mouse GSE6766 sample 3553,28/314,9.884038382905684e-19,1.1380764195174258e-16,0,0,11.107334525939176,460.4900473202677,LRP1;HTRA1;FSTL1;FBLN2;LOXL1;FBLN5;C1QTNF3;OLFML3;APOD;SERPINF1;MMP2;PCOLCE;COL1A1;COL3A1;COL1A2;SFRP2;CCDC80;FNDC1;COL5A1;LOX;COL6A2;COL5A2;COL6A1;OGN;MXRA8;GAS1;COL6A3;FBN1,Drug_Perturbations_from_GEO_down,Fibroblasts_UP→DOWNmatch
Drug_Perturbations_from_GEO_down,decitabine 451668 mouse GSE4768 sample 3103,29/349,1.5677483116083797e-18,1.5795064239454423e-16,0,0,10.323830409356724,423.24495288973145,SRPX;COL11A1;COL12A1;PTN;FBLN5;WISP2;C1QTNF3;OLFML3;CTSK;CTHRC1;LUM;SERPINF1;TMEM176B;PCOLCE;MFAP5;RCN3;TUBB2B;COL3A1;COL1A2;SFRP2;CXCL12;COL5A1;COL6A2;TNMD;COL5A2;COL6A1;OGN;FIBIN;GAS1,Drug_Perturbations_from_GEO_down,Fibroblasts_UP→DOWNmatch
Drug_Perturbations_from_GEO_down,DAPT 5311272 rat GSE31668 sample 2648,26/315,1.2471554818169102e-16,1.0664072268546678e-14,0,0,10.08801654536054,369.4281710028339,CEMIP;PCOLCE2;ELN;COL11A1;PLAT;THY1;FBLN2;HAPLN1;COMP;C1QTNF3;CLMP;TNN;WIF1;ABI3BP;CILP2;PTGDS;MIA;MME;S100B;PDGFRL;GREM1;MFAP4;FNDC1;LOX;CERCAM;COL9A3,Drug_Perturbations_from_GEO_down,Fibroblasts_UP→DOWNmatch
Drug_Perturbations_from_GEO_down,Phosgene 6371 mouse GSE2565 sample 3615,24/258,1.323085889397851e-16,1.0664072268546678e-14,0,0,11.402097902097902,416.8766016321839,CFD;PCOLCE2;ELN;PCOLCE;PRELP;SOD3;LOXL1;FBLN5;COL1A1;C3;MFAP5;MFAP4;COL3A1;COL1A2;OLFML3;WIF1;COL6A2;COL6A1;OGN;MXRA8;TMEM119;SERPING1;COL6A3;GPM6B,Drug_Perturbations_from_GEO_down,Fibroblasts_UP→DOWNmatch
Drug_Perturbations_from_GEO_down,Phosgene 6371 mouse GSE2565 sample 3617,26/324,2.476880388651146e-16,1.814877812048021e-14,0,0,9.778832060479829,351.39608755450325,CFD;LRP1;PCOLCE2;ELN;STMN2;DPT;PRELP;LOXL1;FBLN5;SCN7A;PDGFRA;PCOLCE;SOD3;DCN;COL1A1;MFAP4;GREM2;COL3A1;COL1A2;CXCL12;COL6A2;OGN;MXRA8;SERPING1;DPEP1;COL6A3,Drug_Perturbations_from_GEO_down,Fibroblasts_UP→DOWNmatch
Drug_Perturbations_from_GEO_down,cisplatin DB00515 mouse GSE6206 sample 3412,25/321,1.9440386368845585e-15,1.3057459511074618e-13,0,0,9.413127413127413,318.86036096080034,MEG3;LRP1;COL11A1;COL12A1;HTRA1;THBS2;FSTL1;FBLN2;LOXL1;FBLN5;SERPINF1;MMP2;PCOLCE;COL1A1;MFAP5;RCN3;GREM2;COL3A1;COL1A2;CCDC80;CXCL12;COL5A1;LOX;COL5A2;FBN1,Drug_Perturbations_from_GEO_down,Fibroblasts_UP→DOWNmatch
Drug_Perturbations_from_GEO_down,vitamin c DB00126 mouse GSE19379 sample 3513,22/252,9.915885068785198e-15,6.147848742646823e-13,0,0,10.51636541279922,339.0963997160152,PDGFRA;CEMIP;SCARA5;TMEM176B;FBLN1;PRELP;IQGAP2;FSTL1;FBLN2;CXCL14;FBLN5;SFRP4;COL1A2;CCDC80;FNDC1;LOX;PENK;COL5A2;OGN;FIBIN;SLIT3;SVEP1,Drug_Perturbations_from_GEO_down,Fibroblasts_UP→DOWNmatch
Drug_Perturbations_from_GEO_down,isotretinoin 5282379 human GSE10433 sample 2498,25/355,1.9788747462572796e-14,1.1392664610595478e-12,0,0,8.428571428571429,265.95230182787213,DIRAS3;PCOLCE2;COL11A1;THY1;FSTL1;CHRDL1;LOXL1;COCH;C1QTNF3;MME;LUM;OMD;PCOLCE;MFAP5;RCN3;MFAP4;VCAN;ANGPTL7;COL5A1;LOX;CILP;COL5A2;OGN;COL6A3;FBN1,Drug_Perturbations_from_GEO_down,Fibroblasts_UP→DOWNmatch
Drug_Perturbations_from_GEO_down,formaldehyde 712 rat GSE7002 sample 3540,25/362,3.0892548350127194e-14,1.659959598013501e-12,0,0,8.250529885544722,256.65964031694,PCOLCE2;DPT;PLAT;THY1;THBS2;CHRDL1;LOXL1;HAPLN1;THBS4;COMP;PLAC9;CILP2;CPXM1;CTHRC1;GDF10;SCARA5;PLA2G2A;PCOLCE;PDGFRL;MFAP4;COL6A2;MXRA8;TMEM119;ITGBL1;FMOD,Drug_Perturbations_from_GEO_down,Fibroblasts_UP→DOWNmatch
Drug_Perturbations_from_GEO_down,cisplatin DB00515 mouse GSE6206 sample 2692,23/307,6.341815502676886e-14,3.1946895594734808e-12,0,0,8.929497891302619,271.3587455285377,MEG3;LRP1;SERPINF1;COL11A1;COL12A1;HTRA1;THBS2;FSTL1;FBLN2;LOXL1;FBLN5;COL1A1;MFAP5;RCN3;COL3A1;COL1A2;CCDC80;CXCL12;COL5A1;LOX;COL5A2;FIBIN;FBN1,Drug_Perturbations_from_GEO_down,Fibroblasts_UP→DOWNmatch
Drug_Perturbations_from_GEO_down,Phosgene 6371 mouse GSE2565 sample 3614,20/236,3.012988691401304e-13,1.4285111089820302e-11,0,0,10.074074074074074,290.44234247991324,CFD;TNXB;PCOLCE2;MMP2;STMN2;DPT;PRELP;SOD3;FBLN5;COL1A1;MFAP4;COL3A1;COL1A2;COL6A2;OGN;MXRA8;GPC3;SERPING1;SCN7A;COL6A3,Drug_Perturbations_from_GEO_down,Fibroblasts_UP→DOWNmatch
Drug_Perturbations_from_GEO_down,Phosgene 6371 mouse GSE2565 sample 3616,22/306,5.287905804753143e-13,2.3678067103505738e-11,0,0,8.493274252255103,240.0894386419369,CFD;PCOLCE2;ELN;MMP2;DPT;PCOLCE;PRELP;SOD3;LOXL1;FBLN5;MFAP4;GREM2;COL3A1;COL1A2;CXCL12;WIF1;COL6A2;OGN;MXRA8;SERPING1;DPEP1;COL6A3,Drug_Perturbations_from_GEO_down,Fibroblasts_UP→DOWNmatch
Drug_Perturbations_from_GEO_down,valproic acid DB00313 mouse GSE9247 sample 2838,21/276,6.152876931610167e-13,2.610115161514629e-11,0,0,8.992113046335852,252.82842298138704,SRPX;SERPINF1;MMP2;COL12A1;PCOLCE;THBS2;WISP2;COL1A1;RCN3;COL3A1;COL1A2;COL5A1;LOX;OLFML3;COL6A2;COL5A2;OGN;MXRA8;GAS1;COL6A3;FMOD,Drug_Perturbations_from_GEO_down,Fibroblasts_UP→DOWNmatch
Drug_Perturbations_from_GEO_down,VX 39793 human GSE33606 sample 3345,24/380,7.251128316647767e-13,2.92220471160905e-11,0,0,7.447906026557712,208.18721427489663,SRPX;LUM;PLAT;THBS2;FBLN5;DCN;SUGCT;COL3A1;VCAN;COL1A2;TTR;MYOT;OLFML3;CTSK;MPZ;COL5A2;PLP1;ITGBL1;COL6A3;GPM6B;TIMP4;FBN1;CDH19;CTHRC1,Drug_Perturbations_from_GEO_down,Fibroblasts_UP→DOWNmatch
Drug_Perturbations_from_GEO_down,formaldehyde 712 rat GSE7002 sample 3545,21/282,9.3341557615299e-13,3.582537877996713e-11,0,0,8.782700828356772,243.2801619189204,GDF10;SRPX;CEMIP;SCARA5;PLA2G2A;SHISA3;THY1;FSTL1;PDGFRL;LOXL1;COMP;RCN3;GREM1;MFAP4;COL6A2;PENK;MXRA8;COL9A3;CILP2;CPXM1;CTHRC1,Drug_Perturbations_from_GEO_down,Fibroblasts_UP→DOWNmatch
Drug_Perturbations_from_GEO_down,metformin DB00331 human GSE33612 sample 2483,22/343,5.154039446276714e-12,1.88825263349956e-10,0,0,7.50005250446288,194.93566728262124,GABRA2;MEG3;PDGFRA;CFH;C1S;LUM;SERPINF1;THY1;L1CAM;PDGFRL;DCN;COL1A1;C3;RCN3;DPP4;VCAN;COL1A2;OLFML3;COL6A1;SERPING1;SVEP1;SNCA,Drug_Perturbations_from_GEO_down,Fibroblasts_UP→DOWNmatch
Drug_Perturbations_from_GEO_down,estradiol 5757 mouse GSE2195 sample 3620,18/220,8.825918693423692e-12,3.0929088986519547e-10,0,0,9.595365031008596,244.23397741803737,GDF10;LUM;TMEM176B;DIO2;DPT;PLAT;THY1;FSTL1;DCN;COL1A1;COL3A1;SFRP2;PENK;COL5A2;GPC3;TMEM119;SERPING1;GAS1,Drug_Perturbations_from_GEO_down,Fibroblasts_UP→DOWNmatch
Drug_Perturbations_from_GEO_down,doxorubicin DB00997 human GSE12972 sample 2720,18/239,3.5221601081330546e-11,1.1828587696480178e-09,0,0,8.76192133658197,210.8938525619104,SRPX;MME;LUM;COL11A1;MMP2;PCOLCE;DPP4;COL3A1;VCAN;COL1A2;CXCL12;SCD;CILP;CTSK;COL5A2;MXRA8;GAS1;FBN1,Drug_Perturbations_from_GEO_down,Fibroblasts_UP→DOWNmatch
Drug_Perturbations_from_GEO_down,acrylamide 6579 rat GSE29004 sample 3110,19/274,4.120526902667486e-11,1.3284578734199975e-09,0,0,8.04582385440364,192.39540068540563,SHC4;SERPINE2;MYOC;LUM;SEMA3B;FBLN2;DCN;COL1A1;COL3A1;COL1A2;SFRP5;MPZ;COL5A2;SCN7A;MAL;COL9A3;PMP2;GPM6B;SNCA,Drug_Perturbations_from_GEO_down,Fibroblasts_UP→DOWNmatch
Drug_Perturbations_from_GEO_down,rosiglitazone DB00412 rat GSE21329 sample 2844,21/347,4.794462028779904e-11,1.4862832289217702e-09,0,0,7.008157110052439,166.52064248977166,PDGFRA;ECM1;TNXB;LRP1;PCOLCE2;C1S;LUM;TMEM176B;MMP2;PLA2G2A;HTRA1;DPT;PRELP;S100B;FBLN2;DCN;CCDC80;MXRA8;SERPING1;PI16;FBN1,Drug_Perturbations_from_GEO_down,Fibroblasts_UP→DOWNmatch
Drug_Perturbations_from_GEO_down,testosterone 6013 human GSE5106 sample 3206,20/329,1.312543184690499e-10,3.918184469853861e-09,0,0,7.008629989212514,159.47355596279593,CFD;LUM;SERPINF1;MMP2;PLA2G2A;HSPB3;FSTL1;DCN;THBS4;COL1A1;C3;MFAP5;COL3A1;COL1A2;CXCL12;COL6A2;COL5A2;COL6A3;PTGDS;FBN1,Drug_Perturbations_from_GEO_down,Fibroblasts_UP→DOWNmatch
Drug_Perturbations_from_GEO_down,estradiol 5757 mouse GSE2195 sample 3621,18/266,2.0465447524845806e-10,5.891125251794901e-09,0,0,7.797235023041475,173.9539589531793,GDF10;PDGFRA;TNXB;LUM;TMEM176B;DPT;THY1;DCN;COL1A1;COL3A1;COL1A2;SFRP2;PENK;COL5A2;GPC3;TMEM119;SERPING1;GAS1,Drug_Perturbations_from_GEO_down,Fibroblasts_UP→DOWNmatch
Drug_Perturbations_from_GEO_down,vitamin a DB00162 rat GSE284 sample 2839,21/381,2.689158231843801e-10,7.474005292641738e-09,0,0,6.335195530726257,139.60631370635934,SRPX;TNXB;LUM;ELN;MMP2;CRABP1;PCOLCE;FSTL1;LOXL1;FBLN5;DCN;COL1A1;RCN3;COL3A1;VCAN;COL1A2;EFEMP1;COL5A1;LOX;CTSK;COL5A2,Drug_Perturbations_from_GEO_down,Fibroblasts_UP→DOWNmatch
Drug_Perturbations_from_GEO_down,troglitazone DB00197 rat GSE21329 sample 2832,20/355,5.00933294249295e-10,1.345840783883106e-08,0,0,6.456053067993366,138.25345940564304,ECM1;TNXB;LRP1;C1S;LUM;TMEM176B;PLA2G2A;HTRA1;DPT;IGF1;S100B;DCN;CCDC80;CXCL12;COL6A2;MXRA8;SERPING1;PI16;PTGDS;FBN1,Drug_Perturbations_from_GEO_down,Fibroblasts_UP→DOWNmatch
Drug_Perturbations_from_GEO_down,Phosgene 6371 mouse GSE2565 sample 3613,17/259,1.0618847027267135e-09,2.760900227089456e-08,0,0,7.507699950322901,155.13325941768807,PCOLCE2;STMN2;DPT;PCOLCE;SOD3;FBLN5;WISP2;GREM2;COL3A1;COL1A2;CXCL12;OGN;MXRA8;TMEM119;SERPING1;SCN7A;COL6A3,Drug_Perturbations_from_GEO_down,Fibroblasts_UP→DOWNmatch
Drug_Perturbations_from_GEO_down,Phosgene 6371 mouse GSE2565 sample 3612,18/301,1.497043137104182e-09,3.770677401581159e-08,0,0,6.820681085698753,138.59469761605865,LRP1;PCOLCE2;ELN;MMP2;PCOLCE;PRELP;FBLN2;SOD3;LOXL1;FBLN5;COL1A1;COL3A1;CXCL12;COL6A2;MXRA8;TMEM119;SCN7A;COL6A3,Drug_Perturbations_from_GEO_down,Fibroblasts_UP→DOWNmatch
Drug_Perturbations_from_GEO_down,estradiol 5757 mouse GSE2195 sample 3622,17/272,2.2376020729371684e-09,5.465173547840479e-08,0,0,7.120218579234972,141.81952428995757,TNXB;LUM;TMEM176B;DPT;PCOLCE;THY1;DCN;COL1A1;COL3A1;COL1A2;SFRP2;PENK;COL5A2;GPC3;TMEM119;SERPING1;GAS1,Drug_Perturbations_from_GEO_down,Fibroblasts_UP→DOWNmatch
Drug_Perturbations_from_GEO_down,pioglitazone DB01132 rat GSE21329 sample 2841,18/321,4.137307625420531e-09,9.807852782614554e-08,0,0,6.363942987705364,122.84459533098448,PDGFRA;ECM1;TNXB;LRP1;LUM;TMEM176B;PLA2G2A;HTRA1;DPT;S100B;DCN;CCDC80;CXCL12;MXRA8;SERPING1;PI16;PTGDS;FBN1,Drug_Perturbations_from_GEO_down,Fibroblasts_UP→DOWNmatch
Drug_Perturbations_from_GEO_down,NICKEL 935 human GSE6281 sample 3481,16/255,6.3883328616566e-09,1.4711417961414914e-07,0,0,7.116972894305985,134.28868477516875,DIRAS3;OSR2;ADH1B;IGF1;DKK2;COCH;WISP2;SFRP2;OLFML3;WIF1;OGN;PLP1;APOD;PTGDS;XKR4;CORIN,Drug_Perturbations_from_GEO_down,Fibroblasts_UP→DOWNmatch
Drug_Perturbations_from_GEO_down,estradiol 5757 human GSE12446 sample 3203,17/293,6.846907117429619e-09,1.5329464268467425e-07,0,0,6.571394630553575,123.5387283449558,PDGFRA;OSR2;CEMIP;LUM;C1R;SERPINF1;AEBP1;PTN;CP;FBLN5;DCN;MFAP4;VCAN;FNDC1;WIF1;SERPING1;FMOD,Drug_Perturbations_from_GEO_down,Fibroblasts_UP→DOWNmatch
Drug_Perturbations_from_GEO_down,phorbol ester 12-O-tetradecanoylphorbol-13-acetate (TPA) 27924 mouse GSE40849 sample 3257,18/345,1.271805342058793e-08,2.7704732586469924e-07,0,0,5.889605807036999,107.07446665271412,CRABP1;THY1;THBS2;THBS4;MFAP5;SFRP4;VCAN;SFRP2;ANGPTL7;OLFML3;TNN;COL6A2;PENK;GPC3;TMEM119;ACKR4;COL6A3;CTHRC1,Drug_Perturbations_from_GEO_down,Fibroblasts_UP→DOWNmatch
Drug_Perturbations_from_GEO_down,Hydrogen Peroxide 784 mouse GSE3078 sample 3597,19/396,1.903562285715116e-08,4.037555795490482e-07,0,0,5.408165657927517,96.1407106433508,ECM1;LRP1;MMP2;PLAT;PCOLCE;AEBP1;THBS2;FSTL1;FBLN5;C1QTNF3;TUBB2B;COL3A1;COL1A2;CCDC80;COL5A1;COL5A2;COL6A1;MXRA8;FBN1,Drug_Perturbations_from_GEO_down,Fibroblasts_UP→DOWNmatch
Drug_Perturbations_from_GEO_down,sevoflurane DB01236 human GSE4386 sample 2816,14/210,2.7230534932749672e-08,5.627643886101599e-07,0,0,7.528417818740399,131.13695954795182,CFH;C1S;LUM;ADH1B;C1R;PLA2G2A;HTRA1;C3;COL3A1;CCDC80;EFEMP1;OGN;SERPING1;GAS1,Drug_Perturbations_from_GEO_down,Fibroblasts_UP→DOWNmatch
Drug_Perturbations_from_GEO_down,rituximab DB00073 human GSE24742 sample 2514,17/323,2.8900743549478554e-08,5.823499825219928e-07,0,0,5.918032786885246,102.73348956529514,CFH;C1S;C1R;SERPINF1;TMEM176B;PLA2G2A;PDGFRL;DCN;THBS4;WISP2;COMP;VCAN;FNDC1;CILP;OLFML3;CTSK;GAS1,Drug_Perturbations_from_GEO_down,Fibroblasts_UP→DOWNmatch
Drug_Perturbations_from_GEO_down,acrylamide 6579 rat GSE29004 sample 3109,14/212,3.0687517865616153e-08,6.032716926752835e-07,0,0,7.451612903225806,128.90850565058648,CFD;SERPINE2;SEMA3B;DPT;IGF1;S100B;MT3;COL1A1;COL1A2;CCDC80;FNDC1;MPZ;MAL;COL9A3,Drug_Perturbations_from_GEO_down,Fibroblasts_UP→DOWNmatch
Drug_Perturbations_from_GEO_down,sunitinib 5329102 rat GSE6929 sample 2491,19/414,3.8605371634714494e-08,7.408554651804734e-07,0,0,5.156934051332261,88.02821658986316,SRPX;LUM;PLAT;DKK2;LOXL1;THBS4;COL1A1;GREM1;PLAC9;COL1A2;CCDC80;FNDC1;LOX;COL6A2;COL5A2;ITGBL1;COL6A3;FBN1;CTHRC1,Drug_Perturbations_from_GEO_down,Fibroblasts_UP→DOWNmatch
Drug_Perturbations_from_GEO_down,SODIUM ARSENITE 443495 mouse GSE11056 sample 3355,16/298,5.699088321908991e-08,1.0682477180136388e-06,0,0,6.01850138760407,100.39085722704958,TNXB;NEGR1;MMP2;FBLN1;C1QTNF3;SFRP2;MYOT;ABI3BP;OGN;PLP1;GPC3;SCN7A;COL6A3;CPXM1;SCG2;CTHRC1,Drug_Perturbations_from_GEO_down,Fibroblasts_UP→DOWNmatch
Drug_Perturbations_from_GEO_down,amoxicillin DB01060 rat GSE2354 sample 2678,19/431,7.271702927398784e-08,1.332043763518959e-06,0,0,4.9398165531298615,81.19423452364866,TNXB;C1S;LUM;ELN;TMEM176B;PLA2G2A;PTN;FSTL1;CXCL14;DCN;COL1A1;MFAP5;GREM1;COL1A2;CCDC80;ABI3BP;COL6A2;COL5A2;FBN1,Drug_Perturbations_from_GEO_down,Fibroblasts_UP→DOWNmatch
Drug_Perturbations_from_GEO_down,anastrozole DB01217 human GSE33658 sample 3087,19/433,7.817792902783405e-08,1.4002535732540942e-06,0,0,4.915445592121067,80.43772045751675,CFD;CPB1;MIA;PCOLCE2;COL11A1;PTN;CP;THBS4;COMP;TUBB2B;APELA;TNN;WIF1;STC2;TNMD;FIBIN;SLITRK6;ITGBL1;CES1,Drug_Perturbations_from_GEO_down,Fibroblasts_UP→DOWNmatch
Drug_Perturbations_from_GEO_down,methamphetamine 10836 mouse GSE30305 sample 2616,14/232,9.463124458248717e-08,1.6581039811627095e-06,0,0,6.761073295846898,109.3487189009352,IGSF1;OMD;FBLN1;PCOLCE;PRELP;AEBP1;DCN;CLMP;COL5A1;OGN;GPC3;SERPING1;PTGDS;FMOD,Drug_Perturbations_from_GEO_down,Fibroblasts_UP→DOWNmatch
Drug_Perturbations_from_GEO_down,estradiol 5757 mouse GSE2195 sample 3623,14/234,1.0523459861108937e-07,1.8046614144795327e-06,0,0,6.698924731182796,107.63211741072888,TNXB;DPT;FBLN1;PLAT;DCN;COL1A1;COL3A1;COL1A2;SFRP2;PENK;GPC3;TMEM119;SERPING1;GAS1,Drug_Perturbations_from_GEO_down,Fibroblasts_UP→DOWNmatch
Drug_Perturbations_from_GEO_down,d-serine 71077 rat GSE10748 sample 3389,13/199,1.0984592627241785e-07,1.8444961786576827e-06,0,0,7.330860790063826,117.47108507455432,SERPINE2;NEGR1;TTYH1;PTN;MT3;COCH;COL3A1;TTR;PENK;PLP1;APOD;PTGDS;GPM6B,Drug_Perturbations_from_GEO_down,Fibroblasts_UP→DOWNmatch
Drug_Perturbations_from_GEO_down,4-Vinylcyclohexene diepoxide 7833 mouse GSE23725 sample 3234,13/201,1.2343476051816054e-07,2.0303758566864776e-06,0,0,7.252133348503811,115.36369615096947,MMP2;FSTL1;C3;MMP11;COL3A1;COL1A2;SFRP2;OLFML3;COL6A2;PENK;COL6A1;SERPING1;COL6A3,Drug_Perturbations_from_GEO_down,Fibroblasts_UP→DOWNmatch
Drug_Perturbations_from_GEO_down,Perfluorooctanoic Acid 9554 mouse GSE13044 sample 3522,16/317,1.330702250577072e-07,2.1450920279302404e-06,0,0,5.633107034522606,89.18554094857224,GDF10;SRPX;MIA;CFH;MME;PCOLCE2;LUM;COL11A1;HTRA1;HAPLN1;COL1A1;WIF1;ABI3BP;CPXM1;GPM6B;CTHRC1,Drug_Perturbations_from_GEO_down,Fibroblasts_UP→DOWNmatch
Drug_Perturbations_from_GEO_down,formaldehyde 712 rat GSE7002 sample 3538,15/282,1.695263301113956e-07,2.6791808248977423e-06,0,0,5.931673246279988,92.4763138035406,VIT;SBSPON;TNXB;PCOLCE2;CRABP1;DPT;PLAT;MT3;COL1A1;C3;RCN3;C1QTNF3;LOX;MYOT;CTHRC1,Drug_Perturbations_from_GEO_down,Fibroblasts_UP→DOWNmatch
Drug_Perturbations_from_GEO_down,TRICHLOROETHYLENE 6575 mouse GSE24278 sample 3313,15/288,2.223926988755149e-07,3.447086832570481e-06,0,0,5.799524799524799,88.84188289158674,PTGFR;TMEM176B;DIO3;SHISA3;SOD3;DKK2;WISP2;COMP;GREM2;FNDC1;STC2;CILP2;GPM6B;CORIN;CTHRC1,Drug_Perturbations_from_GEO_down,Fibroblasts_UP→DOWNmatch
Drug_Perturbations_from_GEO_down,abiraterone DB05812 human GSE49244 sample 3300,17/380,2.971526980237432e-07,4.518963671832774e-06,0,0,4.974167908594138,74.75686746701332,GABRA2;PCSK2;TMEM176B;NRXN1;PLA2G2A;DIO3;FBLN1;GFRA3;CXCL14;HAPLN1;C3;SFRP2;EFEMP1;FNDC1;SLIT3;COL6A6;SVEP1,Drug_Perturbations_from_GEO_down,Fibroblasts_UP→DOWNmatch
Drug_Perturbations_from_GEO_down,heroin 5462328 mouse GSE30305 sample 2617,16/344,4.008427074868853e-07,5.982948559896842e-06,0,0,5.162248144220572,76.03834964678205,VIT;IGSF1;OMD;DIO2;PCOLCE;PRELP;AEBP1;S100B;DCN;COCH;SUGCT;CTSK;OGN;SERPING1;PTGDS;FMOD,Drug_Perturbations_from_GEO_down,Fibroblasts_UP→DOWNmatch
Drug_Perturbations_from_GEO_down,decitabine 451668 mouse GSE4768 sample 3108,13/226,4.764902740430711e-07,6.982748379613005e-06,0,0,6.392784514574076,93.0586040500202,SERPINF1;PCOLCE;FBLN2;WISP2;COL1A1;COL1A2;CCDC80;COL5A1;COL5A2;COL6A1;MXRA8;COL6A3;CTHRC1,Drug_Perturbations_from_GEO_down,Fibroblasts_UP→DOWNmatch
Drug_Perturbations_from_GEO_down,progesterone 5994 mouse GSE6440 sample 3686,15/314,6.68528682610176e-07,9.622037824710746e-06,0,0,5.288167766428636,75.18815573357654,CFD;MIA;CFH;LUM;HTRA3;DPT;PLAT;THY1;DKK2;C3;DPP4;MMP11;LOX;CPXM1;GPM6B,Drug_Perturbations_from_GEO_down,Fibroblasts_UP→DOWNmatch
Drug_Perturbations_from_GEO_down,deltamethrin 40585 rat GSE7955 sample 3420,15/320,8.481617448189329e-07,1.1993304672351928e-05,0,0,5.182543198936641,72.4529618352354,TTYH1;HTRA1;PLAT;AEBP1;PTN;SOX10;COMP;COL3A1;COL1A2;TTR;ABI3BP;PENK;OGN;PTGDS;FMOD,Drug_Perturbations_from_GEO_down,Fibroblasts_UP→DOWNmatch
Drug_Perturbations_from_GEO_down,Perfluorooctanoic Acid 9554 mouse GSE13044 sample 3519,15/324,9.909413984470724e-07,1.3770668399109317e-05,0,0,5.114405667803726,70.70466597990782,LRP1;PCOLCE2;SERPINF1;PCOLCE;CXCL14;PDGFRL;C3;MMP11;EFEMP1;TTR;CTSK;COL6A1;TMEM119;UGT3A2;SLIT3,Drug_Perturbations_from_GEO_down,Fibroblasts_UP→DOWNmatch
Drug_Perturbations_from_GEO_down,formaldehyde 712 rat GSE7002 sample 3539,16/376,1.2969475893008017e-06,1.7717622999600777e-05,0,0,4.695652173913044,63.65189925056743,LUM;DCN;COL1A1;C3;MFAP5;C1QTNF3;TUBB2B;COL3A1;COL1A2;TNN;WIF1;COL5A2;CERCAM;COL6A3;PI16;CTHRC1,Drug_Perturbations_from_GEO_down,Fibroblasts_UP→DOWNmatch
Drug_Perturbations_from_GEO_down,troglitazone 5591 mouse GSE1458 sample 2589,14/295,1.7204092466292611e-06,2.2982727062223254e-05,0,0,5.228370259824743,69.39588847269259,CFD;PCOLCE;IGF1;CP;FBLN2;DCN;COL1A1;C3;COL3A1;COL1A2;CCDC80;COL5A2;COL6A1;GAS1,Drug_Perturbations_from_GEO_down,Fibroblasts_UP→DOWNmatch
Drug_Perturbations_from_GEO_down,Phosgene 6371 mouse GSE2565 sample 3610,15/339,1.7393875320044896e-06,2.2982727062223254e-05,0,0,4.873873873873874,64.63720565219212,PCOLCE2;ELN;CP;LOXL1;COL1A1;C3;MFAP5;MFAP4;COL3A1;COL1A2;COL6A2;OGN;MXRA8;GPC3;COL6A3,Drug_Perturbations_from_GEO_down,Fibroblasts_UP→DOWNmatch
Drug_Perturbations_from_GEO_down,Perfluorooctanoic Acid 9554 mouse GSE13044 sample 3523,14/300,2.094968401484492e-06,2.6802294152325404e-05,0,0,5.13564929693962,67.15360685811297,SRPX;MIA;MME;PCOLCE2;PRELP;HAPLN1;DPP4;MMP11;WIF1;ABI3BP;TMEM119;CPXM1;GPM6B;CTHRC1,Drug_Perturbations_from_GEO_down,Fibroblasts_UP→DOWNmatch
Drug_Perturbations_from_GEO_down,BPDE 41322 human GSE19510 sample 3379,14/300,2.094968401484492e-06,2.6802294152325404e-05,0,0,5.13564929693962,67.15360685811297,CEMIP;HTRA1;PLAT;LOXL1;COL1A1;GREM1;COL3A1;COL1A2;EFEMP1;COL5A1;LOX;COL6A2;COL6A3;CTHRC1,Drug_Perturbations_from_GEO_down,Fibroblasts_UP→DOWNmatch
Drug_Perturbations_from_GEO_down,methamphetamine 10836 mouse GSE30305 sample 2609,14/303,2.3531728174448263e-06,2.9635270169695785e-05,0,0,5.081556721360271,65.8556844205479,FBLN1;PCOLCE;PRELP;AEBP1;HSPB3;THBS2;DCN;COL1A2;COL5A1;ABI3BP;OGN;SERPING1;PTGDS;FMOD,Drug_Perturbations_from_GEO_down,Fibroblasts_UP→DOWNmatch
Drug_Perturbations_from_GEO_down,Ascorbic acid 54670067 mouse GSE37676 sample 3132,14/306,2.639414516876983e-06,3.272874000927459e-05,0,0,5.02857563705995,64.59181992409249,ECM1;SERPINF1;HTRA1;IGF1;PTN;THBS2;FSTL1;FBLN2;CHRDL1;SFRP2;CLMP;OGN;GAS1;FMOD,Drug_Perturbations_from_GEO_down,Fibroblasts_UP→DOWNmatch
Drug_Perturbations_from_GEO_down,Vitamin D3 DB00136 human GSE5145 sample 3170,14/308,2.847106646330061e-06,3.476921146881863e-05,0,0,4.993855606758832,63.76757742489647,DIRAS3;COL11A1;COL12A1;PRELP;FBLN5;HAPLN1;WISP2;GREM1;SFRP4;CCDC80;FIBIN;SLITRK6;ITGBL1;SCN7A,Drug_Perturbations_from_GEO_down,Fibroblasts_UP→DOWNmatch
Drug_Perturbations_from_GEO_down,"1,25 dihydroxyvitamin D 5280453 human GSE15947 sample 2493",13/271,3.619976535187147e-06,4.354777742329613e-05,0,0,5.26563860216391,65.9734125434282,C1S;C1R;SERPINF1;NTM;MMP2;CXCL14;FBLN5;C3;MFAP5;CCDC80;COL5A1;COL5A2;FIBIN,Drug_Perturbations_from_GEO_down,Fibroblasts_UP→DOWNmatch
Drug_Perturbations_from_GEO_down,Hydrogen Peroxide 784 mouse GSE3078 sample 3598,15/365,4.295831314143144e-06,5.091823587057903e-05,0,0,4.505791505791506,55.68196525238261,LRP1;PCOLCE;THBS2;COL1A1;C1QTNF3;TUBB2B;COL3A1;COL1A2;CCDC80;COL5A1;COL5A2;MXRA8;GAS1;COL6A3;FBN1,Drug_Perturbations_from_GEO_down,Fibroblasts_UP→DOWNmatch
Drug_Perturbations_from_GEO_down,fluticasone 5311101 human GSE15823 sample 3090,12/249,8.242390642857707e-06,9.628067910352628e-05,0,0,5.268785348774576,61.67756110816135,COL3A1;C1S;LUM;C1R;COL6A2;COL6A1;HTRA1;DPT;FBLN1;PCOLCE;PTGDS;SOD3,Drug_Perturbations_from_GEO_down,Fibroblasts_UP→DOWNmatch
Drug_Perturbations_from_GEO_down,heroin 5462328 mouse GSE30305 sample 2620,12/253,9.680327185763577e-06,0.00011146205302464916,0,0,5.180277213737089,59.80844950719451,NGFR;TUBB2B;LRP1;IGSF1;OGN;GPC3;SERPING1;AEBP1;PTGDS;FMOD;S100B;DCN,Drug_Perturbations_from_GEO_down,Fibroblasts_UP→DOWNmatch
Drug_Perturbations_from_GEO_down,SODIUM ARSENITE 443495 mouse GSE11056 sample 3359,13/308,1.4347783301731534e-05,0.000162877652692896,0,0,4.596483277440406,51.25959127519432,CFD;LUM;OMD;COMP;TTR;ABI3BP;MPZ;OGN;PLP1;SCN7A;UGT3A2;FMOD;CORIN,Drug_Perturbations_from_GEO_down,Fibroblasts_UP→DOWNmatch
Drug_Perturbations_from_GEO_down,Phosgene 6371 mouse GSE2565 sample 3611,14/357,1.5294563294111777e-05,0.0001712141390979735,0,0,4.269694974764099,47.34243395395319,ELN;TMEM176B;SOD3;FBLN5;COL1A1;MFAP4;COL3A1;COL1A2;CXCL12;COL6A2;COL5A2;MXRA8;COL6A3;FBN1,Drug_Perturbations_from_GEO_down,Fibroblasts_UP→DOWNmatch
Drug_Perturbations_from_GEO_down,pioglitazone DB01132 rat GSE20219 sample 2795,12/270,1.853628497061965e-05,0.0002022172803927293,0,0,4.834735279564572,52.67821388401479,GABRA2;PDGFRA;TUBB2B;TTR;LUM;OGN;PLP1;PTN;S100B;SCG2;DCN;COCH,Drug_Perturbations_from_GEO_down,Fibroblasts_UP→DOWNmatch
Drug_Perturbations_from_GEO_down,d-serine 71077 rat GSE10748 sample 3390,10/186,1.856585452737217e-05,0.0002022172803927293,0,0,5.868421052631579,63.93167307016174,COL3A1;SCD;PENK;PLP1;APOD;PTN;PTGDS;SCG2;MT3;COCH,Drug_Perturbations_from_GEO_down,Fibroblasts_UP→DOWNmatch
Drug_Perturbations_from_GEO_down,bexarotene 82146 rat GSE3952 sample 3564,12/275,2.2221734002949817e-05,0.000238809568085034,0,0,4.741606666127336,50.80365888960322,CFD;C3;COL3A1;COL1A2;EFEMP1;TTR;OMD;COL5A2;S100B;CP;CXCL14;DCN,Drug_Perturbations_from_GEO_down,Fibroblasts_UP→DOWNmatch
Drug_Perturbations_from_GEO_down,bleomycin DB00290 mouse GSE43695 sample 3106,11/233,2.3876961080704563e-05,0.0002525820832879241,0,0,5.1327041327041325,54.62529922028283,PTGFR;EDN3;MME;PCOLCE2;ABI3BP;OGN;STMN2;FIBIN;DPEP1;SCN7A;CHRDL1,Drug_Perturbations_from_GEO_down,Fibroblasts_UP→DOWNmatch
Drug_Perturbations_from_GEO_down,formaldehyde 712 rat GSE7002 sample 3537,14/372,2.413005014040962e-05,0.0002525820832879241,0,0,4.087643419234697,43.46003984498713,ECM1;SMIM5;MIA;TTYH1;S100B;SOX10;SOD3;DPP4;SFRP5;PLP1;SCN7A;MAL;COL9A3;PTGDS,Drug_Perturbations_from_GEO_down,Fibroblasts_UP→DOWNmatch
Drug_Perturbations_from_GEO_down,isoflurane DB00753 rat GSE1779 sample 2771,11/238,2.902924493834456e-05,0.0002946202016018894,0,0,5.018367013961727,52.427917942813465,TUBB2B;SCD;TMEM176B;PLP1;HTRA1;MAL;APOD;PTN;CXCL14;MT3;GPM6B,Drug_Perturbations_from_GEO_down,Fibroblasts_UP→DOWNmatch
Drug_Perturbations_from_GEO_down,d-serine 71077 rat GSE10748 sample 3388,9/157,2.953068111746973e-05,0.0002946202016018894,0,0,6.256827508136409,65.25921644402419,TTR;TTYH1;PENK;PLP1;MAL;APOD;PTN;MT3;GPM6B,Drug_Perturbations_from_GEO_down,Fibroblasts_UP→DOWNmatch
Drug_Perturbations_from_GEO_down,methylprednisolone 6741 rat GSE490 sample 3670,13/330,2.955760389559106e-05,0.0002946202016018894,0,0,4.272659795205722,44.56029332335813,SRPX;SERPINE2;LUM;PCOLCE;PTN;FSTL1;CXCL14;DCN;COL1A1;RCN3;COL3A1;COL1A2;COL5A1,Drug_Perturbations_from_GEO_down,Fibroblasts_UP→DOWNmatch
Drug_Perturbations_from_GEO_down,Fasudil 3547 mouse GSE25829 sample 3277,14/379,2.9608233659743228e-05,0.0002946202016018894,0,0,4.0078067462071,41.79123680328343,VIT;SERPINF1;SEMA3B;HTRA1;PCOLCE;THY1;IQGAP2;FSTL1;PDGFRL;C3;LOX;OLFML3;PLP1;SCG2,Drug_Perturbations_from_GEO_down,Fibroblasts_UP→DOWNmatch
Drug_Perturbations_from_GEO_down,diethylstilbestrol DB00255 mouse GSE1839 sample 2718,13/332,3.146723467990799e-05,0.0003092998920976322,0,0,4.245436105476673,44.01058391669798,GDF10;TNXB;TWIST2;DPT;PLAT;THY1;DCN;COL3A1;SFRP2;PENK;GPC3;TMEM119;GAS1,Drug_Perturbations_from_GEO_down,Fibroblasts_UP→DOWNmatch
Drug_Perturbations_from_GEO_down,alfacalcidol 5282181 human GSE15947 sample 3363,13/334,3.348387030980475e-05,0.0003251566201168992,0,0,4.21855165175671,43.46984072423127,C1S;C1R;SERPINF1;NTM;MMP2;CXCL14;FBLN5;C3;MFAP5;CCDC80;COL5A1;STC2;COL5A2,Drug_Perturbations_from_GEO_down,Fibroblasts_UP→DOWNmatch
Drug_Perturbations_from_GEO_down,d-serine 71077 rat GSE10748 sample 3391,11/243,3.511512997774586e-05,0.00033693803288170425,0,0,4.908958219303047,50.35058785434517,GABRA2;COL3A1;TTR;SCD;TMEM176B;PLP1;APOD;PTN;PTGDS;MT3;COCH,Drug_Perturbations_from_GEO_down,Fibroblasts_UP→DOWNmatch
Drug_Perturbations_from_GEO_down,Hydrogen Peroxide 784 mouse GSE3078 sample 3596,15/440,3.8717901365057045e-05,0.00036713680588512914,0,0,3.696343402225755,37.55192330085805,ECM1;LRP1;SERPINF1;PLAT;PCOLCE;FSTL1;C1QTNF3;TUBB2B;COL1A2;CCDC80;COL5A1;COL5A2;COL6A1;MXRA8;FBN1,Drug_Perturbations_from_GEO_down,Fibroblasts_UP→DOWNmatch
Drug_Perturbations_from_GEO_down,FENRETINIDE 5288209 rat GSE3952 sample 3563,11/255,5.4380497420964245e-05,0.0005056794343664163,0,0,4.664671697458583,45.80476692440823,COL1A1;CFD;COL3A1;COL1A2;C1S;C1R;ELN;OMD;COL5A2;S100B;FBLN5,Drug_Perturbations_from_GEO_down,Fibroblasts_UP→DOWNmatch
Drug_Perturbations_from_GEO_down,Hydrogen Peroxide 784 mouse GSE3078 sample 3599,14/401,5.458326400729308e-05,0.0005056794343664163,0,0,3.7756939234808704,37.06139314182983,LRP1;THBS2;FSTL1;COL1A1;COL3A1;VCAN;COL1A2;CCDC80;COL5A1;LOX;COL5A2;GAS1;COL6A3;FBN1,Drug_Perturbations_from_GEO_down,Fibroblasts_UP→DOWNmatch
Drug_Perturbations_from_GEO_down,methamphetamine 10836 mouse GSE30305 sample 2619,13/356,6.431036328446023e-05,0.0005890244637190334,0,0,3.943515068365008,38.06197839025335,NGFR;IGSF1;DIO2;AEBP1;S100B;DCN;SOX2;COL1A2;OGN;SERPING1;PTGDS;FMOD;GPM6B,Drug_Perturbations_from_GEO_down,Fibroblasts_UP→DOWNmatch
Drug_Perturbations_from_GEO_down,Cobalt dichloride hexahydrate 24643 rat GSE51207 sample 3116,12/317,8.777536148731543e-05,0.0007949094534693959,0,0,4.0798744332054415,38.1090043622288,PDGFRA;C1QTNF3;COL3A1;TTR;MIA;F10;C1S;OLFML3;WIF1;HTRA1;PLAT;CP,Drug_Perturbations_from_GEO_down,Fibroblasts_UP→DOWNmatch
Drug_Perturbations_from_GEO_down,candesartan DB00796 rat GSE2739 sample 2687,13/369,9.22795193826895e-05,0.0008264143624716415,0,0,3.796971699813736,35.27648067189559,SERPINE2;NTM;S100B;SOX10;CXCL14;MT3;POU3F3;TTR;SCD;PLP1;MAL;APOD;PTGDS,Drug_Perturbations_from_GEO_down,Fibroblasts_UP→DOWNmatch
Drug_Perturbations_from_GEO_down,alfacalcidol 5282181 human GSE15947 sample 3364,12/324,0.00010785456583584342,0.0009552832974031846,0,0,3.986906710310965,36.41930377898492,C3;MFAP5;CCDC80;COL5A1;C1S;C1R;SERPINF1;NTM;MMP2;COL5A2;CXCL14;FBLN5,Drug_Perturbations_from_GEO_down,Fibroblasts_UP→DOWNmatch
Drug_Perturbations_from_GEO_down,dexamethasone DB01234 mouse GSE11056 sample 3358,12/328,0.00012101149108757224,0.0010601658893106,0,0,3.935631564772421,35.497921046085985,COL3A1;SFRP2;CXCL12;MMP2;TMEM119;SCN7A;COL6A3;THY1;CXCL14;LOXL1;WISP2;CTHRC1,Drug_Perturbations_from_GEO_down,Fibroblasts_UP→DOWNmatch
Drug_Perturbations_from_GEO_down,d-serine 71077 rat GSE10748 sample 3387,9/189,0.00012411389503939345,0.0010675913018508,0,0,5.136125654450262,46.19591098608547,TTR;NEGR1;TTYH1;NRXN1;PLP1;MAL;APOD;GPM6B;COCH,Drug_Perturbations_from_GEO_down,Fibroblasts_UP→DOWNmatch
Drug_Perturbations_from_GEO_down,estradiol 5757 mouse GSE2195 sample 3619,12/329,0.0001245081667170941,0.0010675913018508,0,0,3.92301496744748,35.27237384466,COL3A1;COL1A2;LUM;SERPINF1;COL6A2;PENK;TMEM119;SERPING1;GAS1;DPT;PLAT;DCN,Drug_Perturbations_from_GEO_down,Fibroblasts_UP→DOWNmatch
Drug_Perturbations_from_GEO_down,pioglitazone 4829 mouse GSE1458 sample 2587,11/282,0.00013307327932194656,0.0011290217171946,0,0,4.194127179367031,37.43095192100519,COL1A1;CFD;C3;COL1A2;COL5A2;COL6A1;GAS1;IGF1;CP;FBLN2;DCN,Drug_Perturbations_from_GEO_down,Fibroblasts_UP→DOWNmatch
Drug_Perturbations_from_GEO_down,cisplatin DB00515 human GSE47856 sample 3151,12/333,0.00013937628045228848,0.0011701800212973,0,0,3.873334658977928,34.38875580864221,COL1A2;FNDC1;CFH;SERPINF1;STC2;NTM;FIBIN;GPC3;PCOLCE;CP;CXCL14;SUGCT,Drug_Perturbations_from_GEO_down,Fibroblasts_UP→DOWNmatch
Drug_Perturbations_from_GEO_down,estradiol 5757 mouse GSE2195 sample 3625,10/237,0.00014245301651614976,0.0011836817661032,0,0,4.538140505448643,40.19203376823876,COL1A1;GDF10;SFRP2;COL5A1;PENK;TWIST2;GPC3;PCOLCE;FSTL1;SOD3,Drug_Perturbations_from_GEO_down,Fibroblasts_UP→DOWNmatch
Drug_Perturbations_from_GEO_down,tretinoin DB00755 mouse GSE484 sample 2826,11/286,0.00015051682557074464,0.0012379240960206,0,0,4.132275132275132,36.36995379792365,COL1A1;MFAP4;COL3A1;COL1A2;COL5A2;GPC3;HTRA1;SERPING1;DPT;FSTL1;FBLN2,Drug_Perturbations_from_GEO_down,Fibroblasts_UP→DOWNmatch
Drug_Perturbations_from_GEO_down,bleomycin DB00290 mouse GSE43695 sample 3104,11/289,0.00016484293195052175,0.0013420545772941,0,0,4.087054166190857,35.60035669503541,CFD;TNXB;MME;PCOLCE2;ABI3BP;OGN;SEMA3B;STMN2;FIBIN;DPEP1;CHRDL1,Drug_Perturbations_from_GEO_down,Fibroblasts_UP→DOWNmatch
Drug_Perturbations_from_GEO_down,pioglitazone DB01132 mouse GSE32536 sample 2797,11/293,0.0001857342604665103,0.00149701813936,0,0,4.028256219745582,34.60752910658803,COL3A1;COL5A1;LUM;OMD;COL5A2;SERPING1;MAL;COL6A3;APOD;THBS4;CTHRC1,Drug_Perturbations_from_GEO_down,Fibroblasts_UP→DOWNmatch
Drug_Perturbations_from_GEO_down,cocaine 446220 human GSE54839 sample 2472,11/294,0.0001912946404777712,0.0015116027473047,0,0,4.013816441378279,34.365074959639855,STMN2;HTRA1;CERCAM;MAL;APOD;PMP2;THY1;PTGDS;SCG2;MT3;THBS4,Drug_Perturbations_from_GEO_down,Fibroblasts_UP→DOWNmatch
Drug_Perturbations_from_GEO_down,ethanol 702 rat GSE55243 sample 3107,11/294,0.0001912946404777712,0.0015116027473047,0,0,4.013816441378279,34.365074959639855,COL1A1;COL3A1;COL1A2;TNXB;C1S;ELN;COL12A1;COL5A2;SLIT3;THY1;CXCL14,Drug_Perturbations_from_GEO_down,Fibroblasts_UP→DOWNmatch
Drug_Perturbations_from_GEO_down,permethrin DB04930 rat GSE7955 sample 3418,11/298,0.0002149707279519628,0.0016821981235852,0,0,3.957063584241285,33.41743634854442,COL1A1;GABRA2;MFAP4;CADM3;TTR;ABI3BP;COL6A2;OGN;PCOLCE;AEBP1;SOX10,Drug_Perturbations_from_GEO_down,Fibroblasts_UP→DOWNmatch
Drug_Perturbations_from_GEO_down,ethanol 702 human GSE44456 sample 3038,11/300,0.0002277104984322404,0.0017647563628498,0,0,3.9292762856776697,32.956551327391,GREM1;SFRP4;SMIM5;CCDC80;STMN2;CERCAM;SCN7A;COL6A3;THBS2;SCG2;HAPLN1,Drug_Perturbations_from_GEO_down,Fibroblasts_UP→DOWNmatch
Drug_Perturbations_from_GEO_down,vitamin c DB00126 mouse GSE19379 sample 3512,10/255,0.0002572627512240277,0.0019607290467955,0,0,4.200859291084855,34.721835386934906,NGFR;CFH;ABI3BP;STC2;COL11A1;FIBIN;SHISA3;PODN;SOD3;HAPLN1,Drug_Perturbations_from_GEO_down,Fibroblasts_UP→DOWNmatch
Drug_Perturbations_from_GEO_down,Streptozotocin effect on pancreas of offspring of protein-restricted dams 29327 mouse GSE38215 sample 3248,12/356,0.0002578626289830314,0.0019607290467955,0,0,3.610094012864918,29.830508490085105,C3;PCSK2;COL3A1;SERPINE2;CFH;LUM;ABI3BP;COL5A2;COL6A3;DPT;FSTL1;SCG2,Drug_Perturbations_from_GEO_down,Fibroblasts_UP→DOWNmatch
Drug_Perturbations_from_GEO_down,morphine DB00295 mouse GSE50382 sample 3304,11/306,0.0002698311503497294,0.0020325598802045,0,0,3.848175051564882,31.623202625510014,MEG3;EFEMP1;TTR;MYOC;CRABP1;PENK;OGN;SERPING1;PTGDS;FMOD;DCN,Drug_Perturbations_from_GEO_down,Fibroblasts_UP→DOWNmatch
Drug_Perturbations_from_GEO_down,methylprednisolone 6741 rat GSE490 sample 3669,12/359,0.00027830717519018966,0.0020769961407712,0,0,3.578330982892881,29.29502680063457,SFRP4;COL3A1;COL1A2;SERPINE2;COL5A1;LUM;PCOLCE;PTN;FSTL1;CXCL14;LOXL1;DCN,Drug_Perturbations_from_GEO_down,Fibroblasts_UP→DOWNmatch
Drug_Perturbations_from_GEO_down,progesterone 5994 rat GSE8238 sample 3526,8/168,0.000295244423625165,0.002183183536164,0,0,5.114583333333333,41.56983470939771,PDGFRA;MFAP4;C1S;OLFML3;PENK;PLA2G2A;SERPING1;PCOLCE,Drug_Perturbations_from_GEO_down,Fibroblasts_UP→DOWNmatch
Drug_Perturbations_from_GEO_down,tibolone 444008 human GSE12446 sample 3204,11/313,0.0003271136099214601,0.0023883357047534,0,0,3.757629909947791,30.15574288803342,MFAP4;VCAN;FNDC1;LUM;WIF1;HTRA1;SERPING1;AEBP1;FMOD;FBLN5;DCN,Drug_Perturbations_from_GEO_down,Fibroblasts_UP→DOWNmatch
Drug_Perturbations_from_GEO_down,methylprednisolone 6741 rat GSE490 sample 3672,10/263,0.00032891471864470985,0.0023883357047534,0,0,4.066361556064074,32.61104878971809,COL1A1;COL3A1;COL1A2;SERPINE2;LUM;CTSK;COL5A2;CXCL14;LOXL1;THBS4,Drug_Perturbations_from_GEO_down,Fibroblasts_UP→DOWNmatch
Drug_Perturbations_from_GEO_down,N-METHYLFORMAMIDE 31254 rat GSE5509 sample 3570,11/317,0.0003642184701072784,0.002621072204522,0,0,3.707749766573296,29.35706047378092,COL3A1;CCDC80;CXCL12;TTR;CFH;F10;C1S;SERPINF1;SERPING1;DPT;IGF1,Drug_Perturbations_from_GEO_down,Fibroblasts_UP→DOWNmatch
Drug_Perturbations_from_GEO_down,heroin 5462328 mouse GSE30305 sample 2611,10/267,0.0003705652831444728,0.0026431470638446,0,0,4.0022527134958015,31.619721223728916,COL5A1;OGN;SERPING1;PCOLCE;PRELP;AEBP1;PTGDS;FMOD;THBS2;DCN,Drug_Perturbations_from_GEO_down,Fibroblasts_UP→DOWNmatch
Drug_Perturbations_from_GEO_down,SODIUM ARSENITE 443495 mouse GSE11056 sample 3360,12/376,0.00042209202327238407,0.0029842646557679,0,0,3.408230067804536,26.48292648099496,CFD;COMP;MFAP4;TTR;LUM;OMD;PLP1;UGT3A2;CILP2;HSPB3;FMOD;CORIN,Drug_Perturbations_from_GEO_down,Fibroblasts_UP→DOWNmatch
Drug_Perturbations_from_GEO_down,formaldehyde 712 rat GSE7002 sample 3544,11/323,0.0004264770778791836,0.0029890480414836,0,0,3.635327635327635,28.209967726086592,MFAP5;TUBB2B;COL3A1;CEMIP;LUM;TNN;NRXN1;CRABP1;STMN2;ACKR4;SVEP1,Drug_Perturbations_from_GEO_down,Fibroblasts_UP→DOWNmatch
Drug_Perturbations_from_GEO_down,metoprolol DB00264 human GSE11223 sample 3287,12/379,0.0004530674138605302,0.0031480373756171,0,0,3.3798481071366457,26.02303784505646,CFD;MFAP4;COL3A1;PLA2G2A;PLP1;SLITRK6;PLAT;XKR4;FMOD;S100B;CXCL14;HAPLN1,Drug_Perturbations_from_GEO_down,Fibroblasts_UP→DOWNmatch
Drug_Perturbations_from_GEO_down,SODIUM ARSENITE 443495 mouse GSE11056 sample 3354,11/332,0.0005364606539092365,0.0036956178380414,0,0,3.5317707560698213,26.59606090909087,SMIM5;SFRP2;MYOT;OLFML3;MMP2;COL6A1;MXRA8;PCOLCE;THY1;CXCL14;SOD3,Drug_Perturbations_from_GEO_down,Fibroblasts_UP→DOWNmatch
Drug_Perturbations_from_GEO_down,corticosterone 5753 rat GSE37618 sample 3094,10/281,0.0005525570296296704,0.0037742454735721,0,0,3.7927752961740144,28.449432683226625,TTR;C1R;PENK;PLP1;MAL;APOD;PLAT;FSTL1;FBLN5;DCN,Drug_Perturbations_from_GEO_down,Fibroblasts_UP→DOWNmatch
Drug_Perturbations_from_GEO_down,Retinoic acid 444795 human GSE32161 sample 3237,9/241,0.0007403552582265594,0.0050145070431143,0,0,3.974363603538545,28.64872473513797,SOX2;PCSK2;OSR2;CXCL12;EFEMP1;DIO2;SLITRK6;L1CAM;CXCL14,Drug_Perturbations_from_GEO_down,Fibroblasts_UP→DOWNmatch
Drug_Perturbations_from_GEO_down,dexamethasone DB01234 mouse GSE484 sample 2711,9/242,0.0007624318385883391,0.0051210005158516,0,0,3.957104015459632,28.40803961853758,COL1A1;COL1A2;CXCL12;TMEM176B;COL5A2;PCOLCE;FBLN2;DCN;FBN1,Drug_Perturbations_from_GEO_down,Fibroblasts_UP→DOWNmatch
Drug_Perturbations_from_GEO_down,BPDE 41322 human GSE19510 sample 3378,9/248,0.0009064477546000656,0.0060379908281624,0,0,3.856579552673662,27.0191082757451,COL1A1;GREM1;COL3A1;CEMIP;COL1A2;LOX;COL6A3;PLAT;LOXL1,Drug_Perturbations_from_GEO_down,Fibroblasts_UP→DOWNmatch
Drug_Perturbations_from_GEO_down,etanercept DB00005 human GSE47751 sample 2592,9/249,0.0009324689824513428,0.0061604098348834,0,0,3.8403141361256554,26.796462671666184,VCAN;APELA;FNDC1;LINC00968;PLA2G2A;CPXM1;IGF1;SCG2;FBN1,Drug_Perturbations_from_GEO_down,Fibroblasts_UP→DOWNmatch
Drug_Perturbations_from_GEO_down,bleomycin DB00290 mouse GSE25640 sample 3121,8/201,0.0009645976489622908,0.006320859390761,0,0,4.232944732297064,29.39271946338006,CFD;PTGFR;TNXB;PCOLCE2;OMD;FIBIN;DPEP1;CHRDL1,Drug_Perturbations_from_GEO_down,Fibroblasts_UP→DOWNmatch
Drug_Perturbations_from_GEO_down,"2,3,7,8-tetrachlorodibenzo-p-dioxin 10852289 rat GSE48100 sample 3111",10/303,0.0009840363254935275,0.0063962361157079,0,0,3.504041674151249,24.26145104550499,COL1A2;PENK;OGN;STMN2;PLP1;HTRA1;FBLN1;PTGDS;FSTL1;MT3,Drug_Perturbations_from_GEO_down,Fibroblasts_UP→DOWNmatch
Drug_Perturbations_from_GEO_down,ethanol 702 human GSE44456 sample 3037,10/318,0.0014131716353448,0.0091121307047036,0,0,3.330827067669173,21.856616468121977,SHC4;GREM1;CXCL12;FNDC1;DIO2;CERCAM;PMP2;ABCA8;THBS2;HAPLN1,Drug_Perturbations_from_GEO_down,Fibroblasts_UP→DOWNmatch
Drug_Perturbations_from_GEO_down,SODIUM ARSENITE 443495 mouse GSE11056 sample 3361,10/320,0.0014804170657768,0.009469969484255,0,0,3.3089983022071308,21.559551539037667,CFD;COMP;SMIM5;TTR;LUM;OMD;PLP1;UGT3A2;CILP2;CORIN,Drug_Perturbations_from_GEO_down,Fibroblasts_UP→DOWNmatch
Drug_Perturbations_from_GEO_down,"2,3-dimethoxy-1,4-naphtoquinone (DMNQ) 3136 human GSE39843 sample 3681",10/323,0.0015861459268087,0.0100664064331323,0,0,3.2767782074995795,21.12358081587485,GREM1;PTGFR;OSR2;ECM1;COL1A2;CCDC80;TTYH1;FIBIN;MAL;FMOD,Drug_Perturbations_from_GEO_down,Fibroblasts_UP→DOWNmatch
Drug_Perturbations_from_GEO_down,methylprednisolone 6741 rat GSE490 sample 3665,10/326,0.0016979273627254,0.0106916363621616,0,0,3.245169886742172,20.69881951470377,COL1A1;SERPINE2;MYOC;LUM;SCD;PCOLCE;FSTL1;CXCL14;LOXL1;DCN,Drug_Perturbations_from_GEO_down,Fibroblasts_UP→DOWNmatch
Drug_Perturbations_from_GEO_down,etanercept DB00005 human GSE11903 sample 2606,8/220,0.0017137371521276,0.0107075360047662,0,0,3.8498427672955975,24.519952045107804,DIRAS3;COMP;MFAP5;VCAN;PCOLCE2;PLA2G2A;ITGBL1;DKK2,Drug_Perturbations_from_GEO_down,Fibroblasts_UP→DOWNmatch
Drug_Perturbations_from_GEO_down,l-arginine 6322 mouse GSE34874 sample 3214,11/390,0.0019627181924906,0.0121688527934423,0,0,2.982381929611481,18.590453881560872,CFD;PCSK2;DPP4;ABI3BP;OGN;STMN2;SCN7A;DPT;PRELP;TIMP4;THBS4,Drug_Perturbations_from_GEO_down,Fibroblasts_UP→DOWNmatch
Drug_Perturbations_from_GEO_down,1-(4-Methoxyphenyl)piperazine 269722 rat GSE68785 sample 3689,11/395,0.0021669505616802,0.0133325355169029,0,0,2.942791005291005,18.05235828912751,SHC4;CEMIP;LRP1;CFH;F10;SCARA5;LOX;C1S;TMEM176B;OMD;FIBIN,Drug_Perturbations_from_GEO_down,Fibroblasts_UP→DOWNmatch
Drug_Perturbations_from_GEO_down,Cobalt dichloride hexahydrate 24643 rat GSE51207 sample 3115,11/397,0.0022533357980791,0.013701532113546,0,0,2.9272418236148807,17.84254466772549,VCAN;TTR;MIA;CFH;PCOLCE2;C1S;OLFML3;WIF1;HTRA1;PRELP;CP,Drug_Perturbations_from_GEO_down,Fibroblasts_UP→DOWNmatch
Drug_Perturbations_from_GEO_down,dexamethasone DB01234 mouse GSE7683 sample 3524,8/230,0.00226092279293,0.013701532113546,0,0,3.6745495495495497,22.385290572266115,COL3A1;SFRP2;OLFML3;SERPINF1;COL5A2;HTRA1;GAS1;PTN,Drug_Perturbations_from_GEO_down,Fibroblasts_UP→DOWNmatch
Drug_Perturbations_from_GEO_down,TRICHLOROETHYLENE 6575 mouse GSE24278 sample 3318,9/290,0.0026497499787723,0.0158204471468724,0,0,3.273108382552961,19.42030120588253,TNXB;CPB1;CFH;MME;SERPINF1;OMD;SERPING1;GAS1;SUGCT,Drug_Perturbations_from_GEO_down,Fibroblasts_UP→DOWNmatch
Drug_Perturbations_from_GEO_down,CYFLUTHRIN 104926 human GSE5023 sample 3572,8/236,0.0026498267553694,0.0158204471468724,0,0,3.576754385964912,21.221817363674152,COL1A1;VCAN;COL1A2;COL11A1;MMP2;FSTL1;CXCL14;GPM6B,Drug_Perturbations_from_GEO_down,Fibroblasts_UP→DOWNmatch
Drug_Perturbations_from_GEO_down,methamphetamine 10836 mouse GSE30305 sample 2612,10/347,0.0026717962608493,0.0158343219576806,0,0,3.039668905200687,18.01005126062531,COL1A1;MFAP4;IGSF1;OGN;DIO2;SERPING1;AEBP1;FMOD;S100B;DCN,Drug_Perturbations_from_GEO_down,Fibroblasts_UP→DOWNmatch
Drug_Perturbations_from_GEO_down,isotretinoin DB00982 human GSE10432 sample 2772,9/292,0.0027738263866301,0.0163190077928754,0,0,3.249643868055427,19.132367784545423,MFAP5;PTGFR;LOX;SCD;OMD;GAS1;SLIT3;ABCA8;FBN1,Drug_Perturbations_from_GEO_down,Fibroblasts_UP→DOWNmatch
Drug_Perturbations_from_GEO_down,estradiol 5757 mouse GSE2195 sample 3624,9/293,0.0028375668310711,0.0165730352597341,0,0,3.238035543101541,18.990457870222325,GDF10;SFRP2;PENK;TWIST2;GPC3;TMEM119;PLAT;PCOLCE;THY1,Drug_Perturbations_from_GEO_down,Fibroblasts_UP→DOWNmatch
Drug_Perturbations_from_GEO_down,etanercept DB00005 human GSE47751 sample 2591,8/240,0.0029368827357897,0.0170296941370252,0,0,3.514367816091954,20.49019314842516,DIRAS3;GREM1;VCAN;APELA;LINC00968;PLA2G2A;SCG2;NKD2,Drug_Perturbations_from_GEO_down,Fibroblasts_UP→DOWNmatch
Drug_Perturbations_from_GEO_down,Chlorpyrifos 2730 human GSE5023 sample 3571,8/241,0.0030123001884428,0.0173422425134639,0,0,3.4991058655221745,20.312489087963723,COL1A1;TUBB2B;COL1A2;COL11A1;PTN;FSTL1;GPM6B;LOXL1,Drug_Perturbations_from_GEO_down,Fibroblasts_UP→DOWNmatch
Drug_Perturbations_from_GEO_down,troglitazone DB00197 rat GSE21329 sample 2833,7/192,0.0032516596487244,0.0185875012544104,0,0,3.845539840358493,22.029520119760665,CXCL12;TTR;C1S;SERPINF1;DPT;IGF1;PODN,Drug_Perturbations_from_GEO_down,Fibroblasts_UP→DOWNmatch
Drug_Perturbations_from_GEO_down,rosiglitazone 77999 mouse GSE1458 sample 2588,9/301,0.0033902706516871,0.0192433672201395,0,0,3.1480312701714124,17.90236753353007,CFD;C3;COL5A2;COL6A1;PCOLCE;IGF1;CP;FBLN2;DCN,Drug_Perturbations_from_GEO_down,Fibroblasts_UP→DOWNmatch
Drug_Perturbations_from_GEO_down,dasatinib DB01254 human GSE59357 sample 3306,9/302,0.0034649286126287,0.0194264565825239,0,0,3.13712631560138,17.77201899788515,CFD;TUBB2B;COL1A2;COL5A2;COL6A1;HTRA1;IQGAP2;SCG2;NKD2,Drug_Perturbations_from_GEO_down,Fibroblasts_UP→DOWNmatch
Drug_Perturbations_from_GEO_down,morphine DB00295 mouse GSE15774 sample 2787,10/360,0.0034707316971258,0.0194264565825239,0,0,2.924812030075188,16.564350745353305,COL1A1;OLFML3;ELN;SERPING1;PCOLCE;HSPB3;PTGDS;FMOD;SOX10;GPM6B,Drug_Perturbations_from_GEO_down,Fibroblasts_UP→DOWNmatch
Drug_Perturbations_from_GEO_down,rosiglitazone DB00412 mouse GSE11343 sample 2815,8/248,0.0035833948462343,0.0199187327314819,0,0,3.395833333333333,19.123447446536844,TUBB2B;ANGPTL7;TMEM176B;MPZ;PLP1;HTRA1;SHISA3;THBS4,Drug_Perturbations_from_GEO_down,Fibroblasts_UP→DOWNmatch
Drug_Perturbations_from_GEO_down,Calcitonin 16132288 mouse GSE60761 sample 3447,11/423,0.0036536716599751,0.0201702695749312,0,0,2.7388400883546518,15.370432700300825,C3;COL3A1;CXCL12;EFEMP1;SERPINE2;CFH;TMEM176B;OGN;SERPING1;FSTL1;MT3,Drug_Perturbations_from_GEO_down,Fibroblasts_UP→DOWNmatch
Drug_Perturbations_from_GEO_down,bexarotene 82146 rat GSE3952 sample 3562,10/363,0.0036796492172193,0.0201754916263862,0,0,2.899507976740719,16.25156201319177,COL1A1;COL3A1;COL1A2;EFEMP1;TTR;C1S;C1R;COL5A2;GPC3;SERPING1,Drug_Perturbations_from_GEO_down,Fibroblasts_UP→DOWNmatch
Drug_Perturbations_from_GEO_down,TRICHLOROETHYLENE 6575 mouse GSE24278 sample 3312,9/308,0.0039404582784668,0.0213425604092614,0,0,3.0732283878197832,17.014800656053993,GREM2;CFH;ANGPTL7;SRD5A2;TMEM176B;OMD;GAS1;L1CAM;CORIN,Drug_Perturbations_from_GEO_down,Fibroblasts_UP→DOWNmatch
Drug_Perturbations_from_GEO_down,halothane 3562 rat GSE6433 sample 3651,8/252,0.0039454609193299,0.0213425604092614,0,0,3.33948087431694,18.48465945486388,NGFR;TUBB2B;TTR;SCD;PENK;PLP1;APOD;PTN,Drug_Perturbations_from_GEO_down,Fibroblasts_UP→DOWNmatch
Drug_Perturbations_from_GEO_down,diethylstilbestrol DB00255 rat GSE4028 sample 2715,9/315,0.0045582984071923,0.0244932567746469,0,0,3.001847859562673,16.182379096438837,CCDC80;NEGR1;LUM;TMEM176B;PENK;PLAT;SCG2;LOXL1;DCN,Drug_Perturbations_from_GEO_down,Fibroblasts_UP→DOWNmatch
Drug_Perturbations_from_GEO_down,Bisphenol A 6623 mouse GSE4650 sample 3575,10/375,0.0046172305723918,0.024645614843363,0,0,2.802451333813987,15.071471726809335,COL3A1;ECM1;SFRP2;CXCL12;TMEM176B;COL6A1;MXRA8;PCOLCE;FSTL1;DCN,Drug_Perturbations_from_GEO_down,Fibroblasts_UP→DOWNmatch
Drug_Perturbations_from_GEO_down,Retinoic acid 444795 mouse GSE1437 sample 3084,6/155,0.0047319948902293,0.0250713641862015,0,0,4.0789455476371685,21.83626140966508,MEG3;DPT;SCN7A;PTN;COCH;FBN1,Drug_Perturbations_from_GEO_down,Fibroblasts_UP→DOWNmatch
Drug_Perturbations_from_GEO_down,estradiol DB00783 human GSE46924 sample 2487,7/206,0.004774547732138,0.0250713641862015,0,0,3.5724477308823914,19.09278980044753,PCSK2;COL28A1;SRPX;EFEMP1;MME;APOD;L1CAM,Drug_Perturbations_from_GEO_down,Fibroblasts_UP→DOWNmatch
Drug_Perturbations_from_GEO_down,Lipopolysaccharide 11970143 mouse GSE367 sample 3657,10/377,0.0047903102787531,0.0250713641862015,0,0,2.7868922988670586,14.8852379310326,MEG3;SFRP2;STMN2;PLP1;ACKR4;PLAT;THY1;SOX10;SCG2;GPM6B,Drug_Perturbations_from_GEO_down,Fibroblasts_UP→DOWNmatch
Drug_Perturbations_from_GEO_down,cisplatin DB00515 human GSE47856 sample 3152,10/379,0.0049684587287001,0.0258359853892407,0,0,2.771501925545571,14.701835500054944,SRPX;NEGR1;STC2;COL5A2;GPC3;SHISA3;IQGAP2;CHRDL1;GPM6B;SUGCT,Drug_Perturbations_from_GEO_down,Fibroblasts_UP→DOWNmatch
Drug_Perturbations_from_GEO_down,alitretinoin DB00523 rat GSE3952 sample 2675,9/320,0.0050440360245065,0.0260608527932839,0,0,2.9528290769515664,15.61913326098313,EFEMP1;TTR;C1S;C1R;COL5A2;CP;CXCL14;FBLN5;DCN,Drug_Perturbations_from_GEO_down,Fibroblasts_UP→DOWNmatch
Drug_Perturbations_from_GEO_down,resveratrol DB02709 mouse GSE7111 sample 3496,8/263,0.005087827509965,0.0261196749874639,0,0,3.1936274509803924,16.86524111369022,COL1A1;CFD;C3;COL3A1;COL1A2;COL5A2;DPT;DCN,Drug_Perturbations_from_GEO_down,Fibroblasts_UP→DOWNmatch
Drug_Perturbations_from_GEO_down,formaldehyde 712 rat GSE7002 sample 3542,9/322,0.0052492231387457,0.0267776825938547,0,0,2.933660070588629,15.400762479368485,SBSPON;COMP;MFAP5;DPP4;PLAC9;SCN7A;COL9A3;SOX10;HAPLN1,Drug_Perturbations_from_GEO_down,Fibroblasts_UP→DOWNmatch
Drug_Perturbations_from_GEO_down,Y15 23627197 human GSE43452 sample 2554,7/210,0.0052950124900853,0.0268413840692376,0,0,3.501340003573343,18.350487739051133,VCAN;COL1A2;LOX;SCD;COL5A2;COL6A3;FBN1,Drug_Perturbations_from_GEO_down,Fibroblasts_UP→DOWNmatch
Drug_Perturbations_from_GEO_down,Monuron 8800 rat GSE51163 sample 2467,9/326,0.0056789895404537,0.0286079098100356,0,0,2.896047698482171,14.975410403809708,OSR2;GREM2;SCARA5;TMEM176B;COL12A1;OMD;TMEM119;PODN;WISP2,Drug_Perturbations_from_GEO_down,Fibroblasts_UP→DOWNmatch
Drug_Perturbations_from_GEO_down,Perfluorooctanoic Acid 9554 mouse GSE13044 sample 3518,8/273,0.0063319296175987,0.0316989768433824,0,0,3.0715408805031448,15.548601443422037,ECM1;SFRP2;TTR;PCOLCE2;OLFML3;TMEM119;PCOLCE;FMOD,Drug_Perturbations_from_GEO_down,Fibroblasts_UP→DOWNmatch
Drug_Perturbations_from_GEO_down,TRICHLOROETHYLENE 6575 mouse GSE24278 sample 3311,8/278,0.0070345634734462,0.0349991244419611,0,0,3.013888888888889,14.939605029196846,GREM2;COL3A1;CFH;MME;LUM;ABI3BP;OMD;SVEP1,Drug_Perturbations_from_GEO_down,Fibroblasts_UP→DOWNmatch
Drug_Perturbations_from_GEO_down,Cobalt dichloride hexahydrate 24643 rat GSE51207 sample 3117,9/338,0.0071330063847068,0.0352711849452377,0,0,2.7886981014974777,13.784597407287494,COL3A1;TTR;F10;OLFML3;TMEM176B;HTRA1;PCOLCE;CP;FBLN5,Drug_Perturbations_from_GEO_down,Fibroblasts_UP→DOWNmatch
Drug_Perturbations_from_GEO_down,amoxicillin DB01060 rat GSE2354 sample 2677,9/339,0.007265946885439,0.0357094706686819,0,0,2.7801047120418847,13.690783161904756,MFAP4;COL3A1;COL1A2;CCDC80;MME;PLA2G2A;DPEP1;DCN;FBN1,Drug_Perturbations_from_GEO_down,Fibroblasts_UP→DOWNmatch
Drug_Perturbations_from_GEO_down,soman 7305 rat GSE13428 sample 2632,5/124,0.0082090601362042,0.0401000149683672,0,0,4.240680887739711,20.36594137643501,GDF10;CXCL12;CLMP;TMEM176B;TMEM119,Drug_Perturbations_from_GEO_down,Fibroblasts_UP→DOWNmatch
Drug_Perturbations_from_GEO_down,creatine 586 mouse GSE5140 sample 3205,6/179,0.0093562737944072,0.0454286546885076,0,0,3.5087897026398904,16.392041508856156,MEG3;PENK;PLP1;PTGDS;S100B;SCG2,Drug_Perturbations_from_GEO_down,Fibroblasts_UP→DOWNmatch
Drug_Perturbations_from_GEO_down,TRICHLOROETHYLENE 6575 mouse GSE24278 sample 3323,8/293,0.0094984076339414,0.0458426140895615,0,0,2.8530701754385963,13.28569534339526,COL1A1;VIT;CFD;COL3A1;FNDC1;SERPINE2;COL5A2;DKK2,Drug_Perturbations_from_GEO_down,Fibroblasts_UP→DOWNmatch
Drug_Perturbations_from_GEO_down,Ascorbyl-2-phosphate 54679073 human GSE11919 sample 3191,8/296,0.0100599128637118,0.0482636295723317,0,0,2.8229166666666665,12.983149232269536,GREM1;VCAN;SERPINE2;LINC00968;STC2;HTRA1;ITGBL1;FBN1,Drug_Perturbations_from_GEO_down,Fibroblasts_UP→DOWNmatch
Drug_Perturbations_from_GEO_down,resveratrol DB02709 mouse GSE11291 sample 3505,9/359,0.0103445937025112,0.0493357545812074,0,0,2.618548990276739,11.970150069470204,MEG3;CADM3;PENK;COL6A1;STMN2;THY1;L1CAM;PTGDS;MT3,Drug_Perturbations_from_GEO_down,Fibroblasts_UP→DOWNmatch
Drug_Perturbations_from_GEO_down,cediranib 9933475 human GSE32569 sample 2642,8/301,0.011050126032932,0.0521458058959012,0,0,2.774032992036405,12.497888136972108,DIRAS3;CLMP;TNN;DIO2;CHRDL1;GPM6B;TIMP4;THBS4,Drug_Perturbations_from_GEO_down,Fibroblasts_UP→DOWNmatch
Drug_Perturbations_from_GEO_down,mesalazine DB00244 human GSE38713 sample 3289,9/363,0.0110631920697259,0.0521458058959012,0,0,2.5884284319815425,11.658622581183462,GABRA2;GREM1;GREM2;SMIM5;EDN3;OLFML3;HSPB3;SCG2;CHRDL1,Drug_Perturbations_from_GEO_down,Fibroblasts_UP→DOWNmatch
Drug_Perturbations_from_GEO_down,vitamin c DB00126 mouse GSE32994 sample 3508,7/244,0.0115947421200107,0.0542982916046152,0,0,2.9938348527579195,13.3441313312576,TNFSF18;GABRA2;C1QTNF3;STC2;OGN;FIBIN;GPC3,Drug_Perturbations_from_GEO_down,Fibroblasts_UP→DOWNmatch
Drug_Perturbations_from_GEO_down,NICKEL 935 human GSE6281 sample 3480,8/304,0.011677863451965,0.0542982916046152,0,0,2.7454954954954958,12.217620348951144,DIRAS3;GREM1;ADH1B;FIBIN;PLP1;ACKR4;XKR4;DKK2,Drug_Perturbations_from_GEO_down,Fibroblasts_UP→DOWNmatch
Drug_Perturbations_from_GEO_down,VANADIUM PENTOXIDE 14814 human GSE5339 sample 3555,6/188,0.0117219636962816,0.0542982916046152,0,0,3.333748725501303,14.822816814410707,CFD;OSR2;ADH1B;GAS1;APOD;PTGDS,Drug_Perturbations_from_GEO_down,Fibroblasts_UP→DOWNmatch
Drug_Perturbations_from_GEO_down,halothane 3562 rat GSE6433 sample 3652,7/250,0.0131089899943566,0.0603762624882939,0,0,2.9190174630589136,12.65235574894664,NGFR;SCD;PLP1;MAL;APOD;THY1;MT3,Drug_Perturbations_from_GEO_down,Fibroblasts_UP→DOWNmatch
Drug_Perturbations_from_GEO_down,1-[3-(Trifluoromethyl)phenyl]piperazine 4296 rat GSE68785 sample 3688,9/375,0.0134446567233073,0.0615704165851462,0,0,2.502016994249421,10.781625381986023,GREM2;CEMIP;LRP1;CFH;SCARA5;LOX;C1S;TMEM176B;OMD,Drug_Perturbations_from_GEO_down,Fibroblasts_UP→DOWNmatch
Drug_Perturbations_from_GEO_down,irinotecan DB00762 rat GSE11722 sample 2769,9/376,0.0136590265883572,0.0621987312441579,0,0,2.495071115739618,10.712225270111468,SBSPON;DPP4;PDGFRA;MME;SCARA5;PLA2G2A;STMN2;SCG2;THBS4,Drug_Perturbations_from_GEO_down,Fibroblasts_UP→DOWNmatch
Drug_Perturbations_from_GEO_down,diethylstilbestrol DB00255 rat GSE4028 sample 2717,9/378,0.0140953686091141,0.0638250960614945,0,0,2.481292299833993,10.575041991722108,CCDC80;TMEM176B;PENK;PLAT;PTGDS;S100B;CP;MT3;DCN,Drug_Perturbations_from_GEO_down,Fibroblasts_UP→DOWNmatch
Drug_Perturbations_from_GEO_down,"2,3-dimethoxy-1,4-naphtoquinone (DMNQ) 3136 human GSE39843 sample 3682",7/254,0.014194406968053,0.0639144805377138,0,0,2.871158566004489,12.216513448503774,OSR2;CCDC80;FIBIN;SLITRK6;GAS1;IQGAP2;CTHRC1,Drug_Perturbations_from_GEO_down,Fibroblasts_UP→DOWNmatch
Drug_Perturbations_from_GEO_down,coenzyme Q10 5281915 mouse GSE15129 sample 3454,8/317,0.0147055165013858,0.0658480350006501,0,0,2.6282362459546924,11.089928476655928,LUM;MYOT;OGN;HTRA1;SERPING1;TIMP4;CORIN;DCN,Drug_Perturbations_from_GEO_down,Fibroblasts_UP→DOWNmatch
Drug_Perturbations_from_GEO_down,simvastatin 54454 mouse GSE1871 sample 3618,6/198,0.0148137007024547,0.0659659821335829,0,0,3.158505154639175,13.30426426657909,CFD;MFAP4;PCOLCE2;OLFML3;MXRA8;DPT,Drug_Perturbations_from_GEO_down,Fibroblasts_UP→DOWNmatch
Drug_Perturbations_from_GEO_down,TRICHLOROETHYLENE 6575 mouse GSE24278 sample 3316,7/259,0.0156398405455979,0.069262150987648,0,0,2.8134715025906734,11.698228084930973,C3;MFAP5;CFH;SCARA5;LUM;SERPINF1;UGT3A2,Drug_Perturbations_from_GEO_down,Fibroblasts_UP→DOWNmatch
Drug_Perturbations_from_GEO_down,methylprednisolone 6741 rat GSE490 sample 3660,8/322,0.0160099320902872,0.0705136899714289,0,0,2.5857218683651806,10.69078599164198,COL1A1;COL1A2;C1S;LUM;FMOD;CXCL14;DCN;THBS4,Drug_Perturbations_from_GEO_down,Fibroblasts_UP→DOWNmatch
Drug_Perturbations_from_GEO_down,fenretinide 5288209 rat GSE3952 sample 3561,6/203,0.0165546067529673,0.0725163752331068,0,0,3.0775550787587003,12.621333011533425,COL3A1;COL1A2;ELN;GPC3;CXCL14;FBLN5,Drug_Perturbations_from_GEO_down,Fibroblasts_UP→DOWNmatch
Drug_Perturbations_from_GEO_down,etanercept DB00005 human GSE11903 sample 2608,7/264,0.0171870818945122,0.0744773548762199,0,0,2.758029071994516,11.207519297185218,DIRAS3;COMP;GREM1;CEMIP;PLA2G2A;CORIN;COCH,Drug_Perturbations_from_GEO_down,Fibroblasts_UP→DOWNmatch
Drug_Perturbations_from_GEO_down,quercetin 5280343 human GSE7259 sample 3415,7/264,0.0171870818945122,0.0744773548762199,0,0,2.758029071994516,11.207519297185218,C3;DPP4;TTR;LOX;COL5A2;GPC3;CES1,Drug_Perturbations_from_GEO_down,Fibroblasts_UP→DOWNmatch
Drug_Perturbations_from_GEO_down,Cobalt dichloride hexahydrate 24643 rat GSE51207 sample 3114,8/329,0.0179742273428697,0.0774718034136523,0,0,2.5284267912772584,10.161282957378464,VCAN;CCDC80;TTR;MIA;OLFML3;HTRA1;PLAT;CP,Drug_Perturbations_from_GEO_down,Fibroblasts_UP→DOWNmatch
Drug_Perturbations_from_GEO_down,carboplatin DB00958 human GSE49577 sample 3177,6/208,0.0184319457812426,0.079022065423838,0,0,3.0006124323772583,11.983455660859397,SRPX;TTYH1;CRABP1;CPXM1;PTGDS;THBS4,Drug_Perturbations_from_GEO_down,Fibroblasts_UP→DOWNmatch
Drug_Perturbations_from_GEO_down,nicotinamide riboside 439924 mouse GSE62194 sample 3468,8/331,0.0185659292832009,0.0791753386362962,0,0,2.5125128998968007,10.01594960609226,VIT;C3;SFRP5;TMEM176B;CERCAM;S100B;CP;MT3,Drug_Perturbations_from_GEO_down,Fibroblasts_UP→DOWNmatch
Drug_Perturbations_from_GEO_down,captopril DB01197 mouse GSE19286 sample 2689,10/466,0.019179849437186,0.0809502031628665,0,0,2.2326869806094183,8.827810022148624,COL3A1;SERPINE2;LUM;COL6A2;COL6A1;DPT;PCOLCE;PRELP;THY1;SOD3,Drug_Perturbations_from_GEO_down,Fibroblasts_UP→DOWNmatch
Drug_Perturbations_from_GEO_down,deltamethrin 40585 rat GSE7955 sample 3421,7/270,0.0191829885907041,0.0809502031628665,0,0,2.69428081719498,10.652462677030918,SHC4;EFEMP1;TTR;ABI3BP;SEMA3B;SHISA3;SOX10,Drug_Perturbations_from_GEO_down,Fibroblasts_UP→DOWNmatch
Drug_Perturbations_from_GEO_down,TRICHLOROETHYLENE 6575 mouse GSE24278 sample 3314,7/271,0.0195307791850165,0.0819603160717241,0,0,2.683937823834197,10.563344893869004,MFAP5;GREM2;EFEMP1;MYOT;ABI3BP;CTSK;CTHRC1,Drug_Perturbations_from_GEO_down,Fibroblasts_UP→DOWNmatch
Drug_Perturbations_from_GEO_down,phenytoin 1775 rat GSE2880 sample 3033,6/211,0.0196257332529066,0.0819603160717241,0,0,2.956248428463666,11.620757308534747,STMN2;PLP1;PTN;S100B;GPM6B;SNCA,Drug_Perturbations_from_GEO_down,Fibroblasts_UP→DOWNmatch
Drug_Perturbations_from_GEO_down,ubiquinol 9962735 mouse GSE15129 sample 3465,6/213,0.0204502527267632,0.084714814042019,0,0,2.927386822052891,11.38683227704616,C3;TTR;TMEM176B;UGT3A2;IQGAP2;CP,Drug_Perturbations_from_GEO_down,Fibroblasts_UP→DOWNmatch
Drug_Perturbations_from_GEO_down,BPDE 41322 human GSE19510 sample 3377,7/274,0.0206006247546349,0.084714814042019,0,0,2.65337369738604,10.301547927759792,COL1A1;COL3A1;COL1A2;LOX;COL6A2;COL6A3;LOXL1,Drug_Perturbations_from_GEO_down,Fibroblasts_UP→DOWNmatch
Drug_Perturbations_from_GEO_down,Rosiglitazone DB00412 mouse GSE11343 sample 3255,7/274,0.0206006247546349,0.084714814042019,0,0,2.65337369738604,10.301547927759792,CFD;TTR;STMN2;PMP2;FMOD;SCG2;TIMP4,Drug_Perturbations_from_GEO_down,Fibroblasts_UP→DOWNmatch
Drug_Perturbations_from_GEO_down,estradiol DB00783 rat GSE5315 sample 2537,6/215,0.021298017501469,0.0868533018245425,0,0,2.899077590884428,11.158959245367036,NGFR;TTR;PLP1;MAL;APOD;PCOLCE,Drug_Perturbations_from_GEO_down,Fibroblasts_UP→DOWNmatch
Drug_Perturbations_from_GEO_down,Retinoic acid 444795 human GSE54464 sample 3141,7/276,0.0213361709196766,0.0868533018245425,0,0,2.633376350713639,10.131524403675368,SOX2;TUBB2B;CCDC80;LOX;GPC3;MAL;CXCL14,Drug_Perturbations_from_GEO_down,Fibroblasts_UP→DOWNmatch
Drug_Perturbations_from_GEO_down,alitretinoin DB00523 rat GSE3952 sample 2674,9/407,0.021641842407044,0.0871390242835305,0,0,2.297061222342077,8.8049266791661,EFEMP1;TTR;SCD;COL5A2;GPC3;PLAT;CXCL14;FBLN5;DCN,Drug_Perturbations_from_GEO_down,Fibroblasts_UP→DOWNmatch
Drug_Perturbations_from_GEO_down,propofol DB00818 human GSE4386 sample 2804,7/277,0.0217107139521839,0.0871390242835305,0,0,2.623488773747841,10.04782928054102,C3;CCDC80;EFEMP1;ADH1B;TMEM176B;PLA2G2A;PTGDS,Drug_Perturbations_from_GEO_down,Fibroblasts_UP→DOWNmatch
Drug_Perturbations_from_GEO_down,tretinoin DB00755 mouse GSE31280 sample 2829,6/216,0.0217306996042055,0.0871390242835305,0,0,2.885125184094256,11.047228834972849,MEG3;SFRP4;SFRP2;MIA;PENK;PDGFRL,Drug_Perturbations_from_GEO_down,Fibroblasts_UP→DOWNmatch
Drug_Perturbations_from_GEO_down,"Dmnq   (2,3-Dimethoxy-1,4-naphthoquinone) 3136 human GSE6907 sample 3527",7/279,0.0224734631643911,0.0896713431212834,0,0,2.603931728131667,9.88301476983952,C3;DPP4;TTR;F10;SCD;SERPINF1;GPC3,Drug_Perturbations_from_GEO_down,Fibroblasts_UP→DOWNmatch
Drug_Perturbations_from_GEO_down,Perfluorooctanoic Acid 9554 mouse GSE13044 sample 3516,7/281,0.0232545917096173,0.0923310390046874,0,0,2.5846601868310577,9.721560037965398,COL3A1;SMIM5;EFEMP1;LUM;WIF1;SERPING1;PCOLCE,Drug_Perturbations_from_GEO_down,Fibroblasts_UP→DOWNmatch
Drug_Perturbations_from_GEO_down,permethrin DB04930 rat GSE7955 sample 2792,7/282,0.0236521080821934,0.0934490152659212,0,0,2.5751295336787563,9.642065319069271,SHC4;MFAP4;TTR;ABI3BP;SEMA3B;CPXM1;SOX10,Drug_Perturbations_from_GEO_down,Fibroblasts_UP→DOWNmatch
Drug_Perturbations_from_GEO_down,SODIUM ARSENITE 443495 mouse GSE11056 sample 3356,7/285,0.0248727474291194,0.0977923630627816,0,0,2.546948969321952,9.408385062809035,SRPX;F10;NEGR1;STMN2;PLP1;SCG2;CTHRC1,Drug_Perturbations_from_GEO_down,Fibroblasts_UP→DOWNmatch
Drug_Perturbations_from_GEO_down,alpha-Tocopherol 14985 mouse GSE8150 sample 3477,7/286,0.0252890675625495,0.0989465459000726,0,0,2.537690122012368,9.332058739273178,CADM3;TUBB2B;PENK;THY1;L1CAM;S100B;MT3,Drug_Perturbations_from_GEO_down,Fibroblasts_UP→DOWNmatch
Drug_Perturbations_from_GEO_down,Lipopolysaccharide 11970143 mouse GSE367 sample 3656,7/291,0.0274424827606306,0.1068533386718274,0,0,2.492373932715464,8.961736733531554,LRP1;TMEM176B;PENK;STMN2;THY1;PTGDS;SCG2,Drug_Perturbations_from_GEO_down,Fibroblasts_UP→DOWNmatch
Drug_Perturbations_from_GEO_down,methylprednisolone 6741 rat GSE490 sample 3671,9/425,0.0275849442956995,0.1068916591458356,0,0,2.195630285944422,7.883377940150431,NGFR;COL3A1;COL1A2;SERPINE2;COL5A1;LUM;COL5A2;PCOLCE;PTN,Drug_Perturbations_from_GEO_down,Fibroblasts_UP→DOWNmatch
Drug_Perturbations_from_GEO_down,"2,3,7,8-tetrachlorodibenzo-p-dioxin 10852289 rat GSE48100 sample 3112",7/292,0.0278876818557577,0.1070355789320988,0,0,2.4835014998636487,8.889867956086022,PCSK2;CCDC80;SCD;PLAT;PTGDS;S100B;DCN,Drug_Perturbations_from_GEO_down,Fibroblasts_UP→DOWNmatch
Drug_Perturbations_from_GEO_down,permethrin DB04930 rat GSE7955 sample 3417,7/292,0.0278876818557577,0.1070355789320988,0,0,2.4835014998636487,8.889867956086022,MFAP4;TTR;SCARA5;TTYH1;TMOD2;SHISA3;AEBP1,Drug_Perturbations_from_GEO_down,Fibroblasts_UP→DOWNmatch
Drug_Perturbations_from_GEO_down,vitamin c DB00126 mouse GSE32994 sample 3511,6/230,0.0284227242174643,0.1085721124136315,0,0,2.702871870397644,9.623754509175262,TNFSF18;C1QTNF3;STC2;TNMD;FIBIN;GPC3,Drug_Perturbations_from_GEO_down,Fibroblasts_UP→DOWNmatch
Drug_Perturbations_from_GEO_down,TRICHLOROETHYLENE 6575 mouse GSE24278 sample 3309,6/231,0.0289472100311878,0.1100540154959312,0,0,2.6907216494845363,9.531293390352392,SCARA5;MYOT;OMD;ITGBL1;CORIN;TRDN,Drug_Perturbations_from_GEO_down,Fibroblasts_UP→DOWNmatch
Drug_Perturbations_from_GEO_down,bleomycin DB00290 mouse GSE25640 sample 3122,7/296,0.0297175713883896,0.1124524062865823,0,0,2.4486257776502858,8.609409319412466,CFD;SBSPON;SMIM5;TNXB;OGN;FIBIN;CHRDL1,Drug_Perturbations_from_GEO_down,Fibroblasts_UP→DOWNmatch
Drug_Perturbations_from_GEO_down,soman 7305 rat GSE13428 sample 2635,4/117,0.0300246964217091,0.1130836697004557,0,0,3.555535488531696,12.46476528381739,GDF10;SFRP2;CXCL12;ITGBL1,Drug_Perturbations_from_GEO_down,Fibroblasts_UP→DOWNmatch
Drug_Perturbations_from_GEO_down,TRICHLOROETHYLENE 6575 mouse GSE24278 sample 3319,8/366,0.031299780846606,0.117337783080765,0,0,2.2628026070763503,7.838674488957345,OSR2;C1QTNF3;EFEMP1;MYOT;OMD;DIO3;HSPB3;CHRDL1,Drug_Perturbations_from_GEO_down,Fibroblasts_UP→DOWNmatch
Drug_Perturbations_from_GEO_down,vitamin e DB00163 mouse GSE42813 sample 3515,7/302,0.0326119021736901,0.1211299223594207,0,0,2.398085536137701,8.208833744681167,CFD;C3;TTR;SERPINE2;OGN;HTRA1;DCN,Drug_Perturbations_from_GEO_down,Fibroblasts_UP→DOWNmatch
Drug_Perturbations_from_GEO_down,methylprednisolone 6741 rat GSE490 sample 3668,7/302,0.0326119021736901,0.1211299223594207,0,0,2.398085536137701,8.208833744681167,CFD;SFRP4;MYOC;LUM;FSTL1;CXCL14;LOXL1,Drug_Perturbations_from_GEO_down,Fibroblasts_UP→DOWNmatch
Drug_Perturbations_from_GEO_down,CADMIUM 23973 human GSE9951 sample 3403,7/306,0.0346429078304797,0.1280834115200306,0,0,2.3655189145164366,7.954441166181254,DIRAS3;SRPX;VCAN;CCDC80;SERPINE2;PCOLCE2;SLITRK6,Drug_Perturbations_from_GEO_down,Fibroblasts_UP→DOWNmatch
Drug_Perturbations_from_GEO_down,diethylstilbestrol DB00255 rat GSE4028 sample 2716,8/374,0.0348887607361809,0.1282433779411706,0,0,2.212431693989071,7.4240148706744575,CCDC80;NEGR1;TMEM176B;SCN7A;PLAT;SCG2;LOXL1;DCN,Drug_Perturbations_from_GEO_down,Fibroblasts_UP→DOWNmatch
Drug_Perturbations_from_GEO_down,methylprednisolone 6741 rat GSE490 sample 3658,7/307,0.0351635068548371,0.1282433779411706,0,0,2.357512953367876,7.892355670540337,COL1A1;COL1A2;C1S;LUM;COL5A2;DCN;THBS4,Drug_Perturbations_from_GEO_down,Fibroblasts_UP→DOWNmatch
Drug_Perturbations_from_GEO_down,imiquimod DB00724 mouse GSE27628 sample 3073,7/307,0.0351635068548371,0.1282433779411706,0,0,2.357512953367876,7.892355670540337,TNXB;ANGPTL7;ABI3BP;ACKR4;THBS2;SOD3;WISP2,Drug_Perturbations_from_GEO_down,Fibroblasts_UP→DOWNmatch
Drug_Perturbations_from_GEO_down,colistin DB00803 mouse GSE46410 sample 2480,7/309,0.0362202425110298,0.1315023219094145,0,0,2.34166008990152,7.7699492925971585,CFD;ECM1;OLFML3;SERPING1;DPEP1;PRELP;DCN,Drug_Perturbations_from_GEO_down,Fibroblasts_UP→DOWNmatch
Drug_Perturbations_from_GEO_down,TRICHLOROETHYLENE 6575 mouse GSE24278 sample 3315,6/245,0.0369668251237728,0.1336110360975826,0,0,2.531294483026356,8.347536859835975,CFD;ENTPD2;MME;MYOT;OMD;GFRA3,Drug_Perturbations_from_GEO_down,Fibroblasts_UP→DOWNmatch
Drug_Perturbations_from_GEO_down,bleomycin DB00290 human GSE3598 sample 3588,7/312,0.0378444374445345,0.1361723954477447,0,0,2.3182706192134543,7.590646891658293,C3;NGFR;SRPX;MME;IGSF1;L1CAM;MT3,Drug_Perturbations_from_GEO_down,Fibroblasts_UP→DOWNmatch
Drug_Perturbations_from_GEO_down,phenytoin 1775 rat GSE2880 sample 2670,8/382,0.0387475866651107,0.138802466009241,0,0,2.1642156862745097,7.03518737396717,TUBB2B;SCD;TMEM176B;STMN2;APOD;PTGDS;S100B;CXCL14,Drug_Perturbations_from_GEO_down,Fibroblasts_UP→DOWNmatch
Drug_Perturbations_from_GEO_down,dexamethasone DB01234 human GSE34313 sample 3169,7/314,0.0389534806984364,0.1389225904554858,0,0,2.3029315960912053,7.473904603323202,GDF10;CXCL12;SERPINE2;NTM;ACKR4;IGF1;CXCL14,Drug_Perturbations_from_GEO_down,Fibroblasts_UP→DOWNmatch
Drug_Perturbations_from_GEO_down,formaldehyde 712 rat GSE7002 sample 3536,6/249,0.0394951386007914,0.1402338401420173,0,0,2.489117983963345,8.043778139892218,C3;TUBB2B;PCOLCE2;TMOD2;STMN2;SNCA,Drug_Perturbations_from_GEO_down,Fibroblasts_UP→DOWNmatch
Drug_Perturbations_from_GEO_down,rosiglitazone DB00412 rat GSE21329 sample 2845,5/187,0.0400669968458561,0.1412927819802329,0,0,2.7638771484925333,8.891951932419074,TTR;F10;SERPINF1;IGF1;PODN,Drug_Perturbations_from_GEO_down,Fibroblasts_UP→DOWNmatch
Drug_Perturbations_from_GEO_down,nicotinamide riboside 439924 mouse GSE62194 sample 3470,6/250,0.0401439789993465,0.1412927819802329,0,0,2.478789927328038,7.970010649114309,SBSPON;ANGPTL7;COL5A1;COL6A2;PLP1;THY1,Drug_Perturbations_from_GEO_down,Fibroblasts_UP→DOWNmatch
Drug_Perturbations_from_GEO_down,NICKEL 935 human GSE6281 sample 3479,7/318,0.0412351028984774,0.1445021432007515,0,0,2.272845409259784,7.246888886252237,GREM1;SRPX;APELA;ACKR4;COL6A6;COL6A5;COCH,Drug_Perturbations_from_GEO_down,Fibroblasts_UP→DOWNmatch
Drug_Perturbations_from_GEO_down,methylprednisolone 6741 rat GSE490 sample 3673,7/321,0.0430023608976593,0.1493961331185922,0,0,2.2507838025147686,7.082091820264523,COL3A1;LUM;C1R;COL5A2;PTN;CXCL14;DCN,Drug_Perturbations_from_GEO_down,Fibroblasts_UP→DOWNmatch
Drug_Perturbations_from_GEO_down,"puromycin, 2xEC50, 3 d 439530 human GSE6930 sample 3372",7/321,0.0430023608976593,0.1493961331185922,0,0,2.2507838025147686,7.082091820264523,ECM1;COL1A2;SERPINE2;SCD;OLFML3;TIMP4;LOXL1,Drug_Perturbations_from_GEO_down,Fibroblasts_UP→DOWNmatch
Drug_Perturbations_from_GEO_down,Chromium(III) nicotinate 56843898 mouse GSE4420 sample 2590,7/323,0.0442074199468783,0.1526484077979271,0,0,2.2363087820554863,6.974739893711591,CFD;CCDC80;SFRP5;PRELP;THBS2;SOD3;TIMP4,Drug_Perturbations_from_GEO_down,Fibroblasts_UP→DOWNmatch
Drug_Perturbations_from_GEO_down,phenytoin DB00252 rat GSE2880 sample 3291,8/393,0.0445066697673857,0.1526484077979271,0,0,2.1011904761904763,6.539148959379129,C3;TUBB2B;SCD;TMEM176B;STMN2;MAL;APOD;S100B,Drug_Perturbations_from_GEO_down,Fibroblasts_UP→DOWNmatch
Drug_Perturbations_from_GEO_down,formaldehyde 712 rat GSE7002 sample 3549,8/393,0.0445066697673857,0.1526484077979271,0,0,2.1011904761904763,6.539148959379129,ECM1;FNDC1;SERPINE2;PCOLCE2;TNMD;CRABP1;PENK;STMN2,Drug_Perturbations_from_GEO_down,Fibroblasts_UP→DOWNmatch
Drug_Perturbations_from_GEO_down,MLN4924 73014187 human GSE30531 sample 2647,7/327,0.0466825128653986,0.1594326498708106,0,0,2.207901554404145,6.765861820670264,SRPX;CEMIP;SERPINE2;MIA;PLP1;HAPLN1;CTHRC1,Drug_Perturbations_from_GEO_down,Fibroblasts_UP→DOWNmatch
Drug_Perturbations_from_GEO_down,Bisphenol A 6623 mouse GSE4650 sample 3574,8/398,0.0473017102826604,0.1608657320161362,0,0,2.073717948717949,6.32734650764288,COL3A1;ECM1;SFRP2;CXCL12;TMEM176B;PCOLCE;FSTL1;DCN,Drug_Perturbations_from_GEO_down,Fibroblasts_UP→DOWNmatch
Drug_Perturbations_from_GEO_down,5-aminosalicylic acid 4075 human GSE38713 sample 3195,7/331,0.049244845848273,0.1667703603096976,0,0,2.180195739781232,6.564461604680897,C3;GREM1;SFRP2;CXCL12;CPXM1;PTGDS;LOXL1,Drug_Perturbations_from_GEO_down,Fibroblasts_UP→DOWNmatch
Drug_Perturbations_from_GEO_down,dexamethasone DB01234 mouse GSE7683 sample 2712,7/332,0.0498991392794667,0.1677209979076806,0,0,2.1733758469509765,6.515240760208154,COL1A1;COMP;RCN3;COL3A1;PENK;COL9A3;CTHRC1,Drug_Perturbations_from_GEO_down,Fibroblasts_UP→DOWNmatch
Drug_Perturbations_from_GEO_down,resveratrol DB02709 human GSE41168 sample 3494,6/264,0.0499417363496815,0.1677209979076806,0,0,2.3426036921601536,7.020544849299942,OSR2;GREM2;MMP23B;COL9A3;APOD;PTGDS,Drug_Perturbations_from_GEO_down,Fibroblasts_UP→DOWNmatch
Drug_Perturbations_from_GEO_down,1-Benzylpiperazine 75994 rat GSE68785 sample 3687,7/334,0.0512242459696907,0.1713142832015382,0,0,2.159861196938727,6.418118919485591,SHC4;CEMIP;LRP1;CFH;LOX;OMD;GFRA3,Drug_Perturbations_from_GEO_down,Fibroblasts_UP→DOWNmatch
Drug_Perturbations_from_GEO_down,laminin 44342165 human GSE24716 sample 3502,6/268,0.0529886417288195,0.1764828315430931,0,0,2.3063665696073032,6.775361628952619,OSR2;COL5A2;PLP1;ABCA8;THBS2;CXCL14,Drug_Perturbations_from_GEO_down,Fibroblasts_UP→DOWNmatch
Drug_Perturbations_from_GEO_down,ubiquinol 9962735 mouse GSE15129 sample 3455,6/269,0.0537677087332,0.1783406306130009,0,0,2.2974795186390184,6.715721489088856,COL3A1;LUM;MYOT;OGN;PTGDS;CORIN,Drug_Perturbations_from_GEO_down,Fibroblasts_UP→DOWNmatch
Drug_Perturbations_from_GEO_down,bleomycin DB00290 mouse GSE2640 sample 2851,6/271,0.0553466988177663,0.1828255706849168,0,0,2.279906632950788,6.59836502377073,CFD;GREM2;PCOLCE2;OGN;DPEP1;DCN,Drug_Perturbations_from_GEO_down,Fibroblasts_UP→DOWNmatch
Drug_Perturbations_from_GEO_down,cisplatin DB00515 human GSE47856 sample 3154,5/206,0.0563388151548581,0.1853432041421047,0,0,2.5001913509376195,7.19147926394311,CADM3;CCDC80;SLC22A16;MMP2;SLIT3,Drug_Perturbations_from_GEO_down,Fibroblasts_UP→DOWNmatch
Drug_Perturbations_from_GEO_down,quercetin 5280343 human GSE7259 sample 3416,6/273,0.0569535342565841,0.1858483749425377,0,0,2.262597011467624,6.48351592957586,C3;DPP4;TTR;COL5A2;GPC3;CES1,Drug_Perturbations_from_GEO_down,Fibroblasts_UP→DOWNmatch
Drug_Perturbations_from_GEO_down,All-trans retinoic acid DB00755 mouse GSE31280 sample 2460,6/273,0.0569535342565841,0.1858483749425377,0,0,2.262597011467624,6.48351592957586,APELA;SFRP2;PCOLCE2;PENK;FSTL1;PDGFRL,Drug_Perturbations_from_GEO_down,Fibroblasts_UP→DOWNmatch
Drug_Perturbations_from_GEO_down,MLN4924 73014187 human GSE30531 sample 2646,7/343,0.0574614648706082,0.1867497608294766,0,0,2.101036269430052,6.001905786685476,SRPX;CEMIP;MIA;PLP1;SLITRK6;SOX10;HAPLN1,Drug_Perturbations_from_GEO_down,Fibroblasts_UP→DOWNmatch
Drug_Perturbations_from_GEO_down,PRISTANE 15979 mouse GSE17297 sample 3230,6/275,0.0585882525649719,0.1888885262694696,0,0,2.2455447821254744,6.371106970979786,CFD;GDF10;PENK;DPT;PRELP;TIMP4,Drug_Perturbations_from_GEO_down,Fibroblasts_UP→DOWNmatch
Drug_Perturbations_from_GEO_down,Laccaic Acid 5355255 human GSE45804 sample 2490,6/275,0.0585882525649719,0.1888885262694696,0,0,2.2455447821254744,6.371106970979786,PCSK2;EFEMP1;MME;DIO2;L1CAM;WISP2,Drug_Perturbations_from_GEO_down,Fibroblasts_UP→DOWNmatch
Drug_Perturbations_from_GEO_down,quercetin DB04216 mouse GSE4262 sample 3434,6/276,0.0594160772593533,0.1907561015158463,0,0,2.237113402061856,6.315797143731015,CFD;SERPINE2;CFH;MYOC;ACKR4;SUGCT,Drug_Perturbations_from_GEO_down,Fibroblasts_UP→DOWNmatch
Drug_Perturbations_from_GEO_down,Mercury 23931 human GSE6907 sample 3533,7/346,0.059640865486344,0.1907561015158463,0,0,2.082122059700124,5.870364662298576,C3;DPP4;TTR;F10;SCD;SERPINF1;GPC3,Drug_Perturbations_from_GEO_down,Fibroblasts_UP→DOWNmatch
Drug_Perturbations_from_GEO_down,morphine 5288826 mouse GSE7762 sample 3490,6/277,0.0602508830083559,0.1919455008092288,0,0,2.228744246205349,6.26107314233928,SOX2;TUBB2B;TTR;PLP1;PMP2;MT3,Drug_Perturbations_from_GEO_down,Fibroblasts_UP→DOWNmatch
Drug_Perturbations_from_GEO_down,fenretinide DB05076 human GSE17480 sample 2529,7/350,0.0626251952265541,0.1987240446952859,0,0,2.0574177857671567,5.7002562097755565,CFD;PDGFRA;LUM;AEBP1;FMOD;FSTL1;CTHRC1,Drug_Perturbations_from_GEO_down,Fibroblasts_UP→DOWNmatch
Drug_Perturbations_from_GEO_down,tamoxifen DB00675 human GSE28645 sample 2496,5/214,0.0641777580996933,0.2028520510915798,0,0,2.4035087719298245,6.60027201445728,APELA;OLFML3;SLITRK6;SHISA3;PDGFRL,Drug_Perturbations_from_GEO_down,Fibroblasts_UP→DOWNmatch
Drug_Perturbations_from_GEO_down,medroxyprogesterone acetate DB00603 mouse GSE10392 sample 2779,6/282,0.0645296929392971,0.2031677051135682,0,0,2.187808157776782,5.995972245839338,CFD;C3;TUBB2B;SFRP2;PCOLCE2;MAL,Drug_Perturbations_from_GEO_down,Fibroblasts_UP→DOWNmatch
Drug_Perturbations_from_GEO_down,"3H-1,2-Dithiole-3-thione 68296 rat GSE3173 sample 3593",8/426,0.0650643770297973,0.2035427497566643,0,0,1.9320175438596487,5.279002393550922,C3;COL3A1;F10;C1S;C1R;SERPING1;IGF1;CP,Drug_Perturbations_from_GEO_down,Fibroblasts_UP→DOWNmatch
Drug_Perturbations_from_GEO_down,Retinoic acid 444795 human GSE54464 sample 3139,5/215,0.0651987051314957,0.2035427497566643,0,0,2.391941391941392,6.530755064601139,SOX2;CCDC80;LOX;GPC3;MAL,Drug_Perturbations_from_GEO_down,Fibroblasts_UP→DOWNmatch
Drug_Perturbations_from_GEO_down,PLX4032 DB05238 human GSE24862 sample 2566,6/283,0.0654064171054293,0.2035427497566643,0,0,2.1797982805463545,5.944603975547643,CEMIP;WIF1;COL11A1;PMP2;IGF1;CES1,Drug_Perturbations_from_GEO_down,Fibroblasts_UP→DOWNmatch
Drug_Perturbations_from_GEO_down,metformin DB00331 mouse GSE35961 sample 3308,6/286,0.0680785064522403,0.2106077071935236,0,0,2.156111929307805,5.793674853074412,COL3A1;TTR;LUM;UGT3A2;IGF1;DCN,Drug_Perturbations_from_GEO_down,Fibroblasts_UP→DOWNmatch
Drug_Perturbations_from_GEO_down,haloperidol 3559 mouse GSE6511 sample 2471,5/218,0.0683161109150279,0.2106077071935236,0,0,2.357890935355724,6.32765888113251,SOX2;HTRA1;L1CAM;CP;MT3,Drug_Perturbations_from_GEO_down,Fibroblasts_UP→DOWNmatch
Drug_Perturbations_from_GEO_down,NICKEL CHLORIDE 24385 rat GSE31503 sample 3279,7/358,0.068863786483117,0.2106077071935236,0,0,2.009698419024844,5.37719899969075,COL3A1;TTR;F10;C1S;OLFML3;ACKR4;CP,Drug_Perturbations_from_GEO_down,Fibroblasts_UP→DOWNmatch
Drug_Perturbations_from_GEO_down,ascorbic acid 54670067 human GSE11919 sample 3190,6/287,0.0689831696018489,0.2106077071935236,0,0,2.148328869648164,5.744400931059263,VCAN;SERPINE2;LINC00968;STC2;ITGBL1;FBN1,Drug_Perturbations_from_GEO_down,Fibroblasts_UP→DOWNmatch
Drug_Perturbations_from_GEO_down,CADMIUM 23973 human GSE9951 sample 3404,6/287,0.0689831696018489,0.2106077071935236,0,0,2.148328869648164,5.744400931059263,C3;VCAN;C1R;HTRA1;FBLN2;FBLN5,Drug_Perturbations_from_GEO_down,Fibroblasts_UP→DOWNmatch
Drug_Perturbations_from_GEO_down,resveratrol DB02709 human GSE32357 sample 3499,7/360,0.0704797848648272,0.2143649305700029,0,0,1.9981065331943813,5.299836412647013,SCARA5;SCD;SLIT3;IQGAP2;S100B;CP;CES1,Drug_Perturbations_from_GEO_down,Fibroblasts_UP→DOWNmatch
Drug_Perturbations_from_GEO_down,isoflurane 3763 rat GSE6433 sample 3653,6/290,0.0717390216885844,0.2165604924381988,0,0,2.1253085523449977,5.599593892403417,NGFR;PENK;PLP1;PTN;PTGDS;MT3,Drug_Perturbations_from_GEO_down,Fibroblasts_UP→DOWNmatch
Drug_Perturbations_from_GEO_down,methamphetamine 10836 mouse GSE30305 sample 2621,6/290,0.0717390216885844,0.2165604924381988,0,0,2.1253085523449977,5.599593892403417,SOX2;TTR;TNMD;HSPB3;S100B;COCH,Drug_Perturbations_from_GEO_down,Fibroblasts_UP→DOWNmatch
Drug_Perturbations_from_GEO_down,morphine 5288826 mouse GSE7762 sample 3493,7/363,0.0729460809835315,0.2193826166892776,0,0,1.980962915526576,5.186229706558708,SOX2;TUBB2B;PENK;STMN2;PLP1;SCG2;COCH,Drug_Perturbations_from_GEO_down,Fibroblasts_UP→DOWNmatch
Drug_Perturbations_from_GEO_down,Insulin 3989 human GSE22309 sample 3370,6/292,0.0736111040258869,0.2197427772032032,0,0,2.1102299762093577,5.505504321430244,COL3A1;COL1A2;LUM;ABCA8;FSTL1;FBN1,Drug_Perturbations_from_GEO_down,Fibroblasts_UP→DOWNmatch
Drug_Perturbations_from_GEO_down,Perfluorooctanoic Acid 9554 mouse GSE13044 sample 3517,6/292,0.0736111040258869,0.2197427772032032,0,0,2.1102299762093577,5.505504321430244,COL3A1;ECM1;SMIM5;ENTPD2;EFEMP1;GPC3,Drug_Perturbations_from_GEO_down,Fibroblasts_UP→DOWNmatch
Drug_Perturbations_from_GEO_down,soman 7305 rat GSE13428 sample 2638,4/159,0.075699453982716,0.2251430254984102,0,0,2.586570111915734,6.675896931115287,GDF10;CXCL12;TMEM176B;TMEM119,Drug_Perturbations_from_GEO_down,Fibroblasts_UP→DOWNmatch
Drug_Perturbations_from_GEO_down,"1,2,4-BENZENETRIOL 10787 human GSE7664 sample 3535",5/226,0.0770270639548874,0.2269658548562649,0,0,2.2716092354101405,5.823493889800596,CFD;C3;SERPINF1;HTRA1;COL9A3,Drug_Perturbations_from_GEO_down,Fibroblasts_UP→DOWNmatch
Drug_Perturbations_from_GEO_down,PLX4720 24180719 human GSE34299 sample 3243,6/296,0.0774387221904129,0.2269658548562649,0,0,2.0806967650195523,5.322980652411488,SBSPON;CFH;SCD;COL9A3;LOXL1;CES1,Drug_Perturbations_from_GEO_down,Fibroblasts_UP→DOWNmatch
Drug_Perturbations_from_GEO_down,aminolevulinic acid DB00855 human GSE8920 sample 2575,6/296,0.0774387221904129,0.2269658548562649,0,0,2.0806967650195523,5.322980652411488,PCSK2;PDGFRA;LOX;NTM;CRABP1;CHRDL1,Drug_Perturbations_from_GEO_down,Fibroblasts_UP→DOWNmatch
Drug_Perturbations_from_GEO_down,doxorubicin DB00997 human GSE24460 sample 2533,6/296,0.0774387221904129,0.2269658548562649,0,0,2.0806967650195523,5.322980652411488,OSR2;CXCL12;SCD;IGSF1;STC2;WISP2,Drug_Perturbations_from_GEO_down,Fibroblasts_UP→DOWNmatch
Drug_Perturbations_from_GEO_down,N-NITROSODIMETHYLAMINE 6124 rat GSE5509 sample 3569,6/298,0.0793941562444897,0.2318539490328215,0,0,2.066233582827284,5.234452581067133,COL3A1;ECM1;TTR;LRP1;SERPINF1;DPT,Drug_Perturbations_from_GEO_down,Fibroblasts_UP→DOWNmatch
Drug_Perturbations_from_GEO_down,1-Naphthyl isothiocyanate 11080 rat GSE5509 sample 3568,6/299,0.0803822534446577,0.2338920443191123,0,0,2.059076035325991,5.190852142551864,COL3A1;ECM1;CXCL12;TTR;DPT;IGF1,Drug_Perturbations_from_GEO_down,Fibroblasts_UP→DOWNmatch
Drug_Perturbations_from_GEO_down,phenytoin 1775 rat GSE2880 sample 3034,4/163,0.081229738345964,0.2350898609493394,0,0,2.520985752791683,6.328868841567284,STMN2;THY1;MT3;GPM6B,Drug_Perturbations_from_GEO_down,Fibroblasts_UP→DOWNmatch
Drug_Perturbations_from_GEO_down,Heregulin 56310950 human GSE22288 sample 3215,6/300,0.0813772595593867,0.2350898609493394,0,0,2.051967178624027,5.147686774941377,SERPINE2;SCD;MMP2;SLITRK6;PLAT;FBN1,Drug_Perturbations_from_GEO_down,Fibroblasts_UP→DOWNmatch
Drug_Perturbations_from_GEO_down,phorbol ester 12-O-tetradecanoylphorbol-13-acetate (TPA) 27924 mouse GSE40849 sample 3256,6/304,0.0854261861953209,0.2459053788336737,0,0,2.024008856292811,4.97926944020968,GREM1;CEMIP;CXCL12;CPXM1;SOD3;COCH,Drug_Perturbations_from_GEO_down,Fibroblasts_UP→DOWNmatch
Drug_Perturbations_from_GEO_down,celecoxib DB00482 human GSE11237 sample 3296,7/379,0.0869556201439078,0.249417188028433,0,0,1.8942002339963229,4.626313965720028,CFD;C1QTNF3;SERPINF1;PLA2G2A;DPT;APOD;THBS4,Drug_Perturbations_from_GEO_down,Fibroblasts_UP→DOWNmatch
Drug_Perturbations_from_GEO_down,TRICHLOROETHYLENE 6575 mouse GSE24278 sample 3317,6/306,0.0874918468375163,0.2500653494717666,0,0,2.0103092783505154,4.897534901517152,CPB1;CFH;SCARA5;OMD;UGT3A2;CXCL14,Drug_Perturbations_from_GEO_down,Fibroblasts_UP→DOWNmatch
Drug_Perturbations_from_GEO_down,ubiquinol 9962735 mouse GSE15129 sample 3451,7/381,0.088807795150578,0.2529296215242611,0,0,1.8838768668089,4.561394980626744,PCSK2;MEG3;PENK;PLP1;THY1;L1CAM;MT3,Drug_Perturbations_from_GEO_down,Fibroblasts_UP→DOWNmatch
Drug_Perturbations_from_GEO_down,doxycycline DB00254 human GSE41035 sample 3041,6/308,0.0895848515837385,0.254244332311596,0,0,1.9967911517716936,4.817396512989893,CCDC80;CTSK;COL6A2;IQGAP2;COCH;CTHRC1,Drug_Perturbations_from_GEO_down,Fibroblasts_UP→DOWNmatch
Drug_Perturbations_from_GEO_down,deltamethrin 40585 rat GSE7955 sample 3419,6/310,0.0917051006651356,0.2593484601266642,0,0,1.983450895279436,4.738815810779813,COL1A1;DIRAS3;TTR;NRXN1;DIO2;CPXM1,Drug_Perturbations_from_GEO_down,Fibroblasts_UP→DOWNmatch
Drug_Perturbations_from_GEO_down,PLX4032 DB05238 human GSE54711 sample 2556,6/311,0.092775408687069,0.2605469665567165,0,0,1.976846374852121,4.700097884360987,C1QTNF3;ECM1;CEMIP;SOD3;HAPLN1;CTHRC1,Drug_Perturbations_from_GEO_down,Fibroblasts_UP→DOWNmatch
Drug_Perturbations_from_GEO_down,TRICHLOROETHYLENE 6575 mouse GSE24278 sample 3320,6/311,0.092775408687069,0.2605469665567165,0,0,1.976846374852121,4.700097884360987,PTGFR;SERPINE2;MYOT;COL5A2;DKK2;CORIN,Drug_Perturbations_from_GEO_down,Fibroblasts_UP→DOWNmatch
Drug_Perturbations_from_GEO_down,NICKEL 935 human GSE6907 sample 3531,6/312,0.0938524871255974,0.2626566132751095,0,0,1.970285021224985,4.661755469059188,C3;DPP4;TTR;SCD;SERPINF1;GPC3,Drug_Perturbations_from_GEO_down,Fibroblasts_UP→DOWNmatch
Drug_Perturbations_from_GEO_down,vitamin c DB00126 mouse GSE32994 sample 3510,5/241,0.0948925115353921,0.2646483193686022,0,0,2.125597566275532,5.0058045565004585,GABRA2;C1QTNF3;STC2;FIBIN;GPC3,Drug_Perturbations_from_GEO_down,Fibroblasts_UP→DOWNmatch
Drug_Perturbations_from_GEO_down,formoterol DB00983 human GSE30242 sample 2631,6/315,0.0971241979191309,0.2699382880097226,0,0,1.950855770193174,4.548936675446753,CEMIP;LOX;ADH1B;ELN;DIO3;HSPB3,Drug_Perturbations_from_GEO_down,Fibroblasts_UP→DOWNmatch
Drug_Perturbations_from_GEO_down,carboplatin (30 h) 10339178 human GSE13525 sample 3031,4/177,0.1020925756941271,0.2825429428111729,0,0,2.315323817388227,5.283280166676908,CCDC80;COL5A1;SCD;SUGCT,Drug_Perturbations_from_GEO_down,Fibroblasts_UP→DOWNmatch
Drug_Perturbations_from_GEO_down,isoflurane DB00753 rat GSE1779 sample 2770,5/247,0.1025834691245918,0.2825429428111729,0,0,2.0722610722610724,4.71870109024573,TTR;NEGR1;TTYH1;THY1;PTGDS,Drug_Perturbations_from_GEO_down,Fibroblasts_UP→DOWNmatch
Drug_Perturbations_from_GEO_down,quercetin DB04216 mouse GSE38141 sample 3435,6/320,0.1027110201534412,0.2825429428111729,0,0,1.919298706415392,4.368008828803376,C3;COL3A1;CXCL12;UGT3A2;IGF1;IQGAP2,Drug_Perturbations_from_GEO_down,Fibroblasts_UP→DOWNmatch
Drug_Perturbations_from_GEO_down,carboplatin DB00958 human GSE49577 sample 3176,6/321,0.1038483284859173,0.2837347551174554,0,0,1.9131075110456557,4.332851469377306,COMP;CEMIP;CRABP1;PTN;PTGDS;SUGCT,Drug_Perturbations_from_GEO_down,Fibroblasts_UP→DOWNmatch
Drug_Perturbations_from_GEO_down,rosiglitazone 77999 rat GSE5509 sample 3567,6/321,0.1038483284859173,0.2837347551174554,0,0,1.9131075110456557,4.332851469377306,C3;COL3A1;ECM1;TTR;LRP1;SOD3,Drug_Perturbations_from_GEO_down,Fibroblasts_UP→DOWNmatch
Drug_Perturbations_from_GEO_down,etanercept DB00005 human GSE41663 sample 2605,6/322,0.1049922429918326,0.2858910400385713,0,0,1.90695550045674,4.298027520383771,C3;APELA;SCD;PLA2G2A;COL6A6;PLAT,Drug_Perturbations_from_GEO_down,Fibroblasts_UP→DOWNmatch
Drug_Perturbations_from_GEO_down,MT19c compound SID 134222379 human GSE23616 sample 3353,6/324,0.1072998150835704,0.2911907439641675,0,0,1.8947675549503988,4.229364381192308,DPP4;VCAN;MXRA8;HTRA1;MAL;LOXL1,Drug_Perturbations_from_GEO_down,Fibroblasts_UP→DOWNmatch
Drug_Perturbations_from_GEO_down,levetiracetam DB01202 rat GSE2880 sample 2777,4/181,0.1084665627700259,0.2924712631290515,0,0,2.262538913870633,5.025807850682479,PTN;S100B;GPM6B;SNCA,Drug_Perturbations_from_GEO_down,Fibroblasts_UP→DOWNmatch
Drug_Perturbations_from_GEO_down,acrylamide 6579 rat GSE29004 sample 3131,5/252,0.1092231392082438,0.2924712631290515,0,0,2.0297934184573863,4.4946981050440815,GDF10;TTR;PLP1;THY1;MT3,Drug_Perturbations_from_GEO_down,Fibroblasts_UP→DOWNmatch
Drug_Perturbations_from_GEO_down,menadione DB00170 mouse GSE23725 sample 2780,5/252,0.1092231392082438,0.2924712631290515,0,0,2.0297934184573863,4.4946981050440815,SFRP4;SFRP2;MMP2;PENK;CPXM1,Drug_Perturbations_from_GEO_down,Fibroblasts_UP→DOWNmatch
Drug_Perturbations_from_GEO_down,Cholestyramine DB01432 human GSE11223 sample 3294,5/252,0.1092231392082438,0.2924712631290515,0,0,2.0297934184573863,4.4946981050440815,SLITRK6;HSPB3;IQGAP2;S100B;SCG2,Drug_Perturbations_from_GEO_down,Fibroblasts_UP→DOWNmatch
Drug_Perturbations_from_GEO_down,troglitazone DB00197 rat GSE21329 sample 2834,7/402,0.1095908445129422,0.292484174428581,0,0,1.7817931396340263,3.93954720361267,COL1A1;COL3A1;COL1A2;FMOD;DCN;THBS4;TRDN,Drug_Perturbations_from_GEO_down,Fibroblasts_UP→DOWNmatch
Drug_Perturbations_from_GEO_down,Celecoxib DB00482 human GSE54657 sample 2501,5/253,0.110575804108396,0.2931713753663396,0,0,2.021505376344086,4.45146396602035,CCDC80;OGN;PLAT;IGF1;L1CAM,Drug_Perturbations_from_GEO_down,Fibroblasts_UP→DOWNmatch
Drug_Perturbations_from_GEO_down,bexarotene DB00307 human GSE12791 sample 2681,5/253,0.110575804108396,0.2931713753663396,0,0,2.021505376344086,4.45146396602035,SRPX;SCD;HTRA1;PLAT;FSTL1,Drug_Perturbations_from_GEO_down,Fibroblasts_UP→DOWNmatch
Drug_Perturbations_from_GEO_down,doxycycline DB00254 human GSE41035 sample 3040,5/255,0.1133055685118822,0.2994238958051707,0,0,2.005128205128205,4.3665014504354165,TNFSF18;COL5A1;SCD;CERCAM;GAS1,Drug_Perturbations_from_GEO_down,Fibroblasts_UP→DOWNmatch
Drug_Perturbations_from_GEO_down,cyclophosphamide 2907 mouse GSE2254 sample 3628,5/256,0.1146825912750121,0.3020724462995417,0,0,1.9970374910613955,4.324758514071325,PCSK2;TTR;TMEM176B;TMEM119;SCG2,Drug_Perturbations_from_GEO_down,Fibroblasts_UP→DOWNmatch
Drug_Perturbations_from_GEO_down,Retinoic acid 444795 mouse GSE1588 sample 3634,5/259,0.1188617494746146,0.3120604888486624,0,0,1.973147587320816,4.202398347141157,SOX2;VCAN;COL1A2;COL5A2;GPC3,Drug_Perturbations_from_GEO_down,Fibroblasts_UP→DOWNmatch
Drug_Perturbations_from_GEO_down,Perfluorooctanoic Acid 9554 mouse GSE13044 sample 3521,6/335,0.1204552149021735,0.3152172182180254,0,0,1.8303826027010937,3.873963147840723,COL3A1;ECM1;CFH;GPC3;UGT3A2;PCOLCE,Drug_Perturbations_from_GEO_down,Fibroblasts_UP→DOWNmatch
Drug_Perturbations_from_GEO_down,TRICHLOROETHYLENE 6575 mouse GSE24278 sample 3310,5/262,0.123112189901897,0.3200916937449324,0,0,1.949815424523596,4.084198868576933,GREM2;TNXB;MYOT;OMD;SOD3,Drug_Perturbations_from_GEO_down,Fibroblasts_UP→DOWNmatch
Drug_Perturbations_from_GEO_down,etanercept DB00005 human GSE11903 sample 2607,5/262,0.123112189901897,0.3200916937449324,0,0,1.949815424523596,4.084198868576933,COMP;MFAP5;GREM1;PLA2G2A;PLAT,Drug_Perturbations_from_GEO_down,Fibroblasts_UP→DOWNmatch
Drug_Perturbations_from_GEO_down,Bisphenol A 6623 mouse GSE4650 sample 3573,7/415,0.123651631872596,0.3204604993225478,0,0,1.7238646754038405,3.60337207174552,ECM1;SFRP2;CXCL12;TMEM176B;PCOLCE;FSTL1;DCN,Drug_Perturbations_from_GEO_down,Fibroblasts_UP→DOWNmatch
Drug_Perturbations_from_GEO_down,NICKEL CHLORIDE 24385 rat GSE31503 sample 3278,6/342,0.129226055143806,0.3338339757881656,0,0,1.7916053019145803,3.6659685125542594,COL3A1;TTR;C1S;TMEM176B;ACKR4;SERPING1,Drug_Perturbations_from_GEO_down,Fibroblasts_UP→DOWNmatch
Drug_Perturbations_from_GEO_down,Capsaicin 1548943 rat GSE59727 sample 3693,6/343,0.1305037634332322,0.3360576144638505,0,0,1.7861971917158677,3.637328392306954,PCSK2;TUBB2B;FNDC1;NRXN1;THY1;GFRA3,Drug_Perturbations_from_GEO_down,Fibroblasts_UP→DOWNmatch
Drug_Perturbations_from_GEO_down,rosiglitazone 77999 mouse GSE36875 sample 3100,6/344,0.1317875761904254,0.3372978133739331,0,0,1.7808210821692183,3.6089477601307816,CFD;TTR;GPC3;SLITRK6;COL6A6;SCG2,Drug_Perturbations_from_GEO_down,Fibroblasts_UP→DOWNmatch
Drug_Perturbations_from_GEO_down,Sodium dichromate 25408 rat GSE31503 sample 3285,5/268,0.1318223464178523,0.3372978133739331,0,0,1.904747976991323,3.8595910607285817,TTR;F10;ACKR4;SERPING1;CP,Drug_Perturbations_from_GEO_down,Fibroblasts_UP→DOWNmatch
Drug_Perturbations_from_GEO_down,quercetin DB04216 mouse GSE38136 sample 3438,6/346,0.1343734068775022,0.3417323379830038,0,0,1.7701637355973316,3.552953581736953,C3;F10;SERPINF1;SERPING1;IGF1;CP,Drug_Perturbations_from_GEO_down,Fibroblasts_UP→DOWNmatch
Drug_Perturbations_from_GEO_down,doxycycline DB00254 human GSE2624 sample 3074,7/425,0.1350670639599442,0.3417323379830038,0,0,1.6817562039814562,3.3668487664315654,COL1A1;MEG3;COL3A1;SERPINE2;COL11A1;SOD3;FBN1,Drug_Perturbations_from_GEO_down,Fibroblasts_UP→DOWNmatch
Drug_Perturbations_from_GEO_down,Retinoic acid 444795 mouse GSE1588 sample 3631,6/347,0.1356753699188104,0.3417323379830038,0,0,1.7648819421350184,3.52533444098254,COL1A1;VCAN;COL1A2;COL5A2;GPC3;FSTL1,Drug_Perturbations_from_GEO_down,Fibroblasts_UP→DOWNmatch
Drug_Perturbations_from_GEO_down,MLN4924 73014187 human GSE30531 sample 2645,6/347,0.1356753699188104,0.3417323379830038,0,0,1.7648819421350184,3.52533444098254,SRPX;COL5A2;SLITRK6;COL9A3;SOX10;HAPLN1,Drug_Perturbations_from_GEO_down,Fibroblasts_UP→DOWNmatch
Drug_Perturbations_from_GEO_down,etanercept DB00005 human GSE11903 sample 2610,6/347,0.1356753699188104,0.3417323379830038,0,0,1.7648819421350184,3.52533444098254,GREM1;CEMIP;SCD;PLA2G2A;DIO2;PLAT,Drug_Perturbations_from_GEO_down,Fibroblasts_UP→DOWNmatch
Drug_Perturbations_from_GEO_down,"puromycin, EC50, 1 d 439530 human GSE6930 sample 3268",6/349,0.1382972516748734,0.3472510431462554,0,0,1.754410748098945,3.470838350355375,ECM1;COL1A2;SERPINE2;SCD;OLFML3;LOXL1,Drug_Perturbations_from_GEO_down,Fibroblasts_UP→DOWNmatch
Drug_Perturbations_from_GEO_down,1-Piperonylpiperazine 94426 rat GSE68785 sample 3690,6/353,0.1436120354244013,0.3594760886710169,0,0,1.7338304762470662,3.3647404524676885,SHC4;GREM2;CEMIP;LRP1;F10;LOX,Drug_Perturbations_from_GEO_down,Fibroblasts_UP→DOWNmatch
Drug_Perturbations_from_GEO_down,quercetin DB04216 mouse GSE4262 sample 3433,5/277,0.1453925785438436,0.3628062486264334,0,0,1.8408748114630469,3.549791587058308,CFD;MFAP4;MME;FBLN1;FBLN5,Drug_Perturbations_from_GEO_down,Fibroblasts_UP→DOWNmatch
Drug_Perturbations_from_GEO_down,Insulin 3989 human GSE22309 sample 3368,4/203,0.1465136299892268,0.3644752647262865,0,0,2.010152804840529,3.860773485543645,TUBB2B;EFEMP1;COL9A3;THBS4,Drug_Perturbations_from_GEO_down,Fibroblasts_UP→DOWNmatch
Drug_Perturbations_from_GEO_down,trastuzumab DB00072 human GSE31432 sample 3123,5/280,0.1500455455842469,0.3718138265725763,0,0,1.8205128205128205,3.453178562973528,MFAP5;VCAN;SERPINE2;SCD;FSTL1,Drug_Perturbations_from_GEO_down,Fibroblasts_UP→DOWNmatch
Drug_Perturbations_from_GEO_down,"puromycin, EC50, 3 d 439530 human GSE6930 sample 3269",6/358,0.1503862375467244,0.3718138265725763,0,0,1.708762886597938,3.237333954040164,ECM1;COL1A2;SERPINE2;SCD;OLFML3;LOXL1,Drug_Perturbations_from_GEO_down,Fibroblasts_UP→DOWNmatch
Drug_Perturbations_from_GEO_down,ARSENIC 5359596 human GSE6907 sample 3529,4/206,0.1520630545256011,0.37480985305087,0,0,1.9799959587795517,3.72924321178742,DPP4;TTR;SCD;SERPINF1,Drug_Perturbations_from_GEO_down,Fibroblasts_UP→DOWNmatch
Drug_Perturbations_from_GEO_down,carboplatin (24 h) 10339178 human GSE13525 sample 3030,5/283,0.1547610630287284,0.380297002442546,0,0,1.8005902969931746,3.3596726036690296,CTSK;COL6A6;WISP2;SUGCT;CTHRC1,Drug_Perturbations_from_GEO_down,Fibroblasts_UP→DOWNmatch
Drug_Perturbations_from_GEO_down,cisplatin DB00515 human GSE47856 sample 3146,4/208,0.1558067839928103,0.3817029419398332,0,0,1.9603841536614648,3.644625857831792,CEMIP;SERPINE2;CXCL14;SUGCT,Drug_Perturbations_from_GEO_down,Fibroblasts_UP→DOWNmatch
Drug_Perturbations_from_GEO_down,methylprednisolone 6741 rat GSE490 sample 3663,6/363,0.1573020980349354,0.3834297612996405,0,0,1.6843974703283375,3.1154398849674263,COL1A1;MYOC;SCD;PCOLCE;CXCL14;LOXL1,Drug_Perturbations_from_GEO_down,Fibroblasts_UP→DOWNmatch
Drug_Perturbations_from_GEO_down,diclofenac DB00586 human GSE39192 sample 3056,5/285,0.1579388098653606,0.3834297612996405,0,0,1.7875457875457876,3.299000838632109,COL1A1;C1QTNF3;CEMIP;TNMD;PLA2G2A,Drug_Perturbations_from_GEO_down,Fibroblasts_UP→DOWNmatch
Drug_Perturbations_from_GEO_down,etanercept DB00005 human GSE47751 sample 2594,5/285,0.1579388098653606,0.3834297612996405,0,0,1.7875457875457876,3.299000838632109,DIRAS3;APELA;COL6A6;PLAT;COL6A5,Drug_Perturbations_from_GEO_down,Fibroblasts_UP→DOWNmatch
Drug_Perturbations_from_GEO_down,heroin 5462328 mouse GSE30305 sample 2622,6/367,0.1629340909056975,0.3943690008107874,0,0,1.6653910957534912,3.021701442368815,TTR;COL5A1;DIO2;HSPB3;S100B;GPM6B,Drug_Perturbations_from_GEO_down,Fibroblasts_UP→DOWNmatch
Drug_Perturbations_from_GEO_down,atorvastatin DB01076 human GSE11393 sample 3401,5/289,0.1643741897691629,0.3954793938923741,0,0,1.762007945106537,3.181498822565619,MME;OLFML3;TMEM176B;APOD;PTGDS,Drug_Perturbations_from_GEO_down,Fibroblasts_UP→DOWNmatch
Drug_Perturbations_from_GEO_down,irinotecan DB00762 rat GSE11722 sample 2767,5/289,0.1643741897691629,0.3954793938923741,0,0,1.762007945106537,3.181498822565619,PDGFRA;CFH;LOX;PLA2G2A;SERPING1,Drug_Perturbations_from_GEO_down,Fibroblasts_UP→DOWNmatch
Drug_Perturbations_from_GEO_down,"puromycin, EC50, 5 d 439530 human GSE6930 sample 3270",6/372,0.1700947200567875,0.4078780814276167,0,0,1.6422173398681763,2.909023500723887,ECM1;COL1A2;OLFML3;SERPINF1;MMP2;LOXL1,Drug_Perturbations_from_GEO_down,Fibroblasts_UP→DOWNmatch
Drug_Perturbations_from_GEO_down,methylprednisolone 6741 rat GSE490 sample 3666,5/293,0.1709132457709901,0.4078780814276167,0,0,1.7371794871794872,3.068899867795792,SERPINE2;MYOC;CXCL14;LOXL1;DCN,Drug_Perturbations_from_GEO_down,Fibroblasts_UP→DOWNmatch
Drug_Perturbations_from_GEO_down,cyclophosphamide 2907 mouse GSE2254 sample 3627,4/216,0.1711183244038166,0.4078780814276167,0,0,1.8856372737774356,3.3289040548034623,COL3A1;TTR;SCG2;MT3,Drug_Perturbations_from_GEO_down,Fibroblasts_UP→DOWNmatch
Drug_Perturbations_from_GEO_down,Retinoic acid 444795 mouse GSE1588 sample 3633,5/294,0.1725638036809147,0.4078780814276167,0,0,1.7310797622216307,3.041486775182028,SOX2;VCAN;COL1A2;SERPINE2;COL5A2,Drug_Perturbations_from_GEO_down,Fibroblasts_UP→DOWNmatch
Drug_Perturbations_from_GEO_down,Mehp 20393 rat GSE4514 sample 3580,5/294,0.1725638036809147,0.4078780814276167,0,0,1.7310797622216307,3.041486775182028,COL1A2;SCARA5;TTYH1;IGF1;MT3,Drug_Perturbations_from_GEO_down,Fibroblasts_UP→DOWNmatch
Drug_Perturbations_from_GEO_down,morphine DB00295 human GSE7762 sample 3288,5/294,0.1725638036809147,0.4078780814276167,0,0,1.7310797622216307,3.041486775182028,TTR;PENK;PLP1;MT3;GPM6B,Drug_Perturbations_from_GEO_down,Fibroblasts_UP→DOWNmatch
Drug_Perturbations_from_GEO_down,levetiracetam 5284583 rat GSE2880 sample 2671,5/297,0.1775525042680905,0.418442451579184,0,0,1.7130312609764664,2.9609555458398797,SERPINE2;MAL;S100B;MT3;SNCA,Drug_Perturbations_from_GEO_down,Fibroblasts_UP→DOWNmatch
Drug_Perturbations_from_GEO_down,Colorectal Adenocarcinoma DB00482 human GSE11237 sample 2458,5/299,0.1809086047513046,0.4251088496488383,0,0,1.7012035583464156,2.9086554462447047,CFD;C1QTNF3;DIO3;THBS4;CES1,Drug_Perturbations_from_GEO_down,Fibroblasts_UP→DOWNmatch
Drug_Perturbations_from_GEO_down,"2,3,7,8-tetrachlorodibenzo-p-dioxin (TCDD) 15625 human GSE16160 sample 3426",5/301,0.1842884221400834,0.4317920588514746,0,0,1.6895356895356894,2.8574327039648835,GDF10;SRPX;OSR2;SOD3;ELANE,Drug_Perturbations_from_GEO_down,Fibroblasts_UP→DOWNmatch
Drug_Perturbations_from_GEO_down,NICKEL CHLORIDE 24385 rat GSE31503 sample 3280,5/305,0.191117394102515,0.4464945497003685,0,0,1.6666666666666667,2.7581123515557566,PLAC9;COL3A1;F10;OLFML3;ACKR4,Drug_Perturbations_from_GEO_down,Fibroblasts_UP→DOWNmatch
Drug_Perturbations_from_GEO_down,Cigarette Smoke 57288536 human GSE8823 sample 2478,5/309,0.1980357601932958,0.4596347289270282,0,0,1.6443994601889338,2.662788637968579,CFD;PCOLCE2;C1S;SERPING1;CES1,Drug_Perturbations_from_GEO_down,Fibroblasts_UP→DOWNmatch
Drug_Perturbations_from_GEO_down,pertuzumab DB06366 human GSE31432 sample 3124,5/309,0.1980357601932958,0.4596347289270282,0,0,1.6443994601889338,2.662788637968579,MFAP5;VCAN;SERPINE2;SCD;HTRA1,Drug_Perturbations_from_GEO_down,Fibroblasts_UP→DOWNmatch
Drug_Perturbations_from_GEO_down,doxycycline DB00254 human GSE2624 sample 3077,6/391,0.1984527117451685,0.4596347289270282,0,0,1.5596465390279823,2.522267300291144,COL1A1;COL3A1;SERPINE2;LOX;STC2;COL11A1,Drug_Perturbations_from_GEO_down,Fibroblasts_UP→DOWNmatch
Drug_Perturbations_from_GEO_down,resveratrol DB02709 human GSE41168 sample 3495,5/312,0.2032809709087383,0.4681270358641232,0,0,1.6280798463208888,2.5938017230707997,VIT;OSR2;TTYH1;PLA2G2A;CP,Drug_Perturbations_from_GEO_down,Fibroblasts_UP→DOWNmatch
Drug_Perturbations_from_GEO_down,imatinib DB00619 mouse GSE51698 sample 2522,5/312,0.2032809709087383,0.4681270358641232,0,0,1.6280798463208888,2.5938017230707997,COL3A1;COL1A2;SERPINE2;TMEM119;PCOLCE,Drug_Perturbations_from_GEO_down,Fibroblasts_UP→DOWNmatch
Drug_Perturbations_from_GEO_down,imatinib DB00619 human GSE1922 sample 2520,5/313,0.2050398128709369,0.4699986430899898,0,0,1.6227106227106227,2.5712679177325923,TUBB2B;ECM1;CFH;SCD;IGF1,Drug_Perturbations_from_GEO_down,Fibroblasts_UP→DOWNmatch
Drug_Perturbations_from_GEO_down,formaldehyde 712 rat GSE7002 sample 3541,4/233,0.2052599533097722,0.4699986430899898,0,0,1.7441404509402014,2.761808099658144,VIT;C3;OSR2;SFRP2,Drug_Perturbations_from_GEO_down,Fibroblasts_UP→DOWNmatch
Drug_Perturbations_from_GEO_down,Perfluorooctanoic Acid 9554 mouse GSE13044 sample 3520,5/314,0.2068037761183315,0.4721921913636691,0,0,1.617376151356734,2.548960354562009,COL3A1;ENTPD2;CFH;GPC3;UGT3A2,Drug_Perturbations_from_GEO_down,Fibroblasts_UP→DOWNmatch
Drug_Perturbations_from_GEO_down,"2,3,7,8-tetrachlorodibenzo-p-dioxin 15625 mouse GSE4873 sample 2595",5/315,0.2085728017749145,0.4748860966965569,0,0,1.6120760959470637,2.5268762906568223,C3;SRPX;HTRA3;ACKR4;COCH,Drug_Perturbations_from_GEO_down,Fibroblasts_UP→DOWNmatch
Drug_Perturbations_from_GEO_down,Y15 23627197 human GSE43452 sample 2553,4/235,0.2094034351654435,0.4754342781502746,0,0,1.728862973760933,2.7030644241868123,EFEMP1;COL5A2;FSTL1;GPM6B,Drug_Perturbations_from_GEO_down,Fibroblasts_UP→DOWNmatch
Drug_Perturbations_from_GEO_down,methylprednisolone 6741 rat GSE490 sample 3659,5/316,0.2103468308223388,0.4762346787719245,0,0,1.606810124495012,2.5050130237361263,COL1A1;COL3A1;LUM;COL5A2;FSTL1,Drug_Perturbations_from_GEO_down,Fibroblasts_UP→DOWNmatch
Drug_Perturbations_from_GEO_down,"2,2',4,4',5,5'-Hexachlorobiphenyl   (PCB-153) 37034 human GSE6878 sample 3348",4/236,0.2114842078217913,0.4774685476312711,0,0,1.721323011963406,2.6742559532999604,C3;STC2;COL9A3;CP,Drug_Perturbations_from_GEO_down,Fibroblasts_UP→DOWNmatch
Drug_Perturbations_from_GEO_down,Mepenzolate DB04843 mouse GSE50836 sample 2530,5/317,0.2121258040528879,0.4775793242084571,0,0,1.601577909270217,2.483367891821835,ANGPTL7;WIF1;PLP1;SLITRK6;CDH19,Drug_Perturbations_from_GEO_down,Fibroblasts_UP→DOWNmatch
Drug_Perturbations_from_GEO_down,imatinib DB00619 human GSE1922 sample 2513,5/320,0.2174917957284112,0.4882963436130904,0,0,1.586080586080586,2.4197152634797714,TUBB2B;ECM1;CFH;IGF1;TRDN,Drug_Perturbations_from_GEO_down,Fibroblasts_UP→DOWNmatch
Drug_Perturbations_from_GEO_down,calcitriol 5280453 human GSE52819 sample 3129,4/240,0.219865221332588,0.4895341668344364,0,0,1.6918021445866482,2.562641312117251,TNFSF18;VCAN;OLFML3;SERPING1,Drug_Perturbations_from_GEO_down,Fibroblasts_UP→DOWNmatch
Drug_Perturbations_from_GEO_down,vitamin C DB00126 mouse GSE32994 sample 3507,4/240,0.219865221332588,0.4895341668344364,0,0,1.6918021445866482,2.562641312117251,TNFSF18;C1QTNF3;STC2;FIBIN,Drug_Perturbations_from_GEO_down,Fibroblasts_UP→DOWNmatch
Drug_Perturbations_from_GEO_down,quercetin DB04216 mouse GSE4262 sample 3428,4/240,0.219865221332588,0.4895341668344364,0,0,1.6918021445866482,2.562641312117251,COMP;MYOT;IQGAP2;FBLN5,Drug_Perturbations_from_GEO_down,Fibroblasts_UP→DOWNmatch
Drug_Perturbations_from_GEO_down,olanzapine 4585 rat GSE2547 sample 2511,3/162,0.2209064137985626,0.4904974366987368,0,0,1.8811416530983625,2.8405542467562497,GABRA2;NTM;PLP1,Drug_Perturbations_from_GEO_down,Fibroblasts_UP→DOWNmatch
Drug_Perturbations_from_GEO_down,letrozole 3902 human GSE5462 sample 3097,5/323,0.2229001454091566,0.493564607691704,0,0,1.5708756652152878,2.357933677367205,CPB1;SERPINE2;STC2;COL11A1;PLAT,Drug_Perturbations_from_GEO_down,Fibroblasts_UP→DOWNmatch
Drug_Perturbations_from_GEO_down,morphine 5288826 mouse GSE7762 sample 3492,5/328,0.2320038076276336,0.5122278551704774,0,0,1.5461617845518774,2.25894467914792,TUBB2B;TTR;SERPINE2;PENK;PLP1,Drug_Perturbations_from_GEO_down,Fibroblasts_UP→DOWNmatch
Drug_Perturbations_from_GEO_down,formaldehyde 712 rat GSE7002 sample 3551,4/246,0.2325997456481324,0.5122278551704774,0,0,1.6493506493506491,2.405472582034088,GDF10;SCARA5;TNN;APOD,Drug_Perturbations_from_GEO_down,Fibroblasts_UP→DOWNmatch
Drug_Perturbations_from_GEO_down,ubiquinol 9962735 mouse GSE15129 sample 3453,5/329,0.2338374623270416,0.5135503941024402,0,0,1.5413105413105412,2.23972306163611,DIO2;THY1;SCG2;MT3;GPM6B,Drug_Perturbations_from_GEO_down,Fibroblasts_UP→DOWNmatch
Drug_Perturbations_from_GEO_down,bleomycin DB00290 mouse GSE485 sample 2684,4/248,0.2368849337788329,0.5188295017003787,0,0,1.6356641017062563,2.3556519809219347,ELN;SERPING1;SCN7A;PLAT,Drug_Perturbations_from_GEO_down,Fibroblasts_UP→DOWNmatch
Drug_Perturbations_from_GEO_down,cisplatin DB00515 human GSE47856 sample 3150,3/169,0.2393627485201892,0.5228357054397629,0,0,1.8011742401076387,2.5752740819217634,SFRP2;SCD;TIMP4,Drug_Perturbations_from_GEO_down,Fibroblasts_UP→DOWNmatch
Drug_Perturbations_from_GEO_down,HYPOCHLOROUS ACID 24341 mouse GSE15457 sample 3381,4/250,0.2411890011519725,0.5239847302654712,0,0,1.6222000995520158,2.30705147872828,LRP1;CFH;TMEM176B;IGF1,Drug_Perturbations_from_GEO_down,Fibroblasts_UP→DOWNmatch
Drug_Perturbations_from_GEO_down,clozapine 2818 mouse GSE6511 sample 2469,4/250,0.2411890011519725,0.5239847302654712,0,0,1.6222000995520158,2.30705147872828,TWIST2;DIO2;TMEM119;L1CAM,Drug_Perturbations_from_GEO_down,Fibroblasts_UP→DOWNmatch
Drug_Perturbations_from_GEO_down,pioglitazone DB01132 rat GSE21329 sample 2842,4/251,0.2433478730437408,0.5272537249281052,0,0,1.6155498636701644,2.2831973042749696,TTR;SERPINF1;IGF1;PODN,Drug_Perturbations_from_GEO_down,Fibroblasts_UP→DOWNmatch
Drug_Perturbations_from_GEO_down,methoxychlor 4115 mouse GSE23725 sample 3235,4/254,0.2498506869204261,0.5384482718124692,0,0,1.5959183673469388,2.213366084159102,SFRP2;MMP2;PENK;PTGDS,Drug_Perturbations_from_GEO_down,Fibroblasts_UP→DOWNmatch
Drug_Perturbations_from_GEO_down,ubiquinol 9962735 mouse GSE15129 sample 3463,4/254,0.2498506869204261,0.5384482718124692,0,0,1.5959183673469388,2.213366084159102,C3;TTR;CFH;UGT3A2,Drug_Perturbations_from_GEO_down,Fibroblasts_UP→DOWNmatch
Drug_Perturbations_from_GEO_down,methylprednisolone 6741 rat GSE490 sample 3662,5/338,0.2505206547057934,0.5384523938476519,0,0,1.498960498960499,2.074881970115322,CFD;LUM;SCD;LOXL1;THBS4,Drug_Perturbations_from_GEO_down,Fibroblasts_UP→DOWNmatch
Drug_Perturbations_from_GEO_down,carbidopa DB00190 mouse GSE47099 sample 3293,4/259,0.2607703007904634,0.5589916554178551,0,0,1.5642256902761105,2.1024997341836618,CFD;OGN;FBLN1;PTN,Drug_Perturbations_from_GEO_down,Fibroblasts_UP→DOWNmatch
Drug_Perturbations_from_GEO_down,methylprednisolone 6741 rat GSE490 sample 3667,5/348,0.2694000390513331,0.5759587041787122,0,0,1.4545114749196382,1.907675972007708,COL1A2;LUM;FSTL1;CXCL14;LOXL1,Drug_Perturbations_from_GEO_down,Fibroblasts_UP→DOWNmatch
Drug_Perturbations_from_GEO_down,alpha-Tocopherol 14985 mouse GSE8146 sample 3478,6/436,0.27159428831599,0.579113747044148,0,0,1.3931910812754735,1.815949221311008,LUM;TMEM119;HTRA1;SERPING1;FBLN2;DCN,Drug_Perturbations_from_GEO_down,Fibroblasts_UP→DOWNmatch
Drug_Perturbations_from_GEO_down,VANADIUM PENTOXIDE 14814 human GSE5339 sample 3554,4/265,0.2739938822878975,0.5811554450632774,0,0,1.5277973258268824,1.9779620443799708,OSR2;GREM2;STC2;SCN7A,Drug_Perturbations_from_GEO_down,Fibroblasts_UP→DOWNmatch
Drug_Perturbations_from_GEO_down,Lipopolysaccharide 11970143 human GSE3140 sample 3594,4/265,0.2739938822878975,0.5811554450632774,0,0,1.5277973258268824,1.9779620443799708,VCAN;SERPINF1;FBLN5;SNCA,Drug_Perturbations_from_GEO_down,Fibroblasts_UP→DOWNmatch
Drug_Perturbations_from_GEO_down,methamphetamine DB01577 rat GSE46717 sample 3303,4/267,0.2784276011201202,0.5874676610021387,0,0,1.5160239000543183,1.9383839341810445,SFRP4;MMP11;ELN;SLIT3,Drug_Perturbations_from_GEO_down,Fibroblasts_UP→DOWNmatch
Drug_Perturbations_from_GEO_down,PRISTANE 15979 mouse GSE17297 sample 3226,4/267,0.2784276011201202,0.5874676610021387,0,0,1.5160239000543183,1.9383839341810445,CFD;CPB1;DPT;TIMP4,Drug_Perturbations_from_GEO_down,Fibroblasts_UP→DOWNmatch
Drug_Perturbations_from_GEO_down,PLX4032 DB05238 human GSE50649 sample 2557,5/355,0.2827991652053048,0.5920817429839598,0,0,1.424908424908425,1.799685412001887,CEMIP;SLITRK6;THBS2;CDH19;CTHRC1,Drug_Perturbations_from_GEO_down,Fibroblasts_UP→DOWNmatch
Drug_Perturbations_from_GEO_down,Cadmium dichloride 24947 rat GSE31503 sample 3281,4/269,0.2828730170397973,0.5920817429839598,0,0,1.504428186368887,1.8997275017678923,COL3A1;TMEM176B;ACKR4;DIO3,Drug_Perturbations_from_GEO_down,Fibroblasts_UP→DOWNmatch
Drug_Perturbations_from_GEO_down,estradiol 5757 human GSE24592 sample 3347,4/269,0.2828730170397973,0.5920817429839598,0,0,1.504428186368887,1.8997275017678923,CFD;C1QTNF3;CTSK;GAS1,Drug_Perturbations_from_GEO_down,Fibroblasts_UP→DOWNmatch
Drug_Perturbations_from_GEO_down,heroin 5462328 mouse GSE30305 sample 2613,6/443,0.2835527950270576,0.5920817429839598,0,0,1.3703791077873977,1.7271668289445028,SOX2;TTR;PENK;DIO2;S100B;GPM6B,Drug_Perturbations_from_GEO_down,Fibroblasts_UP→DOWNmatch
Drug_Perturbations_from_GEO_down,chromium 23976 human GSE6907 sample 3534,4/270,0.2850998826906883,0.5937739158881002,0,0,1.4986957188890593,1.8807367789600613,C3;DPP4;SCD;SERPINF1,Drug_Perturbations_from_GEO_down,Fibroblasts_UP→DOWNmatch
Drug_Perturbations_from_GEO_down,vemurafenib DB08881 human GSE37441 sample 2564,5/358,0.2885819593322993,0.5979358848890315,0,0,1.412580809181376,1.7555217333439053,CEMIP;LOX;PCOLCE2;PMP2;PLAT,Drug_Perturbations_from_GEO_down,Fibroblasts_UP→DOWNmatch
Drug_Perturbations_from_GEO_down,doxycycline DB00254 human GSE2624 sample 3075,5/358,0.2885819593322993,0.5979358848890315,0,0,1.412580809181376,1.7555217333439053,COL1A1;COL3A1;SERPINE2;LOX;COL11A1,Drug_Perturbations_from_GEO_down,Fibroblasts_UP→DOWNmatch
Drug_Perturbations_from_GEO_down,vitamin c DB00126 mouse GSE32994 sample 3509,3/189,0.2932709854088831,0.606093369845025,0,0,1.6058621254298346,1.969843996438265,C1QTNF3;CEMIP;STC2,Drug_Perturbations_from_GEO_down,Fibroblasts_UP→DOWNmatch
Drug_Perturbations_from_GEO_down,bexarotene 82146 rat GSE3952 sample 3560,5/361,0.2943866338218425,0.6068430354486063,0,0,1.400460962258715,1.712569505314293,TTR;C1S;C1R;SERPING1;PODN,Drug_Perturbations_from_GEO_down,Fibroblasts_UP→DOWNmatch
Drug_Perturbations_from_GEO_down,R1881 13766 human GSE22606 sample 3049,4/276,0.2985135811679958,0.6137804755648077,0,0,1.465186074429772,1.7713218317747297,OSR2;COL3A1;COL5A2;PLA2G2A,Drug_Perturbations_from_GEO_down,Fibroblasts_UP→DOWNmatch
Drug_Perturbations_from_GEO_down,soman 7305 rat GSE13428 sample 2639,2/110,0.3012423146906411,0.6178150270754624,0,0,1.8417508417508417,2.209806893363538,GDF10;CLMP,Drug_Perturbations_from_GEO_down,Fibroblasts_UP→DOWNmatch
Drug_Perturbations_from_GEO_down,nicotinamide riboside 439924 mouse GSE62194 sample 3471,5/370,0.31191614035587,0.6380822566670843,0,0,1.365296803652968,1.5905993221698893,LRP1;MYOC;NEGR1;CADM2;POU3F3,Drug_Perturbations_from_GEO_down,Fibroblasts_UP→DOWNmatch
Drug_Perturbations_from_GEO_down,quercetin DB04216 mouse GSE4262 sample 3429,5/371,0.3138732997992071,0.6404604547801542,0,0,1.3614964270701977,1.5776556031539388,CFD;C3;ECM1;MME;FBLN1,Drug_Perturbations_from_GEO_down,Fibroblasts_UP→DOWNmatch
Drug_Perturbations_from_GEO_down,Coenzyme Q10 5281915 mouse GSE15129 sample 3452,5/372,0.315832135806365,0.642830054191743,0,0,1.3577167609865155,1.5648288799965713,SERPINE2;STMN2;THY1;PTGDS;MT3,Drug_Perturbations_from_GEO_down,Fibroblasts_UP→DOWNmatch
Drug_Perturbations_from_GEO_down,Atarax DB00557 human GSE31773 sample 2485,4/286,0.321029550210415,0.6515196382760273,0,0,1.412505427702996,1.6049198880704438,VCAN;FNDC1;PLA2G2A;HSPB3,Drug_Perturbations_from_GEO_down,Fibroblasts_UP→DOWNmatch
Drug_Perturbations_from_GEO_down,SODIUM ARSENITE 443495 mouse GSE11056 sample 3357,5/375,0.3217181340370457,0.6515196382760273,0,0,1.3465003465003464,1.52703840863513,F10;MYOT;PLP1;IQGAP2;SCG2,Drug_Perturbations_from_GEO_down,Fibroblasts_UP→DOWNmatch
Drug_Perturbations_from_GEO_down,formaldehyde 712 rat GSE7002 sample 3543,4/287,0.3232894259259176,0.6520274270328212,0,0,1.407442128794981,1.5892939282449376,C3;PCOLCE2;MYOT;STMN2,Drug_Perturbations_from_GEO_down,Fibroblasts_UP→DOWNmatch
Drug_Perturbations_from_GEO_down,ANTIMONY 5354495 human GSE6907 sample 3532,6/466,0.3235868124232363,0.6520274270328212,0,0,1.3003137606454505,1.467128213862141,C3;DPP4;TTR;SCD;SERPINF1;GPC3,Drug_Perturbations_from_GEO_down,Fibroblasts_UP→DOWNmatch
Drug_Perturbations_from_GEO_down,pyrazinamide 1046 mouse GSE48027 sample 3325,3/201,0.326038502491712,0.6553292593723687,0,0,1.5076142131979695,1.68964324994727,SERPINE2;F10;SERPING1,Drug_Perturbations_from_GEO_down,Fibroblasts_UP→DOWNmatch
Drug_Perturbations_from_GEO_down,estradiol DB00783 human GSE8597 sample 2731,3/203,0.3315064052396142,0.6593919920305917,0,0,1.4923857868020305,1.6477553065005663,MME;APOD;L1CAM,Drug_Perturbations_from_GEO_down,Fibroblasts_UP→DOWNmatch
Drug_Perturbations_from_GEO_down,dexamethasone DB01234 rat GSE15563 sample 2713,4/291,0.332339749401649,0.6593919920305917,0,0,1.3875417762923985,1.5285125404640607,GREM1;CEMIP;MYOC;PLAT,Drug_Perturbations_from_GEO_down,Fibroblasts_UP→DOWNmatch
Drug_Perturbations_from_GEO_down,NSC319726 5351307 human GSE35972 sample 2479,4/291,0.332339749401649,0.6593919920305917,0,0,1.3875417762923985,1.5285125404640607,PLAC9;WIF1;DIO2;HAPLN1,Drug_Perturbations_from_GEO_down,Fibroblasts_UP→DOWNmatch
Drug_Perturbations_from_GEO_down,Cadmium dichloride 24947 rat GSE31503 sample 3282,3/204,0.3342400155319526,0.6593919920305917,0,0,1.484885218577165,1.6272796745414015,COL3A1;TTR;ACKR4,Drug_Perturbations_from_GEO_down,Fibroblasts_UP→DOWNmatch
Drug_Perturbations_from_GEO_down,coenzyme Q10 5281915 mouse GSE15129 sample 3456,3/204,0.3342400155319526,0.6593919920305917,0,0,1.484885218577165,1.6272796745414015,LUM;MYOT;CORIN,Drug_Perturbations_from_GEO_down,Fibroblasts_UP→DOWNmatch
Drug_Perturbations_from_GEO_down,HYPOCHLOROUS ACID 24341 human GSE11630 sample 3199,3/204,0.3342400155319526,0.6593919920305917,0,0,1.484885218577165,1.6272796745414015,C3;LOX;CP,Drug_Perturbations_from_GEO_down,Fibroblasts_UP→DOWNmatch
Drug_Perturbations_from_GEO_down,vancomycin DB14969 mouse GSE7793 sample 3395,4/292,0.3346046212661439,0.6593919920305917,0,0,1.3826530612244898,1.5137364238047724,COL1A1;NTM;STMN2;GPM6B,Drug_Perturbations_from_GEO_down,Fibroblasts_UP→DOWNmatch
Drug_Perturbations_from_GEO_down,"puromycin, 2xEC50, 1d 439530 human GSE6930 sample 3371",4/292,0.3346046212661439,0.6593919920305917,0,0,1.3826530612244898,1.5137364238047724,COL1A2;SERPINE2;OLFML3;LOXL1,Drug_Perturbations_from_GEO_down,Fibroblasts_UP→DOWNmatch
Drug_Perturbations_from_GEO_down,soman 7305 rat GSE13428 sample 2634,3/206,0.3397058804892811,0.6678120479862453,0,0,1.4701057737991048,1.587236588244053,GDF10;TTR;FBLN2,Drug_Perturbations_from_GEO_down,Fibroblasts_UP→DOWNmatch
Drug_Perturbations_from_GEO_down,doxycycline DB00254 human GSE11422 sample 2573,5/385,0.3414238704466153,0.669556300681197,0,0,1.310391363022942,1.408186593484023,DIRAS3;CADM2;MAL;THBS2;PDGFRL,Drug_Perturbations_from_GEO_down,Fibroblasts_UP→DOWNmatch
Drug_Perturbations_from_GEO_down,morphine 5288826 mouse GSE7762 sample 3487,4/296,0.3436708228113959,0.6719957952838844,0,0,1.363433044450657,1.4562432818193627,SOX2;TTR;MAL;THY1,Drug_Perturbations_from_GEO_down,Fibroblasts_UP→DOWNmatch
Drug_Perturbations_from_GEO_down,Bisphenol A 6623 human GSE17624 sample 2657,3/208,0.3451690561383724,0.6719957952838844,0,0,1.4556147084313482,1.5483678811241348,COL12A1;MAL;FSTL1,Drug_Perturbations_from_GEO_down,Fibroblasts_UP→DOWNmatch
Drug_Perturbations_from_GEO_down,carboplatin (36 h) 10339178 human GSE13525 sample 3032,3/208,0.3451690561383724,0.6719957952838844,0,0,1.4556147084313482,1.5483678811241348,COL5A1;SCD;SUGCT,Drug_Perturbations_from_GEO_down,Fibroblasts_UP→DOWNmatch
Drug_Perturbations_from_GEO_down,Monuron 8800 rat GSE51163 sample 2468,4/299,0.3504752771067583,0.6771811501546886,0,0,1.349360083016257,1.4147569693094135,CTSK;OMD;SCN7A;CPXM1,Drug_Perturbations_from_GEO_down,Fibroblasts_UP→DOWNmatch
Drug_Perturbations_from_GEO_down,acetaminophen DB00316 mouse GSE37874 sample 2482,4/299,0.3504752771067583,0.6771811501546886,0,0,1.349360083016257,1.4147569693094135,CFD;GREM2;SERPINE2;SCARA5,Drug_Perturbations_from_GEO_down,Fibroblasts_UP→DOWNmatch
Drug_Perturbations_from_GEO_down,titanium dioxide NA mouse GSE7475 sample 2823,4/299,0.3504752771067583,0.6771811501546886,0,0,1.349360083016257,1.4147569693094135,CFD;DPT;PCOLCE;THY1,Drug_Perturbations_from_GEO_down,Fibroblasts_UP→DOWNmatch
Drug_Perturbations_from_GEO_down,trichostatin A 444732 mouse GSE1437 sample 3085,1/43,0.3511932019412653,0.6771811501546886,0,0,2.363962670495334,2.473694919601735,VCAN,Drug_Perturbations_from_GEO_down,Fibroblasts_UP→DOWNmatch
Drug_Perturbations_from_GEO_down,Mehp 20393 rat GSE4514 sample 3579,4/301,0.3550126818309924,0.6829122232834841,0,0,1.3401360544217686,1.3878472655470029,COL1A1;COL3A1;COL1A2;PTN,Drug_Perturbations_from_GEO_down,Fibroblasts_UP→DOWNmatch
Drug_Perturbations_from_GEO_down,Interferon beta-1b DB00068 human GSE26104 sample 3184,4/302,0.3572814814053216,0.6856401762206886,0,0,1.3355704697986577,1.374610990380402,PTGDS;S100B;COCH;CES1,Drug_Perturbations_from_GEO_down,Fibroblasts_UP→DOWNmatch
Drug_Perturbations_from_GEO_down,angiotensin II 172198 mouse GSE29145 sample 3217,4/303,0.3595502432224379,0.6883550974757363,0,0,1.331035424203126,1.3615179362689085,TNXB;EFEMP1;PENK;SNCA,Drug_Perturbations_from_GEO_down,Fibroblasts_UP→DOWNmatch
Drug_Perturbations_from_GEO_down,HYPOCHLOROUS ACID 24341 human GSE11630 sample 3197,3/215,0.3642541862098318,0.6957082324292049,0,0,1.407049133224787,1.4209836210025286,C3;SERPINF1;CP,Drug_Perturbations_from_GEO_down,Fibroblasts_UP→DOWNmatch
Drug_Perturbations_from_GEO_down,quercetin DB04216 mouse GSE38136 sample 3437,2/128,0.36688342802432,0.699073387677546,0,0,1.5772005772005773,1.5814765512286706,TTR;SERPINF1,Drug_Perturbations_from_GEO_down,Fibroblasts_UP→DOWNmatch
Drug_Perturbations_from_GEO_down,levetiracetam 5284583 rat GSE2880 sample 2669,5/399,0.3691504798286704,0.7017341668441235,0,0,1.2629181309384354,1.2585622172613062,LRP1;PENK;STMN2;MAL;PTGDS,Drug_Perturbations_from_GEO_down,Fibroblasts_UP→DOWNmatch
Drug_Perturbations_from_GEO_down,alfacalcidol 5282181 human GSE15947 sample 3362,3/219,0.3751231075284147,0.7114099403950641,0,0,1.380710659898477,1.353788210553585,GREM1;STC2;FIBIN,Drug_Perturbations_from_GEO_down,Fibroblasts_UP→DOWNmatch
Drug_Perturbations_from_GEO_down,cisplatin DB00515 human GSE47856 sample 3153,4/311,0.3776899324726436,0.7145964450069267,0,0,1.2958186531941769,1.26171491489224,SOX2;DPP4;MFAP4;TUBB2B,Drug_Perturbations_from_GEO_down,Fibroblasts_UP→DOWNmatch
Drug_Perturbations_from_GEO_down,ubiquinol 9962735 mouse GSE15129 sample 3459,4/312,0.3799549833935078,0.7147766151057742,0,0,1.2915451895043732,1.2498315062060614,CFD;TTR;DPEP1;SOD3,Drug_Perturbations_from_GEO_down,Fibroblasts_UP→DOWNmatch
Drug_Perturbations_from_GEO_down,irinotecan DB00762 rat GSE11722 sample 2768,3/221,0.3805444446837829,0.7147766151057742,0,0,1.3679038792902716,1.32160348257447,SBSPON;CEMIP;MME,Drug_Perturbations_from_GEO_down,Fibroblasts_UP→DOWNmatch
Drug_Perturbations_from_GEO_down,HYPOCHLOROUS ACID 24341 human GSE11630 sample 3201,3/221,0.3805444446837829,0.7147766151057742,0,0,1.3679038792902716,1.32160348257447,C3;LOX;CP,Drug_Perturbations_from_GEO_down,Fibroblasts_UP→DOWNmatch
Drug_Perturbations_from_GEO_down,HYPOCHLOROUS ACID 24341 mouse GSE15457 sample 3384,4/313,0.3822192569610281,0.7147766151057742,0,0,1.287299385773727,1.23807416940062,LRP1;CFH;TMEM176B;IGF1,Drug_Perturbations_from_GEO_down,Fibroblasts_UP→DOWNmatch
Drug_Perturbations_from_GEO_down,imatinib DB00619 human GSE1922 sample 2512,4/313,0.3822192569610281,0.7147766151057742,0,0,1.287299385773727,1.23807416940062,TUBB2B;ECM1;CFH;IGF1,Drug_Perturbations_from_GEO_down,Fibroblasts_UP→DOWNmatch
Drug_Perturbations_from_GEO_down,folic acid DB00158 human GSE17635 sample 2748,4/315,0.3867451879090097,0.7215662533672728,0,0,1.2788896909246013,1.2149314352784832,CFD;SERPINF1;CXCL14;CES1,Drug_Perturbations_from_GEO_down,Fibroblasts_UP→DOWNmatch
Drug_Perturbations_from_GEO_down,"doxorubicin, EC50, 5 d 31703 human GSE6930 sample 3262",5/411,0.3929459523716909,0.7308349167956424,0,0,1.224832638625742,1.1440955934207682,ECM1;COL1A2;SCD;OLFML3;COCH,Drug_Perturbations_from_GEO_down,Fibroblasts_UP→DOWNmatch
Drug_Perturbations_from_GEO_down,sorafenib DB00398 human GSE39192 sample 3055,4/318,0.393526493659192,0.7308349167956424,0,0,1.2664760171584557,1.181124253491201,COL1A1;VCAN;MMP2;TNMD,Drug_Perturbations_from_GEO_down,Fibroblasts_UP→DOWNmatch
Drug_Perturbations_from_GEO_down,Cadmium Chloride 24947 rat GSE9480 sample 3414,4/319,0.3957846283193225,0.7333388745410896,0,0,1.2623906705539358,1.1700910821591446,SHC4;COL3A1;COL1A2;PENK,Drug_Perturbations_from_GEO_down,Fibroblasts_UP→DOWNmatch
Drug_Perturbations_from_GEO_down,lung cancer DB00928 human GSE29077 sample 2536,4/320,0.3980414990255422,0.7350334073752821,0,0,1.2583311805734951,1.1591734380794672,SERPINE2;SCD;COL5A2;FSTL1,Drug_Perturbations_from_GEO_down,Fibroblasts_UP→DOWNmatch
Drug_Perturbations_from_GEO_down,Mehp 20393 rat GSE4514 sample 3576,3/228,0.3994350278292476,0.7350334073752821,0,0,1.3248730964467006,1.2158415530366304,COL3A1;TTYH1;MT3,Drug_Perturbations_from_GEO_down,Fibroblasts_UP→DOWNmatch
Drug_Perturbations_from_GEO_down,ANGIOTENSIN II 172198 mouse GSE17901 sample 3678,3/228,0.3994350278292476,0.7350334073752821,0,0,1.3248730964467006,1.2158415530366304,CADM2;SFRP5;MAL,Drug_Perturbations_from_GEO_down,Fibroblasts_UP→DOWNmatch
Drug_Perturbations_from_GEO_down,pyrazinamide 1046 mouse GSE48027 sample 3326,4/322,0.4025511797852142,0.7374005702429152,0,0,1.2502887947631882,1.1376790782218986,CLMP;F10;LOX;CPXM1,Drug_Perturbations_from_GEO_down,Fibroblasts_UP→DOWNmatch
Drug_Perturbations_from_GEO_down,dexamethasone DB01234 human GSE54608 sample 3093,4/322,0.4025511797852142,0.7374005702429152,0,0,1.2502887947631882,1.1376790782218986,VCAN;STC2;MAL;FSTL1,Drug_Perturbations_from_GEO_down,Fibroblasts_UP→DOWNmatch
Drug_Perturbations_from_GEO_down,methylprednisolone 6741 rat GSE490 sample 3661,4/323,0.4048038567175421,0.7398455975381837,0,0,1.2463054187192115,1.127099587676186,NGFR;COL3A1;LUM;LOXL1,Drug_Perturbations_from_GEO_down,Fibroblasts_UP→DOWNmatch
Drug_Perturbations_from_GEO_down,resveratrol DB02709 mouse GSE62194 sample 3467,5/418,0.4068025836614005,0.7418164760884363,0,0,1.2036381697398646,1.0825849854272211,CCDC80;CADM2;TMEM119;PI16;SNCA,Drug_Perturbations_from_GEO_down,Fibroblasts_UP→DOWNmatch
Drug_Perturbations_from_GEO_down,fluoxetine 62857 mouse GSE6476 sample 2618,4/326,0.4115524465378931,0.7487839095023519,0,0,1.2345037393839524,1.0960156468763878,MEG3;NEGR1;PTGDS;GPM6B,Drug_Perturbations_from_GEO_down,Fibroblasts_UP→DOWNmatch
Drug_Perturbations_from_GEO_down,estradiol 5757 human GSE4668 sample 3063,3/233,0.4128334514256075,0.7494228870473868,0,0,1.2957404546457736,1.1463558756990115,EFEMP1;STC2;APOD,Drug_Perturbations_from_GEO_down,Fibroblasts_UP→DOWNmatch
Drug_Perturbations_from_GEO_down,doxycycline DB00254 human GSE2624 sample 3076,4/328,0.416042993509888,0.7518624501546407,0,0,1.2267573696145124,1.0758253305765106,COL1A1;COL3A1;SERPINE2;COL11A1,Drug_Perturbations_from_GEO_down,Fibroblasts_UP→DOWNmatch
Drug_Perturbations_from_GEO_down,formaldehyde 712 rat GSE7002 sample 3546,4/328,0.416042993509888,0.7518624501546407,0,0,1.2267573696145124,1.0758253305765106,C3;OSR2;SFRP2;ABI3BP,Drug_Perturbations_from_GEO_down,Fibroblasts_UP→DOWNmatch
Drug_Perturbations_from_GEO_down,carboplatin DB00958 human GSE49577 sample 3174,3/235,0.4181674154468162,0.7525404712849805,0,0,1.2844389987747242,1.11986821136478,SFRP5;PTGDS;THBS4,Drug_Perturbations_from_GEO_down,Fibroblasts_UP→DOWNmatch
Drug_Perturbations_from_GEO_down,Rosiglitazone effect on PRDM16-deficient inguinal white adipose tissue 77999 mouse GSE35011 sample 3099,4/329,0.4182855225008328,0.7525404712849805,0,0,1.2229199372056514,1.0658860250017907,CFD;C3;SERPING1;APOD,Drug_Perturbations_from_GEO_down,Fibroblasts_UP→DOWNmatch
Drug_Perturbations_from_GEO_down,TRICHLOROETHYLENE 6575 mouse GSE24278 sample 3324,4/330,0.4205261382703219,0.7533793675254062,0,0,1.2191060473269062,1.056048957370627,C1QTNF3;OMD;DIO3;COCH,Drug_Perturbations_from_GEO_down,Fibroblasts_UP→DOWNmatch
Drug_Perturbations_from_GEO_down,methamphetamine 10836 mouse GSE30305 sample 2665,5/425,0.4206212349707603,0.7533793675254062,0,0,1.1831501831501832,1.0246347145776926,CXCL12;OGN;PRELP;PTGDS;GPM6B,Drug_Perturbations_from_GEO_down,Fibroblasts_UP→DOWNmatch
Drug_Perturbations_from_GEO_down,CasIIgly 144221079 human GSE41827 sample 3130,5/426,0.4225913104447086,0.7552297033668186,0,0,1.1802789451245508,1.0166329579541344,MFAP5;GREM1;DIO2;GAS1;FBN1,Drug_Perturbations_from_GEO_down,Fibroblasts_UP→DOWNmatch
Drug_Perturbations_from_GEO_down,tamoxifen DB00675 human GSE28645 sample 2822,4/332,0.4250013829396739,0.75785644833933,0,0,1.2115480338476854,1.0366766509290768,APELA;COL5A1;PCOLCE;THBS2,Drug_Perturbations_from_GEO_down,Fibroblasts_UP→DOWNmatch
Drug_Perturbations_from_GEO_down,diclofenac DB00586 human GSE54255 sample 3053,3/240,0.4314322217611132,0.767625542471208,0,0,1.257019854783782,1.056707275654343,CXCL12;MPZ;HTRA1,Drug_Perturbations_from_GEO_down,Fibroblasts_UP→DOWNmatch
Drug_Perturbations_from_GEO_down,Bisphenol A 6623 human GSE17624 sample 2658,2/147,0.433457636286527,0.7695305172840106,0,0,1.369209334726576,1.1446058954410874,MAL;FSTL1,Drug_Perturbations_from_GEO_down,Fibroblasts_UP→DOWNmatch
Drug_Perturbations_from_GEO_down,Carboplatin DB00958 human GSE13525 sample 3089,3/243,0.4393394565245502,0.778258465843489,0,0,1.2411167512690355,1.0207973237169472,COL5A1;SCD;SUGCT,Drug_Perturbations_from_GEO_down,Fibroblasts_UP→DOWNmatch
Drug_Perturbations_from_GEO_down,NVP-TNKS656 27924 human GSE55624 sample 3249,4/340,0.4428137127770015,0.7809799835848211,0,0,1.1822157434402332,0.9630401682946436,NGFR;TUBB2B;SCD;IQGAP2,Drug_Perturbations_from_GEO_down,Fibroblasts_UP→DOWNmatch
Drug_Perturbations_from_GEO_down,haloperidol 3559 mouse GSE6467 sample 2466,4/340,0.4428137127770015,0.7809799835848211,0,0,1.1822157434402332,0.9630401682946436,CXCL12;FBLN5;POU3F3;COCH,Drug_Perturbations_from_GEO_down,Fibroblasts_UP→DOWNmatch
Drug_Perturbations_from_GEO_down,coenzyme Q10 5281915 mouse GSE15129 sample 3462,4/343,0.4494526033267512,0.7892348546434891,0,0,1.1715730540003613,0.9369361126753574,C3;CFH;SERPINF1;UGT3A2,Drug_Perturbations_from_GEO_down,Fibroblasts_UP→DOWNmatch
Drug_Perturbations_from_GEO_down,TRICHLOROETHYLENE 6575 mouse GSE24278 sample 3321,4/343,0.4494526033267512,0.7892348546434891,0,0,1.1715730540003613,0.9369361126753574,PCSK2;MYOT;TWIST2;IGF1,Drug_Perturbations_from_GEO_down,Fibroblasts_UP→DOWNmatch
Drug_Perturbations_from_GEO_down,lung cancer DB00928 human GSE29077 sample 2534,4/344,0.4516601787428246,0.791387182753732,0,0,1.1680672268907564,0.9284092658796944,SERPINE2;COL5A1;COL5A2;FSTL1,Drug_Perturbations_from_GEO_down,Fibroblasts_UP→DOWNmatch
Drug_Perturbations_from_GEO_down,cyclosporine DB00091 mouse GSE1809 sample 3299,4/346,0.4560669206020587,0.7928608172098017,0,0,1.1611170784103115,0.9116112762791622,COL1A1;C3;COL1A2;SERPING1,Drug_Perturbations_from_GEO_down,Fibroblasts_UP→DOWNmatch
Drug_Perturbations_from_GEO_down,estradiol DB00783 human GSE4668 sample 2727,3/250,0.4576242860244142,0.7928608172098017,0,0,1.2055118272056558,0.9423567538920185,EFEMP1;STC2;APOD,Drug_Perturbations_from_GEO_down,Fibroblasts_UP→DOWNmatch
Drug_Perturbations_from_GEO_down,atorvastatin DB01076 human GSE2450 sample 2484,3/250,0.4576242860244142,0.7928608172098017,0,0,1.2055118272056558,0.9423567538920185,EFEMP1;MMP2;FSTL1,Drug_Perturbations_from_GEO_down,Fibroblasts_UP→DOWNmatch
Drug_Perturbations_from_GEO_down,heroin 5462328 mouse GSE30305 sample 2668,3/250,0.4576242860244142,0.7928608172098017,0,0,1.2055118272056558,0.9423567538920185,TTR;COL5A1;HSPB3,Drug_Perturbations_from_GEO_down,Fibroblasts_UP→DOWNmatch
Drug_Perturbations_from_GEO_down,lubiprostone DB01046 mouse GSE18327 sample 2778,4/347,0.4582659801034018,0.7928608172098017,0,0,1.1576723984054262,0.903338163811207,COL3A1;CPB1;MME;COL6A3,Drug_Perturbations_from_GEO_down,Fibroblasts_UP→DOWNmatch
Drug_Perturbations_from_GEO_down,coenzyme Q10 5281915 mouse GSE15129 sample 3458,3/251,0.460216338435553,0.7928608172098017,0,0,1.2005894874733911,0.9317277957535564,CFD;TTR;UGT3A2,Drug_Perturbations_from_GEO_down,Fibroblasts_UP→DOWNmatch
Drug_Perturbations_from_GEO_down,phorbol 12-myristate 13-acetate (PMA) 27924 human GSE45417 sample 3246,3/251,0.460216338435553,0.7928608172098017,0,0,1.2005894874733911,0.9317277957535564,SRPX;NEGR1;ELANE,Drug_Perturbations_from_GEO_down,Fibroblasts_UP→DOWNmatch
Drug_Perturbations_from_GEO_down,soman 7305 rat GSE13428 sample 2637,2/155,0.4603707970895622,0.7928608172098017,0,0,1.29708853238265,1.006181451159133,GDF10;NKAIN4,Drug_Perturbations_from_GEO_down,Fibroblasts_UP→DOWNmatch
Drug_Perturbations_from_GEO_down,Retinoic acid 444795 mouse GSE1588 sample 3632,4/350,0.4648452822777162,0.7984021163701184,0,0,1.1474578270614604,0.8790108200568678,SOX2;VCAN;COL5A2;GPC3,Drug_Perturbations_from_GEO_down,Fibroblasts_UP→DOWNmatch
Drug_Perturbations_from_GEO_down,zinc sulfate NA rat GSE11091 sample 2840,5/448,0.465569472325007,0.7984021163701184,0,0,1.1203912716328066,0.856532349946442,NEGR1;COL11A1;DIO3;SOX10;DCN,Drug_Perturbations_from_GEO_down,Fibroblasts_UP→DOWNmatch
Drug_Perturbations_from_GEO_down,formaldehyde 712 rat GSE7002 sample 3548,4/353,0.4713966921471508,0.8066788404896041,0,0,1.1374188643938952,0.8554018916428096,VIT;MFAP5;MYOT;ABI3BP,Drug_Perturbations_from_GEO_down,Fibroblasts_UP→DOWNmatch
Drug_Perturbations_from_GEO_down,clozapine 2818 mouse GSE6467 sample 2464,4/354,0.4735740625614532,0.8086879119163798,0,0,1.1341107871720115,0.8476876641024312,GABRA2;CXCL12;TMOD2;SERPING1,Drug_Perturbations_from_GEO_down,Fibroblasts_UP→DOWNmatch
Drug_Perturbations_from_GEO_down,lung cancer DB00928 human GSE29077 sample 2535,4/355,0.475748134616042,0.8106828678658137,0,0,1.130821559392988,0.8400496730438017,SERPINE2;SCD;COL5A2;FSTL1,Drug_Perturbations_from_GEO_down,Fibroblasts_UP→DOWNmatch
Drug_Perturbations_from_GEO_down,titanium dioxide NA mouse GSE7475 sample 2824,3/261,0.4858367631340288,0.8261274917426735,0,0,1.1534647621296188,0.8326661297596739,TMEM176B;DPEP1;COL6A3,Drug_Perturbations_from_GEO_down,Fibroblasts_UP→DOWNmatch
Drug_Perturbations_from_GEO_down,phenol 996 human GSE6907 sample 3528,3/264,0.4934103618724416,0.8354805707335881,0,0,1.140031507089095,0.80533430158203,TTR;SCD;GPC3,Drug_Perturbations_from_GEO_down,Fibroblasts_UP→DOWNmatch
Drug_Perturbations_from_GEO_down,R1881 13766 human GSE22606 sample 3048,3/264,0.4934103618724416,0.8354805707335881,0,0,1.140031507089095,0.80533430158203,OSR2;COL5A2;PLA2G2A,Drug_Perturbations_from_GEO_down,Fibroblasts_UP→DOWNmatch
Drug_Perturbations_from_GEO_down,soman 7305 rat GSE13428 sample 2640,1/68,0.4956952821636893,0.8375899317063596,0,0,1.4800120003000077,1.0386633811930914,GDF10,Drug_Perturbations_from_GEO_down,Fibroblasts_UP→DOWNmatch
Drug_Perturbations_from_GEO_down,Oprelvekin DB00038 human GSE8762 sample 3297,3/266,0.4984290000410134,0.8386926388999099,0,0,1.1312462604466234,0.7876801272531928,TMEM176B;SERPING1;COL9A3,Drug_Perturbations_from_GEO_down,Fibroblasts_UP→DOWNmatch
Drug_Perturbations_from_GEO_down,CONCANAVALIN A 596316 mouse GSE17184 sample 3365,3/266,0.4984290000410134,0.8386926388999099,0,0,1.1312462604466234,0.7876801272531928,C3;CXCL12;TTR,Drug_Perturbations_from_GEO_down,Fibroblasts_UP→DOWNmatch
Drug_Perturbations_from_GEO_down,Interferon beta-1b DB00068 human GSE26104 sample 3185,3/267,0.5009290147655804,0.841143303960537,0,0,1.1269035532994924,0.7790181434353709,COL9A3;PTGDS;COCH,Drug_Perturbations_from_GEO_down,Fibroblasts_UP→DOWNmatch
Drug_Perturbations_from_GEO_down,Cadmium dichloride 24947 rat GSE31503 sample 3283,3/268,0.5034227508283917,0.8418231061570202,0,0,1.1225936213006418,0.7704640704697314,COL3A1;OLFML3;ACKR4,Drug_Perturbations_from_GEO_down,Fibroblasts_UP→DOWNmatch
Drug_Perturbations_from_GEO_down,estradiol 5757 human GSE26834 sample 3241,3/268,0.5034227508283917,0.8418231061570202,0,0,1.1225936213006418,0.7704640704697314,CEMIP;EFEMP1;MME,Drug_Perturbations_from_GEO_down,Fibroblasts_UP→DOWNmatch
Drug_Perturbations_from_GEO_down,pioglitazone DB01132 human GSE8157 sample 2796,3/269,0.5059101526715422,0.844231020814209,0,0,1.1183160948055415,0.7620163254906543,MFAP4;MXRA8;TRDN,Drug_Perturbations_from_GEO_down,Fibroblasts_UP→DOWNmatch
Drug_Perturbations_from_GEO_down,formaldehyde 712 rat GSE7002 sample 3547,3/272,0.5133338127146672,0.8548492831570697,0,0,1.1056743343460458,0.7372956425695988,MIA;TMOD2;SOX10,Drug_Perturbations_from_GEO_down,Fibroblasts_UP→DOWNmatch
Drug_Perturbations_from_GEO_down,cisplatin DB00515 human GSE47856 sample 3143,3/273,0.5157953425762584,0.8571774146731221,0,0,1.101522842639594,0.7292579272824005,PCOLCE2;SHISA3;PTN,Drug_Perturbations_from_GEO_down,Fibroblasts_UP→DOWNmatch
Drug_Perturbations_from_GEO_down,estradiol 5757 human GSE4668 sample 3062,3/275,0.5206985624411984,0.861772158783585,0,0,1.0933114362496268,0.7134775280501673,EFEMP1;STC2;APOD,Drug_Perturbations_from_GEO_down,Fibroblasts_UP→DOWNmatch
Drug_Perturbations_from_GEO_down,Bisphenol A 6623 human GSE17624 sample 2660,3/275,0.5206985624411984,0.861772158783585,0,0,1.0933114362496268,0.7134775280501673,SCD;COL12A1;MAL,Drug_Perturbations_from_GEO_down,Fibroblasts_UP→DOWNmatch
Drug_Perturbations_from_GEO_down,acetaminophen DB00316 mouse GSE37874 sample 3301,3/277,0.5255750039599109,0.8680603549010003,0,0,1.0852199044054984,0.6980811277837914,GREM2;APOD;SUGCT,Drug_Perturbations_from_GEO_down,Fibroblasts_UP→DOWNmatch
Drug_Perturbations_from_GEO_down,Calcitonin 16132288 mouse GSE60761 sample 3446,4/380,0.5288957002490153,0.8717585570566592,0,0,1.0542770299609203,0.6715365463241252,CXCL12;EFEMP1;SERPINE2;OGN,Drug_Perturbations_from_GEO_down,Fibroblasts_UP→DOWNmatch
Drug_Perturbations_from_GEO_down,cycloheximide 6197 human GSE8597 sample 3059,3/280,0.5328386372157148,0.8746801254498292,0,0,1.07330169143653,0.6756827459947093,MME;SCD;APOD,Drug_Perturbations_from_GEO_down,Fibroblasts_UP→DOWNmatch
Drug_Perturbations_from_GEO_down,Triiodothyronine-[13C6] hydrochloride (T3 thyronine) 53442265 human GSE29159 sample 3043,3/280,0.5328386372157148,0.8746801254498292,0,0,1.07330169143653,0.6756827459947093,CEMIP;TTR;GPC3,Drug_Perturbations_from_GEO_down,Fibroblasts_UP→DOWNmatch
Drug_Perturbations_from_GEO_down,isoflurane 3763 rat GSE6433 sample 3654,3/284,0.5424263688583035,0.8886090514223428,0,0,1.057806600791228,0.6470633953699181,PCSK2;NGFR;ELN,Drug_Perturbations_from_GEO_down,Fibroblasts_UP→DOWNmatch
Drug_Perturbations_from_GEO_down,PLX4720 CID 24180719 human GSE50791 sample 2507,3/285,0.5448056807866383,0.8906965085477291,0,0,1.0540015120423372,0.640122624449019,CEMIP;SERPINE2;SCD,Drug_Perturbations_from_GEO_down,Fibroblasts_UP→DOWNmatch
Drug_Perturbations_from_GEO_down,PBDE 47 95170 rat GSE19868 sample 3393,3/289,0.5542512687527816,0.9024778234641252,0,0,1.0390472471690746,0.6131803721759587,COL1A2;COL5A1;ELN,Drug_Perturbations_from_GEO_down,Fibroblasts_UP→DOWNmatch
Drug_Perturbations_from_GEO_down,HYPOCHLOROUS ACID 24341 human GSE11630 sample 3202,3/289,0.5542512687527816,0.9024778234641252,0,0,1.0390472471690746,0.6131803721759587,EFEMP1;SERPINE2;CP,Drug_Perturbations_from_GEO_down,Fibroblasts_UP→DOWNmatch
Drug_Perturbations_from_GEO_down,formaldehyde 712 rat GSE7002 sample 3552,2/186,0.5571827441654297,0.9054219592688232,0,0,1.0768555116381204,0.6298118751293473,SOX2;CP,Drug_Perturbations_from_GEO_down,Fibroblasts_UP→DOWNmatch
Drug_Perturbations_from_GEO_down,CADMIUM 23973 human GSE6907 sample 3530,4/395,0.5595094117274642,0.9064986398105888,0,0,1.0130486977399655,0.5882722423128358,DPP4;TTR;SCD;SERPINF1,Drug_Perturbations_from_GEO_down,Fibroblasts_UP→DOWNmatch
Drug_Perturbations_from_GEO_down,torcetrapib 159325 human GSE15918 sample 3035,2/187,0.5600946930839619,0.9064986398105888,0,0,1.070980070980071,0.6207929713579373,CFH;FBLN2,Drug_Perturbations_from_GEO_down,Fibroblasts_UP→DOWNmatch
Drug_Perturbations_from_GEO_down,Caerulein 16132921 mouse GSE3644 sample 3585,2/188,0.5629930408187093,0.9084916973731244,0,0,1.065167807103291,0.6119261357459725,COL3A1;CPB1,Drug_Perturbations_from_GEO_down,Fibroblasts_UP→DOWNmatch
Drug_Perturbations_from_GEO_down,HYPOCHLOROUS ACID 24341 mouse GSE15457 sample 3382,3/293,0.5635804574274964,0.9084916973731244,0,0,1.0245055137405916,0.5874977426953402,LRP1;CFH;TMEM176B,Drug_Perturbations_from_GEO_down,Fibroblasts_UP→DOWNmatch
Drug_Perturbations_from_GEO_down,Fasudil 3547 mouse GSE25829 sample 3276,4/398,0.5655041349939984,0.9097731193715825,0,0,1.0051797368693671,0.5729903164933543,TMOD2;IQGAP2;SCG2;WISP2,Drug_Perturbations_from_GEO_down,Fibroblasts_UP→DOWNmatch
Drug_Perturbations_from_GEO_down,carboplatin DB00958 human GSE49577 sample 3178,3/295,0.5682007226574778,0.9122904033106116,0,0,1.0173840483971908,0.5751074019522219,TUBB2B;CEMIP;FSTL1,Drug_Perturbations_from_GEO_down,Fibroblasts_UP→DOWNmatch
Drug_Perturbations_from_GEO_down,ribavirin DB00811 human GSE23031 sample 2481,3/296,0.5704996622057579,0.9141604925205584,0,0,1.0138597737391937,0.5690213986417477,LOX;PCOLCE2;STC2,Drug_Perturbations_from_GEO_down,Fibroblasts_UP→DOWNmatch
Drug_Perturbations_from_GEO_down,TRICHLOROETHYLENE 6575 mouse GSE24278 sample 3322,3/299,0.5773513534211254,0.9233039501139428,0,0,1.003429825764851,0.5511882843173868,FNDC1;SRD5A2;GPM6B,Drug_Perturbations_from_GEO_down,Fibroblasts_UP→DOWNmatch
Drug_Perturbations_from_GEO_down,gamma-Tocotrienol 5282349 human GSE21946 sample 3242,2/195,0.5828991415938182,0.9297162077965406,0,0,1.0261684199508034,0.5538652785208128,CXCL12;SCD,Drug_Perturbations_from_GEO_down,Fibroblasts_UP→DOWNmatch
Drug_Perturbations_from_GEO_down,bleomycin DB00290 mouse GSE485 sample 2685,1/87,0.5836679914950987,0.9297162077965406,0,0,1.1519224027112305,0.6202214761277236,C3,Drug_Perturbations_from_GEO_down,Fibroblasts_UP→DOWNmatch
Drug_Perturbations_from_GEO_down,quercetin DB04216 mouse GSE38136 sample 3436,3/303,0.5863806130401347,0.9303597915558044,0,0,0.9898477157360406,0.5283670408018276,C3;IQGAP2;CP,Drug_Perturbations_from_GEO_down,Fibroblasts_UP→DOWNmatch
Drug_Perturbations_from_GEO_down,Atorvastatin DB01076 human GSE11393 sample 3196,3/303,0.5863806130401347,0.9303597915558044,0,0,0.9898477157360406,0.5283670408018276,GREM1;SERPINE2;HTRA1,Drug_Perturbations_from_GEO_down,Fibroblasts_UP→DOWNmatch
Drug_Perturbations_from_GEO_down,Cadmium Chloride 24947 rat GSE9480 sample 3413,4/410,0.5890312855486189,0.932729304817656,0,0,0.9748667940082436,0.5159735781189468,COL3A1;COL1A2;WIF1;PENK,Drug_Perturbations_from_GEO_down,Fibroblasts_UP→DOWNmatch
Drug_Perturbations_from_GEO_down,Caerulein 16132921 mouse GSE3644 sample 3586,2/198,0.5912247998288709,0.934367036592294,0,0,1.010307153164296,0.5309759786558154,CPB1;DCN,Drug_Perturbations_from_GEO_down,Fibroblasts_UP→DOWNmatch
Drug_Perturbations_from_GEO_down,arsenic CID 5359596 human GSE20320 sample 2551,3/307,0.5952868706141385,0.9349185570360412,0,0,0.9766230296553566,0.5065859425088708,THBS2;CORIN;TRDN,Drug_Perturbations_from_GEO_down,Fibroblasts_UP→DOWNmatch
Drug_Perturbations_from_GEO_down,VANADIUM PENTOXIDE 14814 human GSE5339 sample 3558,5/519,0.5958253260661494,0.9349185570360412,0,0,0.9620871994412852,0.4981761906735881,COL1A1;OSR2;COL1A2;ADH1B;GAS1,Drug_Perturbations_from_GEO_down,Fibroblasts_UP→DOWNmatch
Drug_Perturbations_from_GEO_down,pioglitazone DB01132 rat GSE21329 sample 2843,2/200,0.5967065753140588,0.9349185570360412,0,0,1.0,0.516329785050999,DCN;THBS4,Drug_Perturbations_from_GEO_down,Fibroblasts_UP→DOWNmatch
Drug_Perturbations_from_GEO_down,imatinib DB00619 human GSE22433 sample 2526,2/200,0.5967065753140588,0.9349185570360412,0,0,1.0,0.516329785050999,CLMP;PLAT,Drug_Perturbations_from_GEO_down,Fibroblasts_UP→DOWNmatch
Drug_Perturbations_from_GEO_down,pioglitazone DB01132 rat GSE20219 sample 2794,3/308,0.5974940432611414,0.9349185570360412,0,0,0.9733710576683032,0.5012967673853685,SERPINE2;S100B;GPM6B,Drug_Perturbations_from_GEO_down,Fibroblasts_UP→DOWNmatch
Drug_Perturbations_from_GEO_down,soman 7305 rat GSE13428 sample 2636,2/201,0.599426855548892,0.9349185570360412,0,0,0.9949241155271306,0.5091835781900128,GDF10;CXCL12,Drug_Perturbations_from_GEO_down,Fibroblasts_UP→DOWNmatch
Drug_Perturbations_from_GEO_down,MT19c compound SID 134222379 human GSE23616 sample 3352,3/309,0.5996934168581058,0.9349185570360412,0,0,0.9701403404001194,0.4960683856727436,COL6A2;COL6A1;LOXL1,Drug_Perturbations_from_GEO_down,Fibroblasts_UP→DOWNmatch
Drug_Perturbations_from_GEO_down,imatinib DB00619 human GSE1922 sample 2457,3/312,0.6062445475662641,0.9433071531629516,0,0,0.960573653343847,0.4807400545960321,ECM1;CFH;SCD,Drug_Perturbations_from_GEO_down,Fibroblasts_UP→DOWNmatch
Drug_Perturbations_from_GEO_down,Lapatinib DB01259 human GSE38376 sample 3252,3/313,0.6084125327560264,0.9448564574207268,0,0,0.9574259046995252,0.4757469610948606,CFD;MAL;FBLN1,Drug_Perturbations_from_GEO_down,Fibroblasts_UP→DOWNmatch
Drug_Perturbations_from_GEO_down,RPI-1 1749978 human GSE49414 sample 3173,3/314,0.6105726262166263,0.9463875706357708,0,0,0.9542983988117584,0.4708107786854297,VCAN;SCD;STC2,Drug_Perturbations_from_GEO_down,Fibroblasts_UP→DOWNmatch
Drug_Perturbations_from_GEO_down,heroin 5462328 mouse GSE30305 sample 2615,2/207,0.6154601156600987,0.9521321558964292,0,0,0.9655087459965508,0.4686435933664049,CXCL12;ABI3BP,Drug_Perturbations_from_GEO_down,Fibroblasts_UP→DOWNmatch
Drug_Perturbations_from_GEO_down,"cytarabine, 2xEC50, 3 d 6253 human GSE6930 sample 3423",3/318,0.6191337644590653,0.9524703846999034,0,0,0.9419869470630892,0.4516205058959304,COL1A2;SCD;OLFML3,Drug_Perturbations_from_GEO_down,Fibroblasts_UP→DOWNmatch
Drug_Perturbations_from_GEO_down,Bisphenol A 6623 human GSE17624 sample 2661,3/318,0.6191337644590653,0.9524703846999034,0,0,0.9419869470630892,0.4516205058959304,COL12A1;MAL;FSTL1,Drug_Perturbations_from_GEO_down,Fibroblasts_UP→DOWNmatch
Drug_Perturbations_from_GEO_down,Harman 5281404 human GSE5080 sample 3482,4/426,0.6192239225592424,0.9524703846999034,0,0,0.9371312506045072,0.449156065372707,SRPX;TUBB2B;VCAN;FSTL1,Drug_Perturbations_from_GEO_down,Fibroblasts_UP→DOWNmatch
Drug_Perturbations_from_GEO_down,estradiol 5757 mouse GSE52711 sample 3120,3/320,0.6233665872794303,0.9570161320899444,0,0,0.935947733350414,0.4423480956758855,RCN3;SERPINF1;IQGAP2,Drug_Perturbations_from_GEO_down,Fibroblasts_UP→DOWNmatch
Drug_Perturbations_from_GEO_down,Sodium dichromate 25408 rat GSE31503 sample 3284,3/321,0.6254710154144363,0.9584213658251628,0,0,0.9329566133512116,0.437790159893841,COL3A1;TMEM176B;ACKR4,Drug_Perturbations_from_GEO_down,Fibroblasts_UP→DOWNmatch
Drug_Perturbations_from_GEO_down,dexamethasone DB01234 mouse GSE4165 sample 2710,3/323,0.6296558456180283,0.9618728418861652,0,0,0.9270304568527918,0.4288274967923144,COL3A1;COL1A2;PLAT,Drug_Perturbations_from_GEO_down,Fibroblasts_UP→DOWNmatch
Drug_Perturbations_from_GEO_down,"cytarabine, 2xEC50, 5 d 6253 human GSE6930 sample 3424",3/324,0.6317362257752204,0.9618728418861652,0,0,0.9240950709236682,0.4244214671727944,COL1A2;SCD;SERPINF1,Drug_Perturbations_from_GEO_down,Fibroblasts_UP→DOWNmatch
Drug_Perturbations_from_GEO_down,etanercept DB00005 human GSE41663 sample 2602,3/324,0.6317362257752204,0.9618728418861652,0,0,0.9240950709236682,0.4244214671727944,APELA;PLA2G2A;DIO2,Drug_Perturbations_from_GEO_down,Fibroblasts_UP→DOWNmatch
Drug_Perturbations_from_GEO_down,"doxorubicin, EC50, 3 d 31703 human GSE6930 sample 3261",3/325,0.6338085689575228,0.9618728418861652,0,0,0.9211779172052842,0.4200647869344704,SCD;OLFML3;COCH,Drug_Perturbations_from_GEO_down,Fibroblasts_UP→DOWNmatch
Drug_Perturbations_from_GEO_down,Caerulein 16132921 rat GSE5509 sample 3566,3/325,0.6338085689575228,0.9618728418861652,0,0,0.9211779172052842,0.4200647869344704,COL3A1;COL1A2;TTR,Drug_Perturbations_from_GEO_down,Fibroblasts_UP→DOWNmatch
Drug_Perturbations_from_GEO_down,soman 7305 rat GSE13428 sample 2633,1/100,0.6348838112697764,0.9618728418861652,0,0,1.0,0.454313271209604,GDF10,Drug_Perturbations_from_GEO_down,Fibroblasts_UP→DOWNmatch
Drug_Perturbations_from_GEO_down,ethinyl estradiol DB00977 mouse GSE280 sample 2739,2/216,0.6385854884672146,0.9656658606089588,0,0,0.9244784291513264,0.4146283193368318,PENK;PLAT,Drug_Perturbations_from_GEO_down,Fibroblasts_UP→DOWNmatch
Drug_Perturbations_from_GEO_down,decitabine DB01262 human GSE9118 sample 2703,3/329,0.6420173917156676,0.9690374863723372,0,0,0.9096882688175392,0.4031191555203858,PLAT;THBS2;SOX10,Drug_Perturbations_from_GEO_down,Fibroblasts_UP→DOWNmatch
Drug_Perturbations_from_GEO_down,"doxorubicin, 2xEC50, 3 d 31703 human GSE6930 sample 3264",3/332,0.6480892155027812,0.9763736592434424,0,0,0.9012543779797264,0.3908982799654111,SCD;OLFML3;COCH,Drug_Perturbations_from_GEO_down,Fibroblasts_UP→DOWNmatch
Drug_Perturbations_from_GEO_down,doxycycline DB00254 mouse GSE29848 sample 3209,3/333,0.6500969713560921,0.9775711920018848,0,0,0.8984771573604061,0.3869145790440944,SOX2;TUBB2B;PENK,Drug_Perturbations_from_GEO_down,Fibroblasts_UP→DOWNmatch
Drug_Perturbations_from_GEO_down,etanercept DB00005 human GSE41663 sample 2603,3/335,0.6540881747867144,0.980634276073166,0,0,0.8929729068558498,0.3790787083175441,APELA;PLA2G2A;PLAT,Drug_Perturbations_from_GEO_down,Fibroblasts_UP→DOWNmatch
Drug_Perturbations_from_GEO_down,Etanercept DB00005 human GSE36177 sample 2596,2/223,0.6558105177220811,0.980634276073166,0,0,0.8948763654646008,0.377533462789111,CFD;PTGDS,Drug_Perturbations_from_GEO_down,Fibroblasts_UP→DOWNmatch
Drug_Perturbations_from_GEO_down,Rosiglitazone 77999 mouse GSE7193 sample 3091,3/337,0.6580469406660759,0.980634276073166,0,0,0.8875345755190127,0.3714145921041832,PDGFRA;CXCL12;SERPING1,Drug_Perturbations_from_GEO_down,Fibroblasts_UP→DOWNmatch
Drug_Perturbations_from_GEO_down,decitabine DB01262 human GSE29077 sample 2538,3/337,0.6580469406660759,0.980634276073166,0,0,0.8875345755190127,0.3714145921041832,SERPINE2;SCD;COL5A2,Drug_Perturbations_from_GEO_down,Fibroblasts_UP→DOWNmatch
Drug_Perturbations_from_GEO_down,Lipopolysaccharide 11970143 human GSE5504 sample 3486,2/224,0.6582172994486138,0.980634276073166,0,0,0.8907998907998907,0.3725504727262002,CLMP;MME,Drug_Perturbations_from_GEO_down,Fibroblasts_UP→DOWNmatch
Drug_Perturbations_from_GEO_down,Bisphenol A 6623 human GSE17624 sample 2659,2/225,0.660610668831051,0.9818769168586072,0,0,0.8867599764460751,0.3676423648277945,MAL;FSTL1,Drug_Perturbations_from_GEO_down,Fibroblasts_UP→DOWNmatch
Drug_Perturbations_from_GEO_down,mepenzolate bromide CID 6461 mouse GSE50836 sample 2502,2/226,0.6629906518949221,0.9818769168586072,0,0,0.8827561327561327,0.3628078170664868,WIF1;SLITRK6,Drug_Perturbations_from_GEO_down,Fibroblasts_UP→DOWNmatch
Drug_Perturbations_from_GEO_down,trovafloxacin DB00685 human GSE9166 sample 3036,4/451,0.6635530725499534,0.9818769168586072,0,0,0.8835775921106698,0.3623962035474109,C3;C1S;TMEM176B;CP,Drug_Perturbations_from_GEO_down,Fibroblasts_UP→DOWNmatch
Drug_Perturbations_from_GEO_down,colchicine DB01394 human GSE4090 sample 2696,3/340,0.6639242179751128,0.9818769168586072,0,0,0.8794981096265948,0.3602312257999248,SCD;IGSF1;SNCA,Drug_Perturbations_from_GEO_down,Fibroblasts_UP→DOWNmatch
Drug_Perturbations_from_GEO_down,vemurafenib DB08881 human GSE63790 sample 2508,3/341,0.665867070479614,0.9827082396669864,0,0,0.8768509896975341,0.3565848025947032,DIRAS3;SERPINE2;TIMP4,Drug_Perturbations_from_GEO_down,Fibroblasts_UP→DOWNmatch
Drug_Perturbations_from_GEO_down,SODIUM BUTYRATE 5222465 mouse GSE4410 sample 3584,3/343,0.669728410160782,0.9827082396669864,0,0,0.8716034637205136,0.3494110172263837,HTRA1;MAL;PCOLCE,Drug_Perturbations_from_GEO_down,Fibroblasts_UP→DOWNmatch
Drug_Perturbations_from_GEO_down,vancomycin DB14969 mouse GSE7793 sample 3399,3/343,0.669728410160782,0.9827082396669864,0,0,0.8716034637205136,0.3494110172263837,GDF10;MAL;GPM6B,Drug_Perturbations_from_GEO_down,Fibroblasts_UP→DOWNmatch
Drug_Perturbations_from_GEO_down,Insulin Regular DB00030 mouse GSE39752 sample 3290,2/230,0.6723772715757,0.9827082396669864,0,0,0.8670919723551302,0.3441797416335511,SERPINE2;MME,Drug_Perturbations_from_GEO_down,Fibroblasts_UP→DOWNmatch
Drug_Perturbations_from_GEO_down,Interferon-&Icirc;&sup2;-1b (Betaferon) DB00068 human GSE26104 sample 3343,2/230,0.6723772715757,0.9827082396669864,0,0,0.8670919723551302,0.3441797416335511,SERPINF1;COCH,Drug_Perturbations_from_GEO_down,Fibroblasts_UP→DOWNmatch
Drug_Perturbations_from_GEO_down,methamphetamine 10836 mouse GSE30305 sample 2614,1/111,0.6732890175997336,0.9827082396669864,0,0,0.8994974874371859,0.3558237511616551,COL5A1,Drug_Perturbations_from_GEO_down,Fibroblasts_UP→DOWNmatch
Drug_Perturbations_from_GEO_down,SODIUM BUTYRATE 5222465 mouse GSE4410 sample 3583,3/345,0.6735572634189149,0.9827082396669864,0,0,0.8664173123163238,0.3423927542787797,HTRA1;MAL;PCOLCE,Drug_Perturbations_from_GEO_down,Fibroblasts_UP→DOWNmatch
Drug_Perturbations_from_GEO_down,quercetin DB04216 mouse GSE4262 sample 3432,3/346,0.6754595096470353,0.9827082396669864,0,0,0.8638469165766379,0.338940759760267,C3;ABI3BP;IQGAP2,Drug_Perturbations_from_GEO_down,Fibroblasts_UP→DOWNmatch
Drug_Perturbations_from_GEO_down,cisplatin DB00515 human GSE47856 sample 3149,3/346,0.6754595096470353,0.9827082396669864,0,0,0.8638469165766379,0.338940759760267,EFEMP1;PTN;HAPLN1,Drug_Perturbations_from_GEO_down,Fibroblasts_UP→DOWNmatch
Drug_Perturbations_from_GEO_down,quercetin DB04216 mouse GSE4262 sample 3431,3/348,0.679239649267235,0.984653160628402,0,0,0.8587508276318694,0.3321487350936148,CFD;C3;STC2,Drug_Perturbations_from_GEO_down,Fibroblasts_UP→DOWNmatch
Drug_Perturbations_from_GEO_down,PLX4032 DB05238 human GSE24862 sample 2569,3/348,0.679239649267235,0.984653160628402,0,0,0.8587508276318694,0.3321487350936148,PDGFRA;CEMIP;COL6A3,Drug_Perturbations_from_GEO_down,Fibroblasts_UP→DOWNmatch
Drug_Perturbations_from_GEO_down,ubiquinol 9962735 mouse GSE15129 sample 3461,3/349,0.6811175472952581,0.9856027704128868,0,0,0.8562248760306329,0.3288078004576487,C3;TTR;UGT3A2,Drug_Perturbations_from_GEO_down,Fibroblasts_UP→DOWNmatch
Drug_Perturbations_from_GEO_down,imatinib DB00619 human GSE1922 sample 2517,3/353,0.688548068634347,0.9903142428048194,0,0,0.8462654097171863,0.3158009871658587,ECM1;CFH;COCH,Drug_Perturbations_from_GEO_down,Fibroblasts_UP→DOWNmatch
Drug_Perturbations_from_GEO_down,coenzyme Q10 5281915 mouse GSE15129 sample 3460,3/354,0.6903854515393084,0.9903142428048194,0,0,0.8438110113237017,0.3126363775917088,TTR;UGT3A2;SOD3,Drug_Perturbations_from_GEO_down,Fibroblasts_UP→DOWNmatch
Drug_Perturbations_from_GEO_down,methylprednisolone 6741 rat GSE490 sample 3664,3/354,0.6903854515393084,0.9903142428048194,0,0,0.8438110113237017,0.3126363775917088,MYOC;ELN;LOXL1,Drug_Perturbations_from_GEO_down,Fibroblasts_UP→DOWNmatch
Drug_Perturbations_from_GEO_down,Triiodothyronine-[13C6] hydrochloride (T3 thyronine) 53442265 human GSE29159 sample 3042,2/238,0.6905168789780503,0.9903142428048194,0,0,0.837356617017634,0.3100855999567537,CEMIP;TTR,Drug_Perturbations_from_GEO_down,Fibroblasts_UP→DOWNmatch
Drug_Perturbations_from_GEO_down,etanercept DB00005 human GSE47751 sample 2593,2/238,0.6905168789780503,0.9903142428048194,0,0,0.837356617017634,0.3100855999567537,LINC00968;SCG2,Drug_Perturbations_from_GEO_down,Fibroblasts_UP→DOWNmatch
Drug_Perturbations_from_GEO_down,CONCANAVALIN A 596316 mouse GSE17184 sample 3366,3/355,0.6922147451196669,0.9909859406153668,0,0,0.8413705583756346,0.3095057710947022,CXCL12;SERPINF1;IGF1,Drug_Perturbations_from_GEO_down,Fibroblasts_UP→DOWNmatch
Drug_Perturbations_from_GEO_down,quercetin DB04216 mouse GSE4262 sample 3427,2/240,0.6949213024589003,0.9926959956036576,0,0,0.8302351243527714,0.3021696142490626,OSR2;CPB1,Drug_Perturbations_from_GEO_down,Fibroblasts_UP→DOWNmatch
Drug_Perturbations_from_GEO_down,bleomycin DB00290 human GSE3598 sample 3587,2/241,0.6971041358705585,0.9926959956036576,0,0,0.8267190735809983,0.2982971676152376,EDN3;HAPLN1,Drug_Perturbations_from_GEO_down,Fibroblasts_UP→DOWNmatch
Drug_Perturbations_from_GEO_down,streptozocin DB00428 mouse GSE39752 sample 3065,2/241,0.6971041358705585,0.9926959956036576,0,0,0.8267190735809983,0.2982971676152376,SERPINE2;MME,Drug_Perturbations_from_GEO_down,Fibroblasts_UP→DOWNmatch
Drug_Perturbations_from_GEO_down,estradiol DB00783 human GSE24592 sample 2732,2/242,0.6992740996180559,0.994029848839776,0,0,0.8232323232323232,0.294480478051793,SOX2;GAS1,Drug_Perturbations_from_GEO_down,Fibroblasts_UP→DOWNmatch
Drug_Perturbations_from_GEO_down,Curcumin 969516 human GSE16160 sample 3425,3/361,0.7030209676309663,0.9956364650836508,0,0,0.8270141508096305,0.29141378681241,CFD;SRPX;ELANE,Drug_Perturbations_from_GEO_down,Fibroblasts_UP→DOWNmatch
Drug_Perturbations_from_GEO_down,methotrexate DB00563 human GSE23687 sample 2541,2/245,0.7057071518905297,0.9956364650836508,0,0,0.8129442573887018,0.2833557259345162,MME;ELANE,Drug_Perturbations_from_GEO_down,Fibroblasts_UP→DOWNmatch
Drug_Perturbations_from_GEO_down,estradiol 5757 human GSE16683 sample 3394,2/246,0.7078260186562699,0.9956364650836508,0,0,0.8095711210465308,0.2797529288928009,ZNF469;COCH,Drug_Perturbations_from_GEO_down,Fibroblasts_UP→DOWNmatch
Drug_Perturbations_from_GEO_down,vemurafenib DB08881 human GSE37441 sample 2560,3/364,0.7083154093717741,0.9956364650836508,0,0,0.8200149050156784,0.2827950888731549,CEMIP;PLAT;SCG2,Drug_Perturbations_from_GEO_down,Fibroblasts_UP→DOWNmatch
Drug_Perturbations_from_GEO_down,imatinib DB00619 human GSE1922 sample 2515,3/365,0.7100641783786078,0.9956364650836508,0,0,0.8177076029952043,0.2799830186252386,ECM1;CFH;SCD,Drug_Perturbations_from_GEO_down,Fibroblasts_UP→DOWNmatch
Drug_Perturbations_from_GEO_down,VX 39793 human GSE33606 sample 3376,3/367,0.7135377046247376,0.9956364650836508,0,0,0.8131310314051431,0.2744479847910862,PLAT;FSTL1;FBLN5,Drug_Perturbations_from_GEO_down,Fibroblasts_UP→DOWNmatch
Drug_Perturbations_from_GEO_down,CONCANAVALIN A 596316 mouse GSE17184 sample 3367,3/367,0.7135377046247376,0.9956364650836508,0,0,0.8131310314051431,0.2744479847910862,SERPINF1;UGT3A2;IGF1,Drug_Perturbations_from_GEO_down,Fibroblasts_UP→DOWNmatch
Drug_Perturbations_from_GEO_down,CADMIUM 23973 human GSE9951 sample 3405,2/249,0.7141067222770565,0.9956364650836508,0,0,0.7996155890892733,0.2692488455287063,ACKR4;GAS1,Drug_Perturbations_from_GEO_down,Fibroblasts_UP→DOWNmatch
Drug_Perturbations_from_GEO_down,alitretinoin DB00523 rat GSE3952 sample 2673,4/483,0.7150197735356068,0.9956364650836508,0,0,0.8231860593924417,0.2761337146804659,TTR;C1R;SERPING1;PODN,Drug_Perturbations_from_GEO_down,Fibroblasts_UP→DOWNmatch
Drug_Perturbations_from_GEO_down,"cytarabine, EC50, 3 d 6253 human GSE6930 sample 3374",3/368,0.7152624815219494,0.9956364650836508,0,0,0.8108615534385648,0.2717243257369093,COL1A2;SCD;OLFML3,Drug_Perturbations_from_GEO_down,Fibroblasts_UP→DOWNmatch
Drug_Perturbations_from_GEO_down,resveratrol DB02709 human GSE36930 sample 3498,2/251,0.7182310182694377,0.9956364650836508,0,0,0.7931118413046124,0.2624914747586168,CFD;SNCA,Drug_Perturbations_from_GEO_down,Fibroblasts_UP→DOWNmatch
Drug_Perturbations_from_GEO_down,luteolin 5280445 human GSE53180 sample 3473,3/370,0.7186881147973812,0.9956364650836508,0,0,0.806359700687423,0.2663630192673044,COL6A1;PLAT;FSTL1,Drug_Perturbations_from_GEO_down,Fibroblasts_UP→DOWNmatch
Drug_Perturbations_from_GEO_down,amoxicillin DB01060 rat GSE2354 sample 2676,3/370,0.7186881147973812,0.9956364650836508,0,0,0.806359700687423,0.2663630192673044,COL1A1;TMEM176B;PLA2G2A,Drug_Perturbations_from_GEO_down,Fibroblasts_UP→DOWNmatch
Drug_Perturbations_from_GEO_down,imatinib DB00619 mouse GSE35559 sample 2525,1/126,0.7192618685309876,0.9956364650836508,0,0,0.7909547738693468,0.2606431490060761,MFAP5,Drug_Perturbations_from_GEO_down,Fibroblasts_UP→DOWNmatch
Drug_Perturbations_from_GEO_down,quercetin DB04216 mouse GSE38067 sample 3441,4/486,0.7195374932035127,0.9956364650836508,0,0,0.8179354729443644,0.2692207158718129,F10;TMEM176B;SERPING1;CP,Drug_Perturbations_from_GEO_down,Fibroblasts_UP→DOWNmatch
Drug_Perturbations_from_GEO_down,cisplatin DB00515 human GSE47856 sample 3158,1/129,0.7276527766729426,0.9956364650836508,0,0,0.7722989949748744,0.2455380232172469,SMIM5,Drug_Perturbations_from_GEO_down,Fibroblasts_UP→DOWNmatch
Drug_Perturbations_from_GEO_down,vitamin c DB00126 mouse GSE46319 sample 3506,2/256,0.728324265848227,0.9956364650836508,0,0,0.7773005647021395,0.2464112046298539,RCN3;MIA,Drug_Perturbations_from_GEO_down,Fibroblasts_UP→DOWNmatch
Drug_Perturbations_from_GEO_down,estradiol 5757 human GSE24592 sample 3346,2/257,0.7303059752798987,0.9956364650836508,0,0,0.774212715389186,0.2433286215291094,SOX2;GAS1,Drug_Perturbations_from_GEO_down,Fibroblasts_UP→DOWNmatch
Drug_Perturbations_from_GEO_down,cisplatin DB00515 human GSE47856 sample 3159,2/257,0.7303059752798987,0.9956364650836508,0,0,0.774212715389186,0.2433286215291094,SERPINE2;CORIN,Drug_Perturbations_from_GEO_down,Fibroblasts_UP→DOWNmatch
Drug_Perturbations_from_GEO_down,metoprolol DB00264 human GSE3356 sample 2786,1/131,0.7331076000158043,0.9956364650836508,0,0,0.7603401623502126,0.2360573310794884,COL1A2,Drug_Perturbations_from_GEO_down,Fibroblasts_UP→DOWNmatch
Drug_Perturbations_from_GEO_down,doxycycline DB00254 human GSE41035 sample 3039,2/262,0.7400322559556538,0.9956364650836508,0,0,0.7591297591297591,0.2285447474737618,DIRAS3;OLFML3,Drug_Perturbations_from_GEO_down,Fibroblasts_UP→DOWNmatch
Drug_Perturbations_from_GEO_down,morphine 5288826 mouse GSE7762 sample 3488,2/263,0.7419413754559349,0.9956364650836508,0,0,0.7561825148032044,0.2257091740429936,SLC22A16;PLP1,Drug_Perturbations_from_GEO_down,Fibroblasts_UP→DOWNmatch
Drug_Perturbations_from_GEO_down,carboplatin DB00958 human GSE49577 sample 3175,2/264,0.7438385564145775,0.9956364650836508,0,0,0.7532577685249441,0.2229125218716846,MAL;PTGDS,Drug_Perturbations_from_GEO_down,Fibroblasts_UP→DOWNmatch
Drug_Perturbations_from_GEO_down,ethanol DB00898 human GSE3846 sample 2738,2/265,0.7457238452415162,0.9956364650836508,0,0,0.7503552636632485,0.2201541802983586,TTR;MPZ,Drug_Perturbations_from_GEO_down,Fibroblasts_UP→DOWNmatch
Drug_Perturbations_from_GEO_down,morphine 5288826 mouse GSE7762 sample 3489,3/387,0.7465313231479243,0.9956364650836508,0,0,0.7699873096446701,0.2250809215963628,NTM;PENK;PLP1,Drug_Perturbations_from_GEO_down,Fibroblasts_UP→DOWNmatch
Drug_Perturbations_from_GEO_down,ubiquinol 9962735 mouse GSE15129 sample 3457,2/267,0.7494589336279407,0.9956364650836508,0,0,0.7446159710310654,0.2147500418036741,COL3A1;MYOT,Drug_Perturbations_from_GEO_down,Fibroblasts_UP→DOWNmatch
Drug_Perturbations_from_GEO_down,estradiol 5757 mouse GSE52711 sample 3118,2/267,0.7494589336279407,0.9956364650836508,0,0,0.7446159710310654,0.2147500418036741,SERPINF1;IQGAP2,Drug_Perturbations_from_GEO_down,Fibroblasts_UP→DOWNmatch
Drug_Perturbations_from_GEO_down,Triiodothyronine-[13C6] hydrochloride (T3 thyronine) 53442265 human GSE29159 sample 3045,2/268,0.7513088273379281,0.9956364650836508,0,0,0.7417786891471102,0.2121030784801347,CEMIP;GPC3,Drug_Perturbations_from_GEO_down,Fibroblasts_UP→DOWNmatch
Drug_Perturbations_from_GEO_down,estradiol 5757 human GSE4668 sample 3061,2/269,0.7531470172506343,0.9956364650836508,0,0,0.7389626603109749,0.2094920924360804,STC2;APOD,Drug_Perturbations_from_GEO_down,Fibroblasts_UP→DOWNmatch
Drug_Perturbations_from_GEO_down,lipopolysaccharide 11970143 human GSE40885 sample 2475,2/275,0.7639330621057138,0.9956364650836508,0,0,0.7224997224997225,0.1945511913110494,MME;SCD,Drug_Perturbations_from_GEO_down,Fibroblasts_UP→DOWNmatch
Drug_Perturbations_from_GEO_down,Monuron 8800 rat GSE51163 sample 2470,2/276,0.7656906721124701,0.9956364650836508,0,0,0.71982599719826,0.1921769946889114,COL6A2;COCH,Drug_Perturbations_from_GEO_down,Fibroblasts_UP→DOWNmatch
Drug_Perturbations_from_GEO_down,"2,3,7,8-tetrachlorodibenzo-p-dioxin 10852289 mouse GSE2812 sample 3602",3/400,0.7663142118059494,0.9956364650836508,0,0,0.7442749555677736,0.1980984514037354,TMEM176B;COL5A2;TMEM119,Drug_Perturbations_from_GEO_down,Fibroblasts_UP→DOWNmatch
Drug_Perturbations_from_GEO_down,Bisphenol A 6623 human GSE17624 sample 2663,2/277,0.7674369654461646,0.9956364650836508,0,0,0.7171717171717171,0.1898345880301726,MAL;FSTL1,Drug_Perturbations_from_GEO_down,Fibroblasts_UP→DOWNmatch
Drug_Perturbations_from_GEO_down,Androstanolone 10635 human GSE7868 sample 3410,2/278,0.7691719913305592,0.9956364650836508,0,0,0.7145366710584102,0.1875234888780641,OSR2;PLA2G2A,Drug_Perturbations_from_GEO_down,Fibroblasts_UP→DOWNmatch
Drug_Perturbations_from_GEO_down,LMP-420 497668 human GSE20211 sample 3222,2/278,0.7691719913305592,0.9956364650836508,0,0,0.7145366710584102,0.1875234888780641,SERPINF1;FMOD,Drug_Perturbations_from_GEO_down,Fibroblasts_UP→DOWNmatch
Drug_Perturbations_from_GEO_down,motexafin gadolinium (24 h) DB05428 human GSE2189 sample 3128,3/402,0.7692443181982583,0.9956364650836508,0,0,0.7404679210717148,0.1942592792400869,C3;SRPX;SERPINE2,Drug_Perturbations_from_GEO_down,Fibroblasts_UP→DOWNmatch
Drug_Perturbations_from_GEO_down,cisplatin DB00515 human GSE47856 sample 3148,1/146,0.7706982785234464,0.9956364650836508,0,0,0.6811644429041761,0.1774149463430572,MXRA8,Drug_Perturbations_from_GEO_down,Fibroblasts_UP→DOWNmatch
Drug_Perturbations_from_GEO_down,HYPOCHLOROUS ACID 24341 human GSE11630 sample 3198,3/404,0.7721446004685,0.9956364650836508,0,0,0.7366988619821006,0.1904981261158682,EFEMP1;SERPINE2;CP,Drug_Perturbations_from_GEO_down,Fibroblasts_UP→DOWNmatch
Drug_Perturbations_from_GEO_down,PBDE 47 CID 95170 rat GSE19868 sample 3392,2/285,0.7810058444750079,0.9956364650836508,0,0,0.6966127708177178,0.1721836216943668,COL1A2;HTRA1,Drug_Perturbations_from_GEO_down,Fibroblasts_UP→DOWNmatch
Drug_Perturbations_from_GEO_down,cisplatin DB00515 human GSE47856 sample 3155,2/288,0.7859134587550115,0.9956364650836508,0,0,0.6891996891996892,0.1660341294748642,PCOLCE2;DIO2,Drug_Perturbations_from_GEO_down,Fibroblasts_UP→DOWNmatch
Drug_Perturbations_from_GEO_down,Triiodothyronine-[13C6] hydrochloride (T3 thyronine) 53442265 human GSE29159 sample 3046,2/289,0.7875278269331417,0.9956364650836508,0,0,0.6867631013972477,0.1640378809439978,CEMIP;GPC3,Drug_Perturbations_from_GEO_down,Fibroblasts_UP→DOWNmatch
Drug_Perturbations_from_GEO_down,SODIUM BUTYRATE 5222465 mouse GSE4410 sample 3582,2/289,0.7875278269331417,0.9956364650836508,0,0,0.6867631013972477,0.1640378809439978,HTRA1;PCOLCE,Drug_Perturbations_from_GEO_down,Fibroblasts_UP→DOWNmatch
Drug_Perturbations_from_GEO_down,estradiol DB00783 human GSE26834 sample 2733,2/290,0.7891315277249917,0.9956364650836508,0,0,0.6843434343434344,0.1620677657336847,EFEMP1;MME,Drug_Perturbations_from_GEO_down,Fibroblasts_UP→DOWNmatch
Drug_Perturbations_from_GEO_down,estradiol 5757 human GSE24592 sample 3344,2/290,0.7891315277249917,0.9956364650836508,0,0,0.6843434343434344,0.1620677657336847,SOX2;GAS1,Drug_Perturbations_from_GEO_down,Fibroblasts_UP→DOWNmatch
Drug_Perturbations_from_GEO_down,FGFR-specific PD173074 inhibitor 1401 human GSE52452 sample 3244,2/290,0.7891315277249917,0.9956364650836508,0,0,0.6843434343434344,0.1620677657336847,SCD;STC2,Drug_Perturbations_from_GEO_down,Fibroblasts_UP→DOWNmatch
Drug_Perturbations_from_GEO_down,HYPOCHLOROUS ACID 24341 human GSE11630 sample 3200,2/294,0.7954406687856256,0.9956364650836508,0,0,0.674830496748305,0.1544410444893004,EFEMP1;CP,Drug_Perturbations_from_GEO_down,Fibroblasts_UP→DOWNmatch
Drug_Perturbations_from_GEO_down,cetuximab DB00002 human GSE61495 sample 3134,2/294,0.7954406687856256,0.9956364650836508,0,0,0.674830496748305,0.1544410444893004,ITGBL1;GAS1,Drug_Perturbations_from_GEO_down,Fibroblasts_UP→DOWNmatch
Drug_Perturbations_from_GEO_down,SODIUM PYRUVATE 23662274 mouse GSE5497 sample 3565,3/423,0.798240614795501,0.9956364650836508,0,0,0.7026831036983321,0.1583462678287211,C1QTNF3;TUBB2B;COL3A1,Drug_Perturbations_from_GEO_down,Fibroblasts_UP→DOWNmatch
Drug_Perturbations_from_GEO_down,estradiol DB00783 human GSE11506 sample 2730,2/296,0.798532552495655,0.9956364650836508,0,0,0.6701710987425273,0.1507747889344095,SLITRK6;SOD3,Drug_Perturbations_from_GEO_down,Fibroblasts_UP→DOWNmatch
Drug_Perturbations_from_GEO_down,dexamethasone DB01234 human GSE34313 sample 2714,2/297,0.8000630005968341,0.9956364650836508,0,0,0.6678650915939052,0.1489771955336692,CXCL12;ACKR4,Drug_Perturbations_from_GEO_down,Fibroblasts_UP→DOWNmatch
Drug_Perturbations_from_GEO_down,Triiodothyronine-[13C6] hydrochloride (T3 thyronine) 53442265 human GSE29159 sample 3047,2/297,0.8000630005968341,0.9956364650836508,0,0,0.6678650915939052,0.1489771955336692,CEMIP;TTR,Drug_Perturbations_from_GEO_down,Fibroblasts_UP→DOWNmatch
Drug_Perturbations_from_GEO_down,coenzyme Q10 5281915 mouse GSE15129 sample 3464,2/298,0.8015831873259784,0.9956364650836508,0,0,0.6655746655746656,0.1472028344264448,C3;SERPINF1,Drug_Perturbations_from_GEO_down,Fibroblasts_UP→DOWNmatch
Drug_Perturbations_from_GEO_down,formaldehyde 712 rat GSE7002 sample 3550,2/298,0.8015831873259784,0.9956364650836508,0,0,0.6655746655746656,0.1472028344264448,CFD;SOX2,Drug_Perturbations_from_GEO_down,Fibroblasts_UP→DOWNmatch
Drug_Perturbations_from_GEO_down,coenzyme Q10 5281915 mouse GSE15129 sample 3450,3/426,0.8021256671952178,0.9956364650836508,0,0,0.6975915325629117,0.1538119508252126,MEG3;TTR;PENK,Drug_Perturbations_from_GEO_down,Fibroblasts_UP→DOWNmatch
Drug_Perturbations_from_GEO_down,methamphetamine 10836 mouse GSE30305 sample 2667,1/161,0.803017144047044,0.9956364650836508,0,0,0.6168341708542714,0.1353205963518587,HSPB3,Drug_Perturbations_from_GEO_down,Fibroblasts_UP→DOWNmatch
Drug_Perturbations_from_GEO_down,Gefitinib DB00317 human GSE53180 sample 3474,3/427,0.803406756871657,0.9956364650836508,0,0,0.6959103534144239,0.1523307030228584,SHISA3;PLAT;FSTL1,Drug_Perturbations_from_GEO_down,Fibroblasts_UP→DOWNmatch
Drug_Perturbations_from_GEO_down,"doxorubicin, EC50, 1 d 31703 human GSE6930 sample 3260",2/300,0.804592980118748,0.9956364650836508,0,0,0.6610399294963053,0.1437224713299629,SERPINE2;SCD,Drug_Perturbations_from_GEO_down,Fibroblasts_UP→DOWNmatch
Drug_Perturbations_from_GEO_down,decitabine DB01262 human GSE29077 sample 2540,2/300,0.804592980118748,0.9956364650836508,0,0,0.6610399294963053,0.1437224713299629,SCD;COL5A2,Drug_Perturbations_from_GEO_down,Fibroblasts_UP→DOWNmatch
Drug_Perturbations_from_GEO_down,neocarzinostatin 5282473 human GSE1676 sample 3113,2/301,0.8060826881011679,0.9956364650836508,0,0,0.6587953109692241,0.1420158141365865,VCAN;GAS1,Drug_Perturbations_from_GEO_down,Fibroblasts_UP→DOWNmatch
Drug_Perturbations_from_GEO_down,PLX4720 CID 24180719 human GSE50791 sample 2505,2/301,0.8060826881011679,0.9956364650836508,0,0,0.6587953109692241,0.1420158141365865,SERPINE2;SCD,Drug_Perturbations_from_GEO_down,Fibroblasts_UP→DOWNmatch
Drug_Perturbations_from_GEO_down,motexafin gadolinium (4 h) DB05428 human GSE2189 sample 3125,2/302,0.8075623384422789,0.9956364650836508,0,0,0.6565656565656566,0.1403310786981967,CFD;CFH,Drug_Perturbations_from_GEO_down,Fibroblasts_UP→DOWNmatch
Drug_Perturbations_from_GEO_down,resveratrol DB02709 mouse GSE11291 sample 3503,2/303,0.8090319819353967,0.9956364650836508,0,0,0.6543508171415148,0.1386679508951278,MYOT;CORIN,Drug_Perturbations_from_GEO_down,Fibroblasts_UP→DOWNmatch
Drug_Perturbations_from_GEO_down,"doxorubicin, 2xEC50, 1 d 31703 human GSE6930 sample 3263",2/304,0.8104916696253904,0.9956364650836508,0,0,0.652150645528129,0.1370261215519758,SCD;OLFML3,Drug_Perturbations_from_GEO_down,Fibroblasts_UP→DOWNmatch
Drug_Perturbations_from_GEO_down,vancomycin DB14969 mouse GSE7793 sample 3396,2/308,0.8162318794297881,0.9956364650836508,0,0,0.64349376114082,0.1306657829389894,NTM;GPM6B,Drug_Perturbations_from_GEO_down,Fibroblasts_UP→DOWNmatch
Drug_Perturbations_from_GEO_down,HYPOCHLOROUS ACID 24341 mouse GSE15457 sample 3383,2/309,0.8176425509190686,0.9956364650836508,0,0,0.6413647879445925,0.1291259837878567,LRP1;TMEM176B,Drug_Perturbations_from_GEO_down,Fibroblasts_UP→DOWNmatch
Drug_Perturbations_from_GEO_down,PRISTANE 15979 mouse GSE17297 sample 3229,2/309,0.8176425509190686,0.9956364650836508,0,0,0.6413647879445925,0.1291259837878567,CFD;DPT,Drug_Perturbations_from_GEO_down,Fibroblasts_UP→DOWNmatch
Drug_Perturbations_from_GEO_down,fenretinide 5288209 rat GSE3952 sample 3559,3/440,0.819439063746409,0.9956364650836508,0,0,0.6747551952049623,0.1343675386880797,COL3A1;TTR;PODN,Drug_Perturbations_from_GEO_down,Fibroblasts_UP→DOWNmatch
Drug_Perturbations_from_GEO_down,rosiglitazone DB00412 rat GSE7193 sample 2811,2/311,0.8204349923265001,0.9956364650836508,0,0,0.6371481808375012,0.1261047508333484,COL3A1;SFRP2,Drug_Perturbations_from_GEO_down,Fibroblasts_UP→DOWNmatch
Drug_Perturbations_from_GEO_down,Telapristone Acetate 9806190 human GSE67561 sample 3695,2/311,0.8204349923265001,0.9956364650836508,0,0,0.6371481808375012,0.1261047508333484,OLFML3;SOD3,Drug_Perturbations_from_GEO_down,Fibroblasts_UP→DOWNmatch
Drug_Perturbations_from_GEO_down,ethanol DB00898 mouse GSE52644 sample 3476,2/314,0.824552160663294,0.9956364650836508,0,0,0.6309246309246309,0.1217147466850648,SERPINE2;OMD,Drug_Perturbations_from_GEO_down,Fibroblasts_UP→DOWNmatch
Drug_Perturbations_from_GEO_down,heroin 5462328 mouse GSE30305 sample 2666,3/446,0.8264580007680106,0.9956364650836508,0,0,0.6654100445737988,0.1268312659179782,DIO2;S100B;GPM6B,Drug_Perturbations_from_GEO_down,Fibroblasts_UP→DOWNmatch
Drug_Perturbations_from_GEO_down,ubiquinol 9962735 human GSE19627 sample 3449,2/318,0.8299103868936373,0.9956364650836508,0,0,0.6228103823040532,0.1161152427993131,SCD;ELANE,Drug_Perturbations_from_GEO_down,Fibroblasts_UP→DOWNmatch
Drug_Perturbations_from_GEO_down,PLX4032 DB05238 human GSE24862 sample 2568,2/318,0.8299103868936373,0.9956364650836508,0,0,0.6228103823040532,0.1161152427993131,SHC4;SLITRK6,Drug_Perturbations_from_GEO_down,Fibroblasts_UP→DOWNmatch
Drug_Perturbations_from_GEO_down,lapatinib 208908 human GSE38376 sample 3245,2/318,0.8299103868936373,0.9956364650836508,0,0,0.6228103823040532,0.1161152427993131,CFD;FBLN1,Drug_Perturbations_from_GEO_down,Fibroblasts_UP→DOWNmatch
Drug_Perturbations_from_GEO_down,ubiquinol 9962735 human GSE21351 sample 3448,2/319,0.8312268274253161,0.9956364650836508,0,0,0.6208138163974126,0.114759025840807,VCAN;TMEM176B,Drug_Perturbations_from_GEO_down,Fibroblasts_UP→DOWNmatch
Drug_Perturbations_from_GEO_down,rosiglitazone DB00412 human GSE7035 sample 2810,2/319,0.8312268274253161,0.9956364650836508,0,0,0.6208138163974126,0.114759025840807,EFEMP1;COL5A1,Drug_Perturbations_from_GEO_down,Fibroblasts_UP→DOWNmatch
Drug_Perturbations_from_GEO_down,motexafin gadolinium (12 h) DB05428 human GSE2189 sample 3127,2/320,0.8325341219837613,0.9956364650836508,0,0,0.6188298075090528,0.1134197896392134,SERPINE2;COCH,Drug_Perturbations_from_GEO_down,Fibroblasts_UP→DOWNmatch
Drug_Perturbations_from_GEO_down,vancomycin DB14969 mouse GSE7793 sample 3397,2/321,0.8338323207372507,0.9956364650836508,0,0,0.6168582375478927,0.1120972993433411,C3;NTM,Drug_Perturbations_from_GEO_down,Fibroblasts_UP→DOWNmatch
Drug_Perturbations_from_GEO_down,ethanol DB00898 mouse GSE52644 sample 3475,2/321,0.8338323207372507,0.9956364650836508,0,0,0.6168582375478927,0.1120972993433411,GREM2;SCARA5,Drug_Perturbations_from_GEO_down,Fibroblasts_UP→DOWNmatch
Drug_Perturbations_from_GEO_down,methotrexate DB00563 human GSE41831 sample 2601,2/321,0.8338323207372507,0.9956364650836508,0,0,0.6168582375478927,0.1120972993433411,SOD3;SUGCT,Drug_Perturbations_from_GEO_down,Fibroblasts_UP→DOWNmatch
Drug_Perturbations_from_GEO_down,decitabine DB01262 human GSE29077 sample 2539,2/321,0.8338323207372507,0.9956364650836508,0,0,0.6168582375478927,0.1120972993433411,SCD;COL5A2,Drug_Perturbations_from_GEO_down,Fibroblasts_UP→DOWNmatch
Drug_Perturbations_from_GEO_down,PLX4032 DB05238 human GSE50649 sample 2558,2/323,0.8364016308265857,0.9956364650836508,0,0,0.6129519494005475,0.1095016356039922,CEMIP;CTHRC1,Drug_Perturbations_from_GEO_down,Fibroblasts_UP→DOWNmatch
Drug_Perturbations_from_GEO_down,MEK inhibitor (MEKi -AZD6244) 10127622 human GSE55624 sample 3251,2/326,0.8401886254031672,0.9956364650836508,0,0,0.6071829405162739,0.1057280722124743,NGFR;SCD,Drug_Perturbations_from_GEO_down,Fibroblasts_UP→DOWNmatch
Drug_Perturbations_from_GEO_down,"2,2',4,4',5,5'-Hexachlorobiphenyl   (PCB-153) 37034 human GSE6878 sample 3351",2/326,0.8401886254031672,0.9956364650836508,0,0,0.6071829405162739,0.1057280722124743,SCD;SERPINF1,Drug_Perturbations_from_GEO_down,Fibroblasts_UP→DOWNmatch
Drug_Perturbations_from_GEO_down,ARC (NSC 188491) 302576 human GSE13477 sample 2503,2/329,0.8438964464609883,0.9956364650836508,0,0,0.6015197850060235,0.1020932376564434,EFEMP1;SCD,Drug_Perturbations_from_GEO_down,Fibroblasts_UP→DOWNmatch
Drug_Perturbations_from_GEO_down,vemurafenib DB08881 human GSE37441 sample 2559,2/329,0.8438964464609883,0.9956364650836508,0,0,0.6015197850060235,0.1020932376564434,TTR;THBS2,Drug_Perturbations_from_GEO_down,Fibroblasts_UP→DOWNmatch
Drug_Perturbations_from_GEO_down,temozolomide 5394 human GSE43452 sample 2555,2/329,0.8438964464609883,0.9956364650836508,0,0,0.6015197850060235,0.1020932376564434,CLMP;TIMP4,Drug_Perturbations_from_GEO_down,Fibroblasts_UP→DOWNmatch
Drug_Perturbations_from_GEO_down,vancomycin DB14969 mouse GSE7793 sample 3400,2/330,0.8451150233935748,0.9956364650836508,0,0,0.5996550874599655,0.1009114803598987,C3;NTM,Drug_Perturbations_from_GEO_down,Fibroblasts_UP→DOWNmatch
Drug_Perturbations_from_GEO_down,torcetrapib 159325 human GSE15918 sample 3172,1/187,0.8486625442907818,0.9956364650836508,0,0,0.5299076025287729,0.0869544705517312,FBLN2,Drug_Perturbations_from_GEO_down,Fibroblasts_UP→DOWNmatch
Drug_Perturbations_from_GEO_down,cyclophosphamide 2907 mouse GSE2254 sample 3626,1/187,0.8486625442907818,0.9956364650836508,0,0,0.5299076025287729,0.0869544705517312,TWIST2,Drug_Perturbations_from_GEO_down,Fibroblasts_UP→DOWNmatch
Drug_Perturbations_from_GEO_down,"cytarabine, EC50, 5 d 6253 human GSE6930 sample 3375",3/468,0.8502393260168568,0.9956364650836508,0,0,0.6332077943343704,0.1027299919801332,COL1A2;SCD;OLFML3,Drug_Perturbations_from_GEO_down,Fibroblasts_UP→DOWNmatch
Drug_Perturbations_from_GEO_down,angiotensin II 172198 mouse GSE29145 sample 3216,2/338,0.854558152203153,0.9956364650836508,0,0,0.5851370851370852,0.0919664197032638,EFEMP1;MYOT,Drug_Perturbations_from_GEO_down,Fibroblasts_UP→DOWNmatch
Drug_Perturbations_from_GEO_down,glipizide DB01067 mouse GSE2431 sample 2749,2/338,0.854558152203153,0.9956364650836508,0,0,0.5851370851370852,0.0919664197032638,SERPINF1;MT3,Drug_Perturbations_from_GEO_down,Fibroblasts_UP→DOWNmatch
Drug_Perturbations_from_GEO_down,"cytarabine, EC50, 1 d 6253 human GSE6930 sample 3373",2/339,0.8557010868248487,0.9956364650836508,0,0,0.5833707999880107,0.0909090994355694,SCD;OLFML3,Drug_Perturbations_from_GEO_down,Fibroblasts_UP→DOWNmatch
Drug_Perturbations_from_GEO_down,adenosine triphosphate 5957 human GSE30903 sample 3219,2/341,0.8579625155978091,0.9956364650836508,0,0,0.5798694913739162,0.0888330305147032,CFD;ELANE,Drug_Perturbations_from_GEO_down,Fibroblasts_UP→DOWNmatch
Drug_Perturbations_from_GEO_down,"2,3,7,8-tetrachlorodibenzo-p-dioxin 10852289 mouse GSE2812 sample 3601",1/195,0.8604625122844586,0.9956364650836508,0,0,0.5078485209552919,0.0763221314305349,GPC3,Drug_Perturbations_from_GEO_down,Fibroblasts_UP→DOWNmatch
Drug_Perturbations_from_GEO_down,imatinib DB00619 human GSE19567 sample 2527,2/344,0.8612942744350721,0.9956364650836508,0,0,0.5746943115364168,0.0858128090953673,SCD;COCH,Drug_Perturbations_from_GEO_down,Fibroblasts_UP→DOWNmatch
Drug_Perturbations_from_GEO_down,tretinoin DB00755 human GSE23702 sample 2828,2/348,0.8656258937855025,0.9956364650836508,0,0,0.5679336719799147,0.0819542243223165,MMP2;IQGAP2,Drug_Perturbations_from_GEO_down,Fibroblasts_UP→DOWNmatch
Drug_Perturbations_from_GEO_down,resveratrol DB02709 human GSE25412 sample 3500,2/350,0.8677450959579022,0.9956364650836508,0,0,0.5646116335771508,0.0800942681689198,MME;SLITRK6,Drug_Perturbations_from_GEO_down,Fibroblasts_UP→DOWNmatch
Drug_Perturbations_from_GEO_down,thapsigargin 446378 human GSE19519 sample 3236,1/201,0.8687075091835524,0.9956364650836508,0,0,0.4924623115577889,0.0693134762410876,APELA,Drug_Perturbations_from_GEO_down,Fibroblasts_UP→DOWNmatch
Drug_Perturbations_from_GEO_down,cisplatin DB00515 human GSE47856 sample 3147,1/203,0.8713466499544589,0.9956364650836508,0,0,0.4875366933678292,0.0671413061317208,TNFSF18,Drug_Perturbations_from_GEO_down,Fibroblasts_UP→DOWNmatch
Drug_Perturbations_from_GEO_down,Retinoic acid 444795 human GSE54464 sample 3140,1/204,0.8726463575954879,0.9956364650836508,0,0,0.4851102804663713,0.0660840964756946,SOX2,Drug_Perturbations_from_GEO_down,Fibroblasts_UP→DOWNmatch
Drug_Perturbations_from_GEO_down,"doxorubicin, 2xEC50, 5 d 31703 human GSE6930 sample 3265",3/493,0.8737917599798809,0.9956364650836508,0,0,0.6001243136848649,0.0809646871208032,COL1A2;SCD;OLFML3,Drug_Perturbations_from_GEO_down,Fibroblasts_UP→DOWNmatch
Drug_Perturbations_from_GEO_down,Interferon beta-1a DB00060 human GSE26104 sample 3187,1/206,0.875206707312448,0.9956364650836508,0,0,0.4803284716264248,0.064025471811619,MAL,Drug_Perturbations_from_GEO_down,Fibroblasts_UP→DOWNmatch
Drug_Perturbations_from_GEO_down,quercetin 5280343 rat GSE7479 sample 3409,1/206,0.875206707312448,0.9956364650836508,0,0,0.4803284716264248,0.064025471811619,SCD,Drug_Perturbations_from_GEO_down,Fibroblasts_UP→DOWNmatch
Drug_Perturbations_from_GEO_down,EPZ004777 56962336 human GSE29828 sample 2651,2/362,0.8798311003624991,0.9956364650836508,0,0,0.5454545454545454,0.0698319934567229,CFD;SCD,Drug_Perturbations_from_GEO_down,Fibroblasts_UP→DOWNmatch
Drug_Perturbations_from_GEO_down,vemurafenib DB08881 human GSE37441 sample 2563,2/363,0.8807910560801677,0.9956364650836508,0,0,0.5439156103976048,0.0690418452976269,CEMIP;PLAT,Drug_Perturbations_from_GEO_down,Fibroblasts_UP→DOWNmatch
Drug_Perturbations_from_GEO_down,estradiol DB00783 human GSE1153 sample 2734,1/212,0.8825844796760208,0.9956364650836508,0,0,0.4665269475338779,0.0582695736095748,MT3,Drug_Perturbations_from_GEO_down,Fibroblasts_UP→DOWNmatch
Drug_Perturbations_from_GEO_down,imatinib DB00619 human GSE1922 sample 2516,2/365,0.8826898491750667,0.9956364650836508,0,0,0.5408631772268135,0.06748965730562,ECM1;CFH,Drug_Perturbations_from_GEO_down,Fibroblasts_UP→DOWNmatch
Drug_Perturbations_from_GEO_down,Rapamycin DB00877 human GSE5824 sample 2459,1/213,0.88377119578744,0.9956364650836508,0,0,0.4643026453019816,0.0573678782266818,SCD,Drug_Perturbations_from_GEO_down,Fibroblasts_UP→DOWNmatch
Drug_Perturbations_from_GEO_down,quercetin DB04216 mouse GSE38067 sample 3440,2/373,0.8900098634448151,0.9956364650836508,0,0,0.5289825478504724,0.0616384926054332,UGT3A2;IQGAP2,Drug_Perturbations_from_GEO_down,Fibroblasts_UP→DOWNmatch
Drug_Perturbations_from_GEO_down,imatinib DB00619 human GSE1922 sample 2519,2/374,0.8908946235136624,0.9956364650836508,0,0,0.5275333985011404,0.0609454725527091,TUBB2B;CFH,Drug_Perturbations_from_GEO_down,Fibroblasts_UP→DOWNmatch
Drug_Perturbations_from_GEO_down,PLX4032 DB05238 human GSE24862 sample 2565,2/374,0.8908946235136624,0.9956364650836508,0,0,0.5275333985011404,0.0609454725527091,CEMIP;THBS2,Drug_Perturbations_from_GEO_down,Fibroblasts_UP→DOWNmatch
Drug_Perturbations_from_GEO_down,nilotinib DB04868 human GSE19567 sample 2528,2/377,0.8935096046630641,0.9956364650836508,0,0,0.5232323232323233,0.0589150151393398,SCD;COCH,Drug_Perturbations_from_GEO_down,Fibroblasts_UP→DOWNmatch
Drug_Perturbations_from_GEO_down,cetuximab DB00002 human GSE61495 sample 3136,3/518,0.8940226560308513,0.9956364650836508,0,0,0.5702528214479325,0.0638820943444,EFEMP1;STC2;COL5A2,Drug_Perturbations_from_GEO_down,Fibroblasts_UP→DOWNmatch
Drug_Perturbations_from_GEO_down,Retinoic acid 444795 human GSE23702 sample 3231,2/380,0.8960665178504891,0.9956364650836508,0,0,0.518999518999519,0.0569553342315903,MMP2;IQGAP2,Drug_Perturbations_from_GEO_down,Fibroblasts_UP→DOWNmatch
Drug_Perturbations_from_GEO_down,rosiglitazone DB00412 mouse GSE2431 sample 2808,2/382,0.8977394204922872,0.9956364650836508,0,0,0.5162147793726741,0.0556868915114767,TTR;TMEM176B,Drug_Perturbations_from_GEO_down,Fibroblasts_UP→DOWNmatch
Drug_Perturbations_from_GEO_down,cisplatin DB00515 human GSE47856 sample 3156,1/226,0.8981547293522425,0.9956364650836508,0,0,0.4371859296482412,0.0469594177767252,PMP2,Drug_Perturbations_from_GEO_down,Fibroblasts_UP→DOWNmatch
Drug_Perturbations_from_GEO_down,PRISTANE 15979 mouse GSE17297 sample 3227,1/226,0.8981547293522425,0.9956364650836508,0,0,0.4371859296482412,0.0469594177767252,CFD,Drug_Perturbations_from_GEO_down,Fibroblasts_UP→DOWNmatch
Drug_Perturbations_from_GEO_down,doxorubicin DB00997 human GSE58074 sample 3179,1/227,0.8991848030489484,0.9956364650836508,0,0,0.4352292435629474,0.0462503756786286,CTSK,Drug_Perturbations_from_GEO_down,Fibroblasts_UP→DOWNmatch
Drug_Perturbations_from_GEO_down,5-aza-2'-deoxycytidine DB01262 human GSE5230 sample 2497,1/228,0.9002045097002905,0.9956364650836508,0,0,0.4332897970026343,0.0455531898856198,SCD,Drug_Perturbations_from_GEO_down,Fibroblasts_UP→DOWNmatch
Drug_Perturbations_from_GEO_down,Tamoxifen DB00675 mouse GSE34232 sample 2579,1/231,0.9032024612713536,0.9956364650836508,0,0,0.427572645837885,0.04353054728426,TTYH1,Drug_Perturbations_from_GEO_down,Fibroblasts_UP→DOWNmatch
Drug_Perturbations_from_GEO_down,phenobarbital sodium 23674889 mouse GSE6721 sample 2462,2/389,0.9033999779429196,0.9956364650836508,0,0,0.5066948555320648,0.0514750696599385,TNXB;CXCL14,Drug_Perturbations_from_GEO_down,Fibroblasts_UP→DOWNmatch
Drug_Perturbations_from_GEO_down,arachidonic acid 444899 human GSE3737 sample 3119,1/233,0.9051511368689948,0.9956364650836508,0,0,0.4238433547045572,0.0422374089679661,COL6A2,Drug_Perturbations_from_GEO_down,Fibroblasts_UP→DOWNmatch
Drug_Perturbations_from_GEO_down,Interferon beta-1a DB00060 human GSE26104 sample 3188,1/234,0.906110786202554,0.9956364650836508,0,0,0.4220027174499104,0.0416068092550969,HTRA1,Drug_Perturbations_from_GEO_down,Fibroblasts_UP→DOWNmatch
Drug_Perturbations_from_GEO_down,PLX4032 DB05238 human GSE24862 sample 2570,2/393,0.9065024928377222,0.9956364650836508,0,0,0.5014079413056395,0.0492189550448968,PDGFRA;SLITRK6,Drug_Perturbations_from_GEO_down,Fibroblasts_UP→DOWNmatch
Drug_Perturbations_from_GEO_down,CADMIUM 23973 human GSE9951 sample 3402,2/394,0.9072635059119204,0.9956364650836508,0,0,0.5001030715316429,0.0486712043388947,SERPINE2;THBS2,Drug_Perturbations_from_GEO_down,Fibroblasts_UP→DOWNmatch
Drug_Perturbations_from_GEO_down,Methotrexate DB00563 human GSE11440 sample 3072,1/236,0.9080011970225056,0.9956364650836508,0,0,0.4183684379343526,0.04037656309841,HAPLN1,Drug_Perturbations_from_GEO_down,Fibroblasts_UP→DOWNmatch
Drug_Perturbations_from_GEO_down,Monuron 8800 rat GSE51163 sample 2465,1/237,0.9089321509767926,0.9956364650836508,0,0,0.4165743974107827,0.0397765350942703,OSR2,Drug_Perturbations_from_GEO_down,Fibroblasts_UP→DOWNmatch
Drug_Perturbations_from_GEO_down,fluoxetine DB00472 mouse GSE35765 sample 2500,1/237,0.9089321509767926,0.9956364650836508,0,0,0.4165743974107827,0.0397765350942703,PTGDS,Drug_Perturbations_from_GEO_down,Fibroblasts_UP→DOWNmatch
Drug_Perturbations_from_GEO_down,azathioprine DB00993 human GSE38713 sample 3194,1/239,0.9107660305427376,0.9956364650836508,0,0,0.4130315442760018,0.0386057452722416,SCD,Drug_Perturbations_from_GEO_down,Fibroblasts_UP→DOWNmatch
Drug_Perturbations_from_GEO_down,chlorambucil DB00291 human GSE8832 sample 2691,1/239,0.9107660305427376,0.9956364650836508,0,0,0.4130315442760018,0.0386057452722416,DIRAS3,Drug_Perturbations_from_GEO_down,Fibroblasts_UP→DOWNmatch
Drug_Perturbations_from_GEO_down,resveratrol DB02709 human GSE25412 sample 3501,2/406,0.9159565907923936,0.9956364650836508,0,0,0.4849484948494849,0.0425718366699848,COL12A1;SLITRK6,Drug_Perturbations_from_GEO_down,Fibroblasts_UP→DOWNmatch
Drug_Perturbations_from_GEO_down,lysophosphatidic acid 3988 human GSE26309 sample 3223,1/246,0.9168999781627214,0.9956364650836508,0,0,0.4010870679930263,0.0347970657329219,CEMIP,Drug_Perturbations_from_GEO_down,Fibroblasts_UP→DOWNmatch
Drug_Perturbations_from_GEO_down,HYPOCHLOROUS ACID 24341 mouse GSE15457 sample 3380,1/247,0.9177413070177284,0.9956364650836508,0,0,0.3994362054173305,0.0342874955096515,TUBB2B,Drug_Perturbations_from_GEO_down,Fibroblasts_UP→DOWNmatch
Drug_Perturbations_from_GEO_down,nicotinamide riboside 439924 mouse GSE62194 sample 3469,2/411,0.9193489785899608,0.9956364650836508,0,0,0.4788965449112148,0.0402701668929634,COL5A1;MT3,Drug_Perturbations_from_GEO_down,Fibroblasts_UP→DOWNmatch
Drug_Perturbations_from_GEO_down,estradiol 5757 human GSE53394 sample 2652,1/249,0.9193986219787764,0.9956364650836508,0,0,0.3961744204895445,0.0332927133094415,EFEMP1,Drug_Perturbations_from_GEO_down,Fibroblasts_UP→DOWNmatch
Drug_Perturbations_from_GEO_down,pimecrolimus DB00337 human GSE32473 sample 2574,1/250,0.9202147770397427,0.9956364650836508,0,0,0.3945631773324453,0.0328072112269327,LUM,Drug_Perturbations_from_GEO_down,Fibroblasts_UP→DOWNmatch
Drug_Perturbations_from_GEO_down,Monuron 8800 rat GSE51163 sample 2463,1/254,0.9233979821458576,0.9956364650836508,0,0,0.38824557570461,0.0309412133568371,WISP2,Drug_Perturbations_from_GEO_down,Fibroblasts_UP→DOWNmatch
Drug_Perturbations_from_GEO_down,"3,3',4,4'-Tetrachlorobiphenyl 36187 human GSE6878 sample 3271",1/259,0.927199835240788,0.9956364650836508,0,0,0.380624050484983,0.0287699121504884,GPC3,Drug_Perturbations_from_GEO_down,Fibroblasts_UP→DOWNmatch
Drug_Perturbations_from_GEO_down,VANADIUM PENTOXIDE 14814 human GSE5339 sample 3556,2/424,0.927578663334769,0.9956364650836508,0,0,0.4638326391880894,0.0348698598096496,OSR2;GAS1,Drug_Perturbations_from_GEO_down,Fibroblasts_UP→DOWNmatch
Drug_Perturbations_from_GEO_down,"2,3,7,8-tetrachlorodibenzo-p-dioxin 10852289 mouse GSE2812 sample 3600",1/262,0.9293902019500668,0.9956364650836508,0,0,0.3761913013342575,0.0275472117241262,PTGDS,Drug_Perturbations_from_GEO_down,Fibroblasts_UP→DOWNmatch
Drug_Perturbations_from_GEO_down,ANGIOTENSIN II 172198 mouse GSE17901 sample 3679,1/262,0.9293902019500668,0.9956364650836508,0,0,0.3761913013342575,0.0275472117241262,CORIN,Drug_Perturbations_from_GEO_down,Fibroblasts_UP→DOWNmatch
Drug_Perturbations_from_GEO_down,Bisphenol A 6623 human GSE17624 sample 2664,1/263,0.9301056520470729,0.9956364650836508,0,0,0.3747362768038667,0.0271523019842022,MAL,Drug_Perturbations_from_GEO_down,Fibroblasts_UP→DOWNmatch
Drug_Perturbations_from_GEO_down,gatifloxacin 5379 human GSE9166 sample 2626,1/266,0.9322090093169548,0.9956364650836508,0,0,0.3704370911159571,0.0260040283134818,FSTL1,Drug_Perturbations_from_GEO_down,Fibroblasts_UP→DOWNmatch
Drug_Perturbations_from_GEO_down,cisplatin DB00515 human GSE47856 sample 3145,1/267,0.9328960361865728,0.9956364650836508,0,0,0.3690255790229342,0.0256330754014875,STC2,Drug_Perturbations_from_GEO_down,Fibroblasts_UP→DOWNmatch
Drug_Perturbations_from_GEO_down,Androstanolone 10635 human GSE7868 sample 3411,1/268,0.933576134641518,0.9956364650836508,0,0,0.3676246400542036,0.0252678565445525,PLA2G2A,Drug_Perturbations_from_GEO_down,Fibroblasts_UP→DOWNmatch
Drug_Perturbations_from_GEO_down,vemurafenib 42611257 human GSE42872 sample 2495,1/269,0.934249374162972,0.9956364650836508,0,0,0.3662341558538963,0.024908273642412,CEMIP,Drug_Perturbations_from_GEO_down,Fibroblasts_UP→DOWNmatch
Drug_Perturbations_from_GEO_down,Lipopolysaccharide 11970143 human GSE3140 sample 3595,1/270,0.934915823644066,0.9956364650836508,0,0,0.364854009826082,0.0245542304451752,VCAN,Drug_Perturbations_from_GEO_down,Fibroblasts_UP→DOWNmatch
Drug_Perturbations_from_GEO_down,methotrexate DB00563 human GSE41831 sample 2600,1/270,0.934915823644066,0.9956364650836508,0,0,0.364854009826082,0.0245542304451752,COL9A3,Drug_Perturbations_from_GEO_down,Fibroblasts_UP→DOWNmatch
Drug_Perturbations_from_GEO_down,diclofenac DB00586 human GSE28185 sample 3057,1/273,0.9368751094862604,0.9956364650836508,0,0,0.360774460537984,0.0235244045008293,ELANE,Drug_Perturbations_from_GEO_down,Fibroblasts_UP→DOWNmatch
Drug_Perturbations_from_GEO_down,doxorubicin DB00997 human GSE58074 sample 3180,1/274,0.9375150731680164,0.9956364650836508,0,0,0.3594345353139323,0.0231915943964372,THBS2,Drug_Perturbations_from_GEO_down,Fibroblasts_UP→DOWNmatch
Drug_Perturbations_from_GEO_down,MLN4924 73014187 human GSE30531 sample 2644,1/275,0.9381485807803428,0.9956364650836508,0,0,0.3581043905659685,0.0228638698373387,SOX10,Drug_Perturbations_from_GEO_down,Fibroblasts_UP→DOWNmatch
Drug_Perturbations_from_GEO_down,estradiol DB00783 human GSE1153 sample 2735,2/443,0.9381980548500376,0.9956364650836508,0,0,0.4434137291280148,0.0282872269426218,SERPINE2;L1CAM,Drug_Perturbations_from_GEO_down,Fibroblasts_UP→DOWNmatch
Drug_Perturbations_from_GEO_down,aldosterone 5839 mouse GSE434 sample 3655,1/276,0.938775696982069,0.9956364650836508,0,0,0.3567839195979899,0.0225411451710038,C3,Drug_Perturbations_from_GEO_down,Fibroblasts_UP→DOWNmatch
Drug_Perturbations_from_GEO_down,MLN4924 73014187 human GSE30531 sample 2643,1/276,0.938775696982069,0.9956364650836508,0,0,0.3567839195979899,0.0225411451710038,PLAT,Drug_Perturbations_from_GEO_down,Fibroblasts_UP→DOWNmatch
Drug_Perturbations_from_GEO_down,quercetin DB04216 human GSE15162 sample 3444,1/277,0.9393964860819424,0.9956364650836508,0,0,0.3554730172602141,0.02222333625369,ZNF469,Drug_Perturbations_from_GEO_down,Fibroblasts_UP→DOWNmatch
Drug_Perturbations_from_GEO_down,sulforaphane 5350 human GSE28813 sample 3445,1/280,0.9412215225346408,0.9956364650836508,0,0,0.351596693143135,0.0212985868339215,SCD,Drug_Perturbations_from_GEO_down,Fibroblasts_UP→DOWNmatch
Drug_Perturbations_from_GEO_down,doxorubicin 31703 human GSE13477 sample 2641,1/280,0.9412215225346408,0.9956364650836508,0,0,0.351596693143135,0.0212985868339215,SCD,Drug_Perturbations_from_GEO_down,Fibroblasts_UP→DOWNmatch
Drug_Perturbations_from_GEO_down,bexarotene DB00307 human GSE6914 sample 2680,2/453,0.9431790607013514,0.9956364650836508,0,0,0.4333579699433358,0.0253510643414312,VCAN;SCD,Drug_Perturbations_from_GEO_down,Fibroblasts_UP→DOWNmatch
Drug_Perturbations_from_GEO_down,PBDE 47 95170 human GSE8588 sample 3050,1/284,0.9435701057554372,0.9956364650836508,0,0,0.3465561020650958,0.0201295770735271,MT3,Drug_Perturbations_from_GEO_down,Fibroblasts_UP→DOWNmatch
Drug_Perturbations_from_GEO_down,decitabine DB01262 human GSE29077 sample 2548,1/284,0.9435701057554372,0.9956364650836508,0,0,0.3465561020650958,0.0201295770735271,SCD,Drug_Perturbations_from_GEO_down,Fibroblasts_UP→DOWNmatch
Drug_Perturbations_from_GEO_down,resveratrol DB02709 mouse GSE11291 sample 3504,1/286,0.9447091399823354,0.9956364650836508,0,0,0.3440888653795292,0.0195711509134396,MYOT,Drug_Perturbations_from_GEO_down,Fibroblasts_UP→DOWNmatch
Drug_Perturbations_from_GEO_down,streptozocin DB00428 mouse GSE38067 sample 3439,1/287,0.9452700484438804,0.9956364650836508,0,0,0.3428681870892926,0.0192982079390599,TTR,Drug_Perturbations_from_GEO_down,Fibroblasts_UP→DOWNmatch
Drug_Perturbations_from_GEO_down,Curcumin CID 969516 human GSE10896 sample 3259,2/458,0.945524734785077,0.9956364650836508,0,0,0.4284954811270601,0.0240022732256469,C3;SCD,Drug_Perturbations_from_GEO_down,Fibroblasts_UP→DOWNmatch
Drug_Perturbations_from_GEO_down,VANADIUM PENTOXIDE 14814 human GSE5339 sample 3557,2/461,0.9468877880869976,0.9956364650836508,0,0,0.4256288373935433,0.0232285596447461,OSR2;GAS1,Drug_Perturbations_from_GEO_down,Fibroblasts_UP→DOWNmatch
Drug_Perturbations_from_GEO_down,lapatinib DB01259 human GSE38376 sample 2586,1/291,0.9474576247830658,0.9956364650836508,0,0,0.3380696586380177,0.0182466560691828,SCD,Drug_Perturbations_from_GEO_down,Fibroblasts_UP→DOWNmatch
Drug_Perturbations_from_GEO_down,lysophosphatidic acid 3988 human GSE26309 sample 3224,1/292,0.9479907846194092,0.9956364650836508,0,0,0.3368906387608144,0.0179934966664609,CEMIP,Drug_Perturbations_from_GEO_down,Fibroblasts_UP→DOWNmatch
Drug_Perturbations_from_GEO_down,quercetin 5280343 human GSE13899 sample 3182,1/293,0.9485185609185168,0.9956364650836508,0,0,0.335719694362222,0.0177441022347201,CFD,Drug_Perturbations_from_GEO_down,Fibroblasts_UP→DOWNmatch
Drug_Perturbations_from_GEO_down,lysophosphatidic acid 3988 human GSE26309 sample 3225,1/296,0.9500701265174428,0.9956364650836508,0,0,0.332254492802998,0.0170179022577091,CEMIP,Drug_Perturbations_from_GEO_down,Fibroblasts_UP→DOWNmatch
Drug_Perturbations_from_GEO_down,decitabine DB01262 human GSE29077 sample 2547,1/296,0.9500701265174428,0.9956364650836508,0,0,0.332254492802998,0.0170179022577091,SCD,Drug_Perturbations_from_GEO_down,Fibroblasts_UP→DOWNmatch
Drug_Perturbations_from_GEO_down,methylphenidate DB00422 human GSE52889 sample 3307,1/297,0.950576904100423,0.9956364650836508,0,0,0.3311150346326226,0.0167829665853939,APELA,Drug_Perturbations_from_GEO_down,Fibroblasts_UP→DOWNmatch
Drug_Perturbations_from_GEO_down,PLX4720 CID 24180719 human GSE50791 sample 2506,1/297,0.950576904100423,0.9956364650836508,0,0,0.3311150346326226,0.0167829665853939,SCD,Drug_Perturbations_from_GEO_down,Fibroblasts_UP→DOWNmatch
Drug_Perturbations_from_GEO_down,imatinib DB00619 human GSE1418 sample 2521,1/298,0.9510785632071088,0.9956364650836508,0,0,0.3299832495812395,0.0165515006917235,SERPINE2,Drug_Perturbations_from_GEO_down,Fibroblasts_UP→DOWNmatch
Drug_Perturbations_from_GEO_down,Hodgkin lymphoma CID 148177 human GSE31059 sample 2494,1/298,0.9510785632071088,0.9956364650836508,0,0,0.3299832495812395,0.0165515006917235,MAL,Drug_Perturbations_from_GEO_down,Fibroblasts_UP→DOWNmatch
Drug_Perturbations_from_GEO_down,Triiodothyronine-[13C6] hydrochloride (T3 thyronine) 53442265 human GSE29159 sample 3044,1/300,0.9520667310593706,0.9956364650836508,0,0,0.3277423908841868,0.0160987557282696,CEMIP,Drug_Perturbations_from_GEO_down,Fibroblasts_UP→DOWNmatch
Drug_Perturbations_from_GEO_down,cadmium CID 23973 human GSE20320 sample 2550,1/301,0.9525533412026572,0.9956364650836508,0,0,0.3266331658291457,0.0158773678323264,MFAP5,Drug_Perturbations_from_GEO_down,Fibroblasts_UP→DOWNmatch
Drug_Perturbations_from_GEO_down,lapatinib DB01259 human GSE38376 sample 2585,1/301,0.9525533412026572,0.9956364650836508,0,0,0.3266331658291457,0.0158773678323264,SCD,Drug_Perturbations_from_GEO_down,Fibroblasts_UP→DOWNmatch
Drug_Perturbations_from_GEO_down,vancomycin DB14969 mouse GSE7793 sample 3398,1/302,0.9530350356395972,0.9956364650836508,0,0,0.325531311040251,0.0156592320358693,MAL,Drug_Perturbations_from_GEO_down,Fibroblasts_UP→DOWNmatch
Drug_Perturbations_from_GEO_down,vemurafenib DB08881 human GSE63790 sample 2509,1/306,0.9549136361159888,0.9956364650836508,0,0,0.3211961446577148,0.0148181837000505,SERPINE2,Drug_Perturbations_from_GEO_down,Fibroblasts_UP→DOWNmatch
Drug_Perturbations_from_GEO_down,Methylphenidate DB00422 mouse GSE33619 sample 2499,1/306,0.9549136361159888,0.9956364650836508,0,0,0.3211961446577148,0.0148181837000505,PENK,Drug_Perturbations_from_GEO_down,Fibroblasts_UP→DOWNmatch
Drug_Perturbations_from_GEO_down,doxycycline DB00254 mouse GSE29848 sample 3208,1/309,0.9562733432799236,0.9956364650836508,0,0,0.3180186647523331,0.0142190860802117,SOX2,Drug_Perturbations_from_GEO_down,Fibroblasts_UP→DOWNmatch
Drug_Perturbations_from_GEO_down,ursodeoxycholic acid 31401 mouse GSE21266 sample 2492,1/309,0.9562733432799236,0.9956364650836508,0,0,0.3180186647523331,0.0142190860802117,THBS4,Drug_Perturbations_from_GEO_down,Fibroblasts_UP→DOWNmatch
Drug_Perturbations_from_GEO_down,azacitidine DB00928 human GSE29077 sample 2545,1/310,0.9567174492841332,0.9956364650836508,0,0,0.3169732155925257,0.0140251701108881,SCD,Drug_Perturbations_from_GEO_down,Fibroblasts_UP→DOWNmatch
Drug_Perturbations_from_GEO_down,"3,3',4,4'-Tetrachlorobiphenyl 36187 human GSE6878 sample 3272",1/310,0.9567174492841332,0.9956364650836508,0,0,0.3169732155925257,0.0140251701108881,GPC3,Drug_Perturbations_from_GEO_down,Fibroblasts_UP→DOWNmatch
Drug_Perturbations_from_GEO_down,5-Fluorouracil 3385 mouse GSE1559 sample 3637,1/311,0.9571570669188264,0.9956364650836508,0,0,0.3159345112660074,0.0138340698418811,TMEM176B,Drug_Perturbations_from_GEO_down,Fibroblasts_UP→DOWNmatch
Drug_Perturbations_from_GEO_down,quercetin DB04216 mouse GSE4262 sample 3430,1/312,0.9575922411690538,0.9956364650836508,0,0,0.3149024867100777,0.0136457409844075,CPB1,Drug_Perturbations_from_GEO_down,Fibroblasts_UP→DOWNmatch
Drug_Perturbations_from_GEO_down,"3,3',4,4'-Tetrachlorobiphenyl 36187 human GSE6878 sample 3273",1/312,0.9575922411690538,0.9956364650836508,0,0,0.3149024867100777,0.0136457409844075,SCD,Drug_Perturbations_from_GEO_down,Fibroblasts_UP→DOWNmatch
Drug_Perturbations_from_GEO_down,rituximab DB00073 human GSE15490 sample 2577,1/313,0.9580230168337824,0.9956364650836508,0,0,0.3138770776961732,0.0134601399329033,SERPINF1,Drug_Perturbations_from_GEO_down,Fibroblasts_UP→DOWNmatch
Drug_Perturbations_from_GEO_down,Fasudil 3547 mouse GSE25829 sample 3275,2/490,0.9584964356621972,0.9956364650836508,0,0,0.3997350554727604,0.0169445432173959,IQGAP2;SCG2,Drug_Perturbations_from_GEO_down,Fibroblasts_UP→DOWNmatch
Drug_Perturbations_from_GEO_down,resveratrol DB02709 human GSE36930 sample 3497,1/315,0.9588715485892972,0.9956364650836508,0,0,0.3118458534711775,0.013096950847792,SNCA,Drug_Perturbations_from_GEO_down,Fibroblasts_UP→DOWNmatch
Drug_Perturbations_from_GEO_down,cisplatin DB00515 human GSE6410 sample 2532,1/315,0.9588715485892972,0.9956364650836508,0,0,0.3118458534711775,0.013096950847792,SCD,Drug_Perturbations_from_GEO_down,Fibroblasts_UP→DOWNmatch
Drug_Perturbations_from_GEO_down,rosiglitazone DB00412 mouse GSE10192 sample 2812,1/317,0.9597030110338308,0.9956364650836508,0,0,0.3098403409452325,0.0127441688243415,PENK,Drug_Perturbations_from_GEO_down,Fibroblasts_UP→DOWNmatch
Drug_Perturbations_from_GEO_down,grepafloxacin 72474 human GSE9166 sample 2627,2/495,0.9602360238171072,0.9956364650836508,0,0,0.395578503083574,0.0160510592427553,FSTL1;CES1,Drug_Perturbations_from_GEO_down,Fibroblasts_UP→DOWNmatch
Drug_Perturbations_from_GEO_down,type II IFN (IFN-gamma1b) DB00033 human GSE5542 sample 2477,1/321,0.9613160876774778,0.9956364650836508,0,0,0.3059045226130653,0.0120685478922295,SERPINE2,Drug_Perturbations_from_GEO_down,Fibroblasts_UP→DOWNmatch
Drug_Perturbations_from_GEO_down,MEK inhibitor (MEKi -AZD6244) 10127622 human GSE55624 sample 3250,1/325,0.9628648992116902,0.9956364650836508,0,0,0.3020658849804578,0.011430828148476,NGFR,Drug_Perturbations_from_GEO_down,Fibroblasts_UP→DOWNmatch
Drug_Perturbations_from_GEO_down,sangivamycin (NSC 65346) 14978 human GSE13477 sample 2504,1/330,0.9647144128791107,0.9956364650836508,0,0,0.2973988483450688,0.0106835083895974,SCD,Drug_Perturbations_from_GEO_down,Fibroblasts_UP→DOWNmatch
Drug_Perturbations_from_GEO_down,ciprofloxacin 2764 human GSE9166 sample 2624,1/332,0.9654282884258604,0.9956364650836508,0,0,0.2955715131548984,0.0103992267072768,FSTL1,Drug_Perturbations_from_GEO_down,Fibroblasts_UP→DOWNmatch
Drug_Perturbations_from_GEO_down,HYPOCHLOROUS ACID 24341 mouse GSE15457 sample 3385,1/333,0.9657798182021264,0.9956364650836508,0,0,0.2946661015922988,0.0102600975112703,LRP1,Drug_Perturbations_from_GEO_down,Fibroblasts_UP→DOWNmatch
Drug_Perturbations_from_GEO_down,vemurafenib DB08881 human GSE37441 sample 2561,1/335,0.966472242740861,0.9956364650836508,0,0,0.2928715433454699,0.0099877104116415,CEMIP,Drug_Perturbations_from_GEO_down,Fibroblasts_UP→DOWNmatch
Drug_Perturbations_from_GEO_down,Retinoic acid 444795 human GSE23702 sample 3233,1/340,0.9681429121295276,0.9956364650836508,0,0,0.2884777871659181,0.0093396316683035,MMP2,Drug_Perturbations_from_GEO_down,Fibroblasts_UP→DOWNmatch
Drug_Perturbations_from_GEO_down,Lipopolysaccharide 11970143 mouse GSE2002 sample 3603,1/343,0.9691052748822838,0.9956364650836508,0,0,0.2859032002115842,0.0089722228585131,LRP1,Drug_Perturbations_from_GEO_down,Fibroblasts_UP→DOWNmatch
Drug_Perturbations_from_GEO_down,Bisphenol A 6623 human GSE17624 sample 2655,1/346,0.97003870453275,0.9956364650836508,0,0,0.2833733886825431,0.0086200220211228,MAL,Drug_Perturbations_from_GEO_down,Fibroblasts_UP→DOWNmatch
Drug_Perturbations_from_GEO_down,EPZ004777 56962336 human GSE29828 sample 2649,1/352,0.9718222009700148,0.9956364650836508,0,0,0.2784434995490272,0.0079585868413464,SCD,Drug_Perturbations_from_GEO_down,Fibroblasts_UP→DOWNmatch
Drug_Perturbations_from_GEO_down,Leptin DB05098 mouse GSE3293 sample 3592,1/353,0.9721090034470656,0.9956364650836508,0,0,0.2776381909547739,0.0078536451674617,UGT3A2,Drug_Perturbations_from_GEO_down,Fibroblasts_UP→DOWNmatch
Drug_Perturbations_from_GEO_down,imatinib DB00619 human GSE23743 sample 2763,1/354,0.9723929008190164,0.9956364650836508,0,0,0.2768374450154455,0.0077501576356843,ECM1,Drug_Perturbations_from_GEO_down,Fibroblasts_UP→DOWNmatch
Drug_Perturbations_from_GEO_down,apratoxin A 6326668 human GSE2742 sample 3070,1/354,0.9723929008190164,0.9956364650836508,0,0,0.2768374450154455,0.0077501576356843,SCD,Drug_Perturbations_from_GEO_down,Fibroblasts_UP→DOWNmatch
Drug_Perturbations_from_GEO_down,decitabine DB01262 human GSE29077 sample 2546,1/357,0.973227454504738,0.9956364650836508,0,0,0.2744621986336175,0.0074482063669482,SCD,Drug_Perturbations_from_GEO_down,Fibroblasts_UP→DOWNmatch
Drug_Perturbations_from_GEO_down,Retinoic acid 444795 human GSE23702 sample 3232,1/363,0.974821988530878,0.9956364650836508,0,0,0.2698298120436436,0.0068807682790951,MMP2,Drug_Perturbations_from_GEO_down,Fibroblasts_UP→DOWNmatch
Drug_Perturbations_from_GEO_down,Vincristine 5978 human GSE7556 sample 3092,1/367,0.9758321428247156,0.9956364650836508,0,0,0.2668259329434055,0.0065278143126657,COL5A2,Drug_Perturbations_from_GEO_down,Fibroblasts_UP→DOWNmatch
Drug_Perturbations_from_GEO_down,calcitriol 5280453 human GSE52819 sample 3126,1/370,0.9765631982536804,0.9956364650836508,0,0,0.2646157617355068,0.0062755775532453,VCAN,Drug_Perturbations_from_GEO_down,Fibroblasts_UP→DOWNmatch
Drug_Perturbations_from_GEO_down,Aplidin 56928089 human GSE5681 sample 2598,1/370,0.9765631982536804,0.9956364650836508,0,0,0.2646157617355068,0.0062755775532453,SCD,Drug_Perturbations_from_GEO_down,Fibroblasts_UP→DOWNmatch
Drug_Perturbations_from_GEO_down,doxycycline DB00254 mouse GSE29848 sample 3207,1/375,0.977733041561586,0.9956364650836508,0,0,0.2610109370381318,0.0058776034569966,STMN2,Drug_Perturbations_from_GEO_down,Fibroblasts_UP→DOWNmatch
Drug_Perturbations_from_GEO_down,EPZ004777 56962336 human GSE29828 sample 2650,1/376,0.977959941572594,0.9956364650836508,0,0,0.2603015075376884,0.0058012275927266,SCD,Drug_Perturbations_from_GEO_down,Fibroblasts_UP→DOWNmatch
Drug_Perturbations_from_GEO_down,imatinib DB00619 mouse GSE30883 sample 2523,1/378,0.9784068619537668,0.9956364650836508,0,0,0.2588939391919811,0.0056515721544826,TMEM119,Drug_Perturbations_from_GEO_down,Fibroblasts_UP→DOWNmatch
Drug_Perturbations_from_GEO_down,Etanercept DB00005 human GSE36177 sample 2597,1/379,0.9786269285538292,0.9956364650836508,0,0,0.2581957406078009,0.0055782629677402,CFD,Drug_Perturbations_from_GEO_down,Fibroblasts_UP→DOWNmatch
Drug_Perturbations_from_GEO_down,diclofenac DB00586 human GSE28185 sample 3058,1/379,0.9786269285538292,0.9956364650836508,0,0,0.2581957406078009,0.0055782629677402,ELANE,Drug_Perturbations_from_GEO_down,Fibroblasts_UP→DOWNmatch
Drug_Perturbations_from_GEO_down,trovafloxacin 62959 human GSE9166 sample 2623,1/381,0.9790603882841123,0.9956364650836508,0,0,0.2568103676276117,0.0054346093696722,SCD,Drug_Perturbations_from_GEO_down,Fibroblasts_UP→DOWNmatch
Drug_Perturbations_from_GEO_down,curcumin 969516 human GSE10896 sample 3408,1/385,0.9799012369709302,0.9956364650836508,0,0,0.2540829145728643,0.005158770168551,CES1,Drug_Perturbations_from_GEO_down,Fibroblasts_UP→DOWNmatch
Drug_Perturbations_from_GEO_down,Lapatinib DB01259 human GSE16179 sample 2581,1/386,0.9801061448426408,0.9956364650836508,0,0,0.2534099066762383,0.0050921205656449,SCD,Drug_Perturbations_from_GEO_down,Fibroblasts_UP→DOWNmatch
Drug_Perturbations_from_GEO_down,Bisphenol A 6623 human GSE17624 sample 2656,1/388,0.9805097446270858,0.9956364650836508,0,0,0.2520743251139418,0.0049615020506639,MAL,Drug_Perturbations_from_GEO_down,Fibroblasts_UP→DOWNmatch
Drug_Perturbations_from_GEO_down,"2,2',4,4',5,5'-Hexachlorobiphenyl   (PCB-153) 37034 human GSE6878 sample 3349",1/389,0.980708478296953,0.9956364650836508,0,0,0.2514116976635756,0.0048975077831457,COCH,Drug_Perturbations_from_GEO_down,Fibroblasts_UP→DOWNmatch
Drug_Perturbations_from_GEO_down,apratoxin A 6326668 human GSE2742 sample 3071,1/389,0.980708478296953,0.9956364650836508,0,0,0.2514116976635756,0.0048975077831457,SCD,Drug_Perturbations_from_GEO_down,Fibroblasts_UP→DOWNmatch
Drug_Perturbations_from_GEO_down,azacitidine DB00928 human GSE29077 sample 2544,1/392,0.9812926606837904,0.9956364650836508,0,0,0.2494441517048156,0.0047106368070477,SCD,Drug_Perturbations_from_GEO_down,Fibroblasts_UP→DOWNmatch
Drug_Perturbations_from_GEO_down,azacitidine DB00928 human GSE29077 sample 2542,1/392,0.9812926606837904,0.9956364650836508,0,0,0.2494441517048156,0.0047106368070477,SCD,Drug_Perturbations_from_GEO_down,Fibroblasts_UP→DOWNmatch
Drug_Perturbations_from_GEO_down,PLX4032 DB05238 human GSE24862 sample 2567,1/393,0.9814834490884822,0.9956364650836508,0,0,0.2487949953850887,0.0046500103797915,PLAT,Drug_Perturbations_from_GEO_down,Fibroblasts_UP→DOWNmatch
Drug_Perturbations_from_GEO_down,5-Fluorouracil 3385 mouse GSE1559 sample 3639,1/398,0.9824087330708662,0.9956364650836508,0,0,0.2455982684201866,0.0043588368325217,TMEM176B,Drug_Perturbations_from_GEO_down,Fibroblasts_UP→DOWNmatch
Drug_Perturbations_from_GEO_down,Fasudil 3547 mouse GSE25829 sample 3274,2/593,0.9830860309777236,0.9956364650836508,0,0,0.3283084653643029,0.0056004971892495,SOX2;SCG2,Drug_Perturbations_from_GEO_down,Fibroblasts_UP→DOWNmatch
Drug_Perturbations_from_GEO_down,paclitaxel 36314 human GSE12791 sample 3238,1/409,0.9842855528222344,0.9956364650836508,0,0,0.2388412651492757,0.0037830612714729,PLAT,Drug_Perturbations_from_GEO_down,Fibroblasts_UP→DOWNmatch
Drug_Perturbations_from_GEO_down,MK-886 CID 3651377 human GSE3202 sample 3192,1/418,0.9856718551769792,0.9956364650836508,0,0,0.233577961751202,0.0033709466564,COCH,Drug_Perturbations_from_GEO_down,Fibroblasts_UP→DOWNmatch
Drug_Perturbations_from_GEO_down,nitric oxide 145068 human GSE13887 sample 3181,1/442,0.9888018759679952,0.9956364650836508,0,0,0.2205927597169521,0.0024841601560855,MAL,Drug_Perturbations_from_GEO_down,Fibroblasts_UP→DOWNmatch
Drug_Perturbations_from_GEO_down,"2,2',4,4',5,5'-Hexachlorobiphenyl   (PCB-153) 37034 human GSE6878 sample 3350",1/442,0.9888018759679952,0.9956364650836508,0,0,0.2205927597169521,0.0024841601560855,COCH,Drug_Perturbations_from_GEO_down,Fibroblasts_UP→DOWNmatch
Drug_Perturbations_from_GEO_down,5-Fluorouracil 3385 mouse GSE1559 sample 3640,1/444,0.9890296824438556,0.9956364650836508,0,0,0.2195741688124595,0.0024221084338096,TMEM176B,Drug_Perturbations_from_GEO_down,Fibroblasts_UP→DOWNmatch
Drug_Perturbations_from_GEO_down,trovafloxacin 62959 human GSE9166 sample 2629,1/459,0.9905974436544022,0.9956364650836508,0,0,0.2122182967237936,0.0020048346178929,FSTL1,Drug_Perturbations_from_GEO_down,Fibroblasts_UP→DOWNmatch
Drug_Perturbations_from_GEO_down,clinafloxacin 60063 human GSE9166 sample 2625,1/470,0.991603441525682,0.9956364650836508,0,0,0.2071230352187376,0.0017464631205481,FSTL1,Drug_Perturbations_from_GEO_down,Fibroblasts_UP→DOWNmatch
Drug_Perturbations_from_GEO_down,estradiol 5757 mouse GSE2889 sample 3607,1/475,0.9920245671614012,0.9956364650836508,0,0,0.2048851854207747,0.0016405990106176,TMEM176B,Drug_Perturbations_from_GEO_down,Fibroblasts_UP→DOWNmatch
Drug_Perturbations_from_GEO_down,HYPOCHLOROUS ACID 24341 mouse GSE15457 sample 3386,1/490,0.9931659031355522,0.9956364650836508,0,0,0.1984462188241822,0.0013608561077865,LRP1,Drug_Perturbations_from_GEO_down,Fibroblasts_UP→DOWNmatch
Drug_Perturbations_from_GEO_down,dactinomycin DB00970 mouse GSE5324 sample 2701,1/522,0.9950860135915632,0.9960841134751162,0,0,0.185948938550719,0.0009160030176810352,GAS1,Drug_Perturbations_from_GEO_down,Fibroblasts_UP→DOWNmatch
Drug_Perturbations_from_GEO_down,dactinomycin DB00970 mouse GSE5324 sample 2700,1/544,0.9960841134751162,0.9960841134751162,0,0,0.1782114994863821,0.000699225949412397,GAS1,Drug_Perturbations_from_GEO_down,Fibroblasts_UP→DOWNmatch
